--
-- Script was generated by Devart dbForge Data Generator for MySQL, Version 2.4.287.0
-- Product Home Page: http://www.devart.com/dbforge/mysql/data-generator
-- Script date 11/22/2020 1:17:06 PM
-- Target server version: 8.0.22
-- Target connection string: User Id=student;Host=localhost;Character Set=utf8
--



SET NAMES 'utf8';
USE CleanAndGo;
--
-- Delete data from the table 'SupplierTransaction'
--
TRUNCATE TABLE SupplierTransaction;
--
-- Delete data from the table 'SupplierProduct'
--
TRUNCATE TABLE SupplierProduct;
--
-- Delete data from the table 'PaymentInfo'
--
TRUNCATE TABLE PaymentInfo;
--
-- Delete data from the table 'Expense'
--
TRUNCATE TABLE Expense;
--
-- Delete data from the table 'Equipment'
--
TRUNCATE TABLE Equipment;
--
-- Delete data from the table 'EmployeeShift'
--
TRUNCATE TABLE EmployeeShift;
--
-- Delete data from the table 'CustomerUseInventory'
--
TRUNCATE TABLE CustomerUseInventory;
--
-- Delete data from the table 'CleaningSupply'
--
TRUNCATE TABLE CleaningSupply;
--
-- Delete data from the table 'Account'
--
TRUNCATE TABLE Account;
--
-- Delete data from the table 'Employee'
--
DELETE FROM Employee;
--
-- Delete data from the table 'CustomerTransaction'
--
DELETE FROM CustomerTransaction;
--
-- Delete data from the table 'User'
--
DELETE FROM User;
--
-- Delete data from the table 'Supplier'
--
DELETE FROM Supplier;
--
-- Delete data from the table 'Service'
--
DELETE FROM Service;
--
-- Delete data from the table 'Schedule'
--
DELETE FROM Schedule;
--
-- Delete data from the table 'Position'
--
DELETE FROM Position;
--
-- Delete data from the table 'Inventory'
--
DELETE FROM Inventory;
--
-- Delete data from the table 'ExpenseType'
--
DELETE FROM ExpenseType;
--
-- Delete data from the table 'EquipmentMaintenanceSchedule'
--
DELETE FROM EquipmentMaintenanceSchedule;
--
-- Delete data from the table 'Customer'
--
DELETE FROM Customer;

--
-- Inserting data into table Customer
--
INSERT INTO Customer(CustomerID, FirstName, LastName, Address, Email, PhoneNumber, Balance) VALUES
(1, 'Norris', 'Mclaurin', '3170 Chapel Hill Ave', 'NorrisCalderon@example.com', 1481198086, 478598),
(2, 'Lanny', 'Kirk', '28 W Sharp Hill Parkway', 'TaggartY@example.com', 1924889483, 957869),
(3, 'Darron', 'Pepper', '3853 W Monument Ln', 'JoeannPHuang@example.com', 1605270027, 654303),
(4, 'Adan', 'Mclean', '1514 Rose Hill Drive', 'Ada_Anglin6@nowhere.com', 1598094593, 472443),
(5, 'Trish', 'Mcclelland', '2270 NW Mountain Circle', 'LoydBranham258@example.com', 1736144324, 317410),
(6, 'Reyna', 'Perales', '32 Church Parkway', 'oytxgpgm.ebekzhq@example.com', 1676205073, 858247),
(7, 'Lorene', 'Mclemore', '3097 N Fox Hill Lane', 'SamuelGunn@example.com', 1867233406, 566),
(8, 'Erin', 'Bronson', '346 Prospect Hill Rd', 'Burgos@nowhere.com', 1266490633, 914),
(9, 'Chrissy', 'Kirkland', '38 New Fox Hill Drive', 'Moreno@nowhere.com', 1936396938, 446666),
(10, 'Erin', 'Valle', '1770 Fox Hill Ct', 'GerryBarrow@example.com', 2121387719, 500518),
(11, 'Alphonso', 'Peralta', '644 NE Ski Hill Pkwy', 'tsredn9393@example.com', 1591275505, 658848),
(12, 'Minh', 'Shelley', '3723 Monument Lane', 'Iliana.Acevedo52@example.com', 1173600226, 30),
(13, 'Alina', 'Vallejo', '3066 SW Riverside Lane', 'FlorencioF_Marlow7@nowhere.com', 2038411555, 816964),
(14, 'Ira', 'Mclendon', '3188 NW Ski Hill Street', 'Enoch_Tillery@nowhere.com', 1306104926, 37728),
(15, 'Celia', 'Mcclendon', '87 NW Chapel Hill Pkwy', 'MorrisAbraham@example.com', 1570621498, 13),
(16, 'Archie', 'Perdue', '969 W Ski Hill Highway', 'DinoJaeger742@example.com', 1694935470, 632882),
(17, 'Stefan', 'Gracia', '3721 Ashwood Lane', 'Rigby@example.com', 1278838282, 463105),
(18, 'Annalee', 'Dugger', '12 South Hope Parkway', 'Houser@example.com', 1118519507, 621695),
(19, 'Deetta', 'Mcleod', '714 White Fox Hill Court', 'AdanHuerta523@example.com', 1557805912, 5),
(20, 'Lorenzo', 'Grady', '254 W Fox Hill Loop', 'CharlieNoriega688@example.com', 1515402898, 311287),
(21, 'Eugenie', 'Duke', '908 New Ashwood Highway', 'Abrams@example.com', 1137433097, 8175),
(22, 'Nydia', 'Graf', '900 NW Riddle Hill Drive', 'fazsmgzr.vbbx@example.com', 1197494559, 3433),
(23, 'Bryon', 'Shelton', '244 Cedar Tree Dr', 'Cota424@example.com', 1186292111, 751115),
(24, 'Alexia', 'Pereira', '1701 3rd Avenue', 'kqavbr3100@example.com', 1552338120, 646),
(25, 'Tyron', 'Mcmahan', '38 Riverview Lane', 'Brant.Abreu@example.com', 1740483513, 93069),
(26, 'Abe', 'Kirkpatrick', '2641 West Brentwood Parkway', 'sneygl8904@example.com', 2085148098, 446039),
(27, 'Lorrine', 'Valles', '34 White Glenwood Blvd', 'stnhpti6@nowhere.com', 1849233732, 423040),
(28, 'Madeleine', 'Perez', '3116 NE Social Ln', 'Fortner@nowhere.com', 1465351866, 781223),
(29, 'Erwin', 'Mcmahon', '3962 Red Mount Blvd', 'Mccue@example.com', 1345298124, 464669),
(30, 'Velia', 'Perkins', '604 White Hope Blvd', 'LeighP_Redding7@example.com', 1114809936, 488355),
(31, 'Jarrod', 'Shepard', '212 Farmview Way', 'Montoya@nowhere.com', 2000294218, 986231),
(32, 'Amada', 'Ambrose', '2582 Ashwood Pkwy', 'Abney@nowhere.com', 1497297084, 622),
(33, 'Ashley', 'Mcmanus', '1252 West Rockwood Pkwy', 'Zack_Mcnair199@example.com', 1459512596, 793347),
(34, 'Darell', 'Mcclintock', '26 2nd Avenue', 'mlocd761@example.com', 1252950620, 981371),
(35, 'Devon', 'Van', '2681 Flintwood Loop', 'Slone@nowhere.com', 1647824699, 416185),
(36, 'Myles', 'Kirkwood', '2448 Riverside Parkway', 'Mac_Amaya79@nowhere.com', 1351717828, 4),
(37, 'Abel', 'Shephard', '1195 Prospect Hill Highway', 'Roush@example.com', 1721850526, 728023),
(38, 'Brain', 'Brooks', '415 Riverside Ln', 'Acosta@example.com', 2057851255, 97),
(39, 'Venice', 'Vanburen', '730 Market Parkway', 'Williford893@example.com', 1804742920, 923658),
(40, 'Alejandra', 'Shepherd', '796 Red Hunting Hill Road', 'AbernathyF@nowhere.com', 1539091509, 150756),
(41, 'Alda', 'Mccloskey', '63 NW Edgewood Hwy', 'Baugh@example.com', 2062077089, 57),
(42, 'Charlie', 'Kiser', '3979 Hidden Market Rd', 'Sharpe26@example.com', 1226198206, 3087),
(43, 'Brant', 'Vance', '2183 S Bayview Court', 'MichalEdmond@example.com', 1258217605, 53),
(44, 'Doretha', 'Ames', '513 Prospect Hill Ave', 'Perryman455@nowhere.com', 1906063799, 382),
(45, 'Cristy', 'Perreault', '60 NW Rushwood Highway', 'vbzbfpb0034@nowhere.com', 1710109120, 243),
(46, 'Katheleen', 'Mccloud', '1518 3rd Parkway', 'Aguilera912@nowhere.com', 1320684541, 941203),
(47, 'Alton', 'Dukes', '2541 Mountain Cir', 'Forrest718@nowhere.com', 1120013323, 577086),
(48, 'Bernardo', 'Mcmaster', '252 Deepwood Blvd', 'Drew_Brennan3@nowhere.com', 1283043440, 452752),
(49, 'Sheldon', 'Sheppard', '2788 Riverview Avenue', 'Stiltner@example.com', 1898998591, 68801),
(50, 'Adelaida', 'Perrin', '1193 Glenwood Rd', 'Rock@example.com', 1944545906, 547090);

--
-- Inserting data into table EquipmentMaintenanceSchedule
--
INSERT INTO EquipmentMaintenanceSchedule(EquipmentMaintenanceScheduleID, Name, NextMaintenanceDate, MaintenancePeriod, LastMaintenance, Cost) VALUES
(1, 'Burton92', '2023-01-16', '1977-08-16', '2015-01-01', 850.62),
(2, 'Andrade718', '2021-01-22', '1977-10-21', '2019-04-18', 702.93),
(3, 'Stacy1964', '2024-09-28', '1970-01-07', '2020-07-17', 571.89),
(4, 'Amaya5', '2021-02-28', '2012-01-17', '2019-02-08', 312.77),
(5, 'Ziegler1974', '2023-02-09', '1978-08-01', '2017-04-19', 443.06),
(6, 'Abbie966', '2024-03-11', '2009-01-19', '2020-06-26', 333.43),
(7, 'Ardis759', '2024-09-27', '1972-03-12', '2015-04-01', 322.22),
(8, 'Alita8', '2020-11-29', '2013-09-14', '2015-01-06', 648.61),
(9, 'Dung261', '2020-11-30', '1974-05-26', '2015-01-09', 487.88),
(10, 'Aleta1974', '2021-09-11', '1983-09-14', '2017-06-19', 735.84),
(11, 'Adan1', '2023-08-05', '2014-03-23', '2015-03-04', 878.53),
(12, 'Haggard354', '2022-07-19', '1970-01-10', '2018-03-29', 232.19),
(13, 'Abby9', '2022-05-23', '1970-10-26', '2018-11-25', 757.36),
(14, 'Loper2', '2021-07-08', '1982-03-27', '2020-06-28', 506.74),
(15, 'Amos775', '2025-09-07', '1987-08-27', '2018-08-18', 788.12),
(16, 'Chism1993', '2020-11-25', '1995-10-10', '2015-01-11', 644.58),
(17, 'Mikki1989', '2021-05-08', '2010-07-17', '2015-01-06', 419.36),
(18, 'Hollingsworth1960', '2023-06-06', '1976-12-13', '2018-12-19', 403.5),
(19, 'Lauryn1995', '2022-08-22', '1970-01-07', '2016-06-10', 989.13),
(20, 'Heller96', '2020-11-29', '1984-01-12', '2015-02-12', 630.7),
(21, 'Andre1968', '2025-01-04', '1995-04-11', '2017-01-19', 982.53),
(22, 'Alissa336', '2022-07-24', '1977-02-28', '2016-01-26', 568.79),
(23, 'Tajuana4', '2025-08-15', '1988-03-12', '2018-09-07', 194.56),
(24, 'Odessa2019', '2022-06-13', '1984-02-05', '2016-05-18', 761.27),
(25, 'Elbert135', '2025-02-18', '1996-09-26', '2015-03-01', 754.69),
(26, 'Myrtis1999', '2025-07-15', '1970-04-11', '2016-02-26', 642.69),
(27, 'Forest2020', '2021-04-19', '2003-05-12', '2015-03-27', 793.61),
(28, 'Upshaw738', '2020-11-29', '1996-02-22', '2017-06-11', 871.12),
(29, 'Galen39', '2021-02-05', '1993-01-14', '2019-02-23', 113.31),
(30, 'Adolph94', '2024-01-17', '1984-04-25', '2018-12-11', 412.74),
(31, 'Ramiro594', '2024-11-14', '1977-01-14', '2015-01-04', 393.88),
(32, 'Jeanetta1992', '2022-02-02', '1979-02-12', '2015-04-07', 135.4),
(33, 'Abel1975', '2025-05-18', '2018-11-08', '2015-01-25', 693.87),
(34, 'Sterling28', '2021-07-25', '2020-01-25', '2015-01-09', 528.5),
(35, 'Kylie2018', '2025-11-07', '1986-05-30', '2016-10-07', 599.88),
(36, 'Matilda2028', '2024-06-09', '1990-11-11', '2015-01-03', 614.46),
(37, 'Evers523', '2023-06-27', '1993-11-15', '2016-07-15', 698.28),
(38, 'Jameson168', '2022-01-06', '1972-01-31', '2017-05-14', 698.83),
(39, 'Saylor813', '2025-06-03', '1992-06-29', '2020-06-25', 472.45),
(40, 'Marquis2014', '2022-02-05', '2019-01-01', '2019-07-07', 429.22),
(41, 'Adan189', '2021-01-26', '2006-02-28', '2015-08-28', 320.27),
(42, 'Stillwell825', '2020-11-22', '1970-01-08', '2019-11-03', 556.13),
(43, 'Odette2005', '2024-12-23', '1981-09-10', '2019-03-12', 147.83),
(44, 'Riggins2021', '2024-01-01', '1987-09-01', '2017-03-07', 546.93),
(45, 'Tamatha139', '2022-05-06', '1995-10-08', '2016-07-15', 530.46),
(46, 'Rena2018', '2023-01-27', '1970-04-02', '2018-10-31', 988.3),
(47, 'Margarette849', '2021-05-08', '1981-11-08', '2015-01-07', 854.96),
(48, 'Adaline1972', '2022-05-06', '2003-05-15', '2015-01-10', 831.77),
(49, 'Abraham5', '2020-12-01', '1982-01-31', '2020-11-04', 989.36),
(50, 'Turpin89', '2024-08-16', '1971-04-21', '2018-07-26', 253.3);

--
-- Inserting data into table ExpenseType
--
INSERT INTO ExpenseType(ExpenseTypeID, Name) VALUES
(1, 'Carlena2007'),
(2, 'Abreu1993'),
(3, 'Danica8'),
(4, 'Tomas1991'),
(5, 'Barb637'),
(6, 'Chaya394'),
(7, 'Jamie1981'),
(8, 'Adolfo1976'),
(9, 'Tuck1978'),
(10, 'Armando891'),
(11, 'Elder964'),
(12, 'Cyril7'),
(13, 'Manning2019'),
(14, 'Abrams561'),
(15, 'Bradford1968'),
(16, 'Johnson166'),
(17, 'Alisha6'),
(18, 'Janella948'),
(19, 'Kristofer1965'),
(20, 'Enrique3'),
(21, 'Jeni485'),
(22, 'Johnathon2011'),
(23, 'Swan1994'),
(24, 'Hyacinth6'),
(25, 'Waterman677'),
(26, 'Tamatha2022'),
(27, 'Majors381'),
(28, 'Serna1985'),
(29, 'Rickie288'),
(30, 'Clarke1985'),
(31, 'Madelaine2025'),
(32, 'Abe681'),
(33, 'Anderson516'),
(34, 'Lisa1992'),
(35, 'Alves2'),
(36, 'Gill2016'),
(37, 'Weber454'),
(38, 'Meghann3'),
(39, 'Katina6'),
(40, 'Abby1957'),
(41, 'Ivan1970'),
(42, 'Lorilee935'),
(43, 'Zachariah8'),
(44, 'Lillian2001'),
(45, 'Alaine2003'),
(46, 'Santo683'),
(47, 'Cordell2014'),
(48, 'Moye157'),
(49, 'Breen2022'),
(50, 'Adkins851');

--
-- Inserting data into table Inventory
--
INSERT INTO Inventory(InventoryID, InventoryCategory) VALUES
(1, 'Electronic'),
(2, 'Pharmacy'),
(3, 'Jewelry'),
(4, 'Sports'),
(5, 'Outdoors'),
(6, 'Sports'),
(7, 'Pets'),
(8, 'Pharmacy'),
(9, 'Cleaning'),
(10, 'Furniture'),
(11, 'Cleaning'),
(12, 'Patio'),
(13, 'Audible'),
(14, 'Garden'),
(15, 'Baby'),
(16, 'Cleaning'),
(17, 'Audible'),
(18, 'Audible'),
(19, 'Furniture'),
(20, 'Furniture'),
(21, 'Shoes'),
(22, 'Office'),
(23, 'Electronic'),
(24, 'Gifts'),
(25, ''),
(26, 'Electronic'),
(27, 'Clothing'),
(28, 'Outdoors'),
(29, 'Sports'),
(30, 'Pets'),
(31, 'Movies'),
(32, 'Home'),
(33, 'Shoes'),
(34, 'Music'),
(35, 'Furniture'),
(36, 'Outdoors'),
(37, 'Pharmacy'),
(38, 'Audible'),
(39, 'Office'),
(40, 'Pets'),
(41, 'Pets'),
(42, 'Cleaning'),
(43, 'Movies'),
(44, 'Furniture'),
(45, 'Furniture'),
(46, 'Health'),
(47, 'Health'),
(48, 'Movies'),
(49, 'Audible'),
(50, 'Sports');

--
-- Inserting data into table Position
--
INSERT INTO `Position`(PositionID, Name, Description, HourlyPayRate) VALUES
(1, 'Revenue Manager', 'Error illum dolores.', 40.85),
(2, 'Development Manager', 'Tempora unde repudiandae.', 22.3),
(3, 'Security Engineer', 'Perspiciatis praesentium.', 60.58),
(4, 'Chief Financial Officer', 'Nam alias dolor ad.', 6.72),
(5, 'Service Engineer', 'Vel qui odio vel.', 16.6),
(6, 'Trainer/Consultant', 'Repellat atque. Optio ipsa.', 62.55),
(7, 'Software Engineer', 'Quibusdam sed molestiae rem.', 23.06),
(8, 'Project Manager', 'Voluptatem nam. Sint rerum!', 47.32),
(9, 'Senior Specialist', 'Quibusdam unde culpa nobis.', 74.49),
(10, 'Producer', 'Similique accusantium iusto.', 23.53),
(11, 'Application Development Supervisor', 'Enim ratione deserunt omnis.', 48.81),
(12, 'Logistics Manager', 'Dolor cumque est.', 93.94),
(13, 'Technician', 'Accusamus molestias.', 13.36),
(14, 'Communication Analyst', 'Pariatur enim. Ducimus cumque.', 65.86),
(15, 'Director of Information Technology', 'Quisquam adipisci. Maiores.', 56.86),
(16, 'Technician', 'Qui ut expedita.', 51.09),
(17, 'Solution Engineer', 'Quia dolor sit doloremque.', 29.21),
(18, 'Secretary', 'Itaque enim aliquam magnam.', 97.73),
(19, 'Admin', 'Explicabo suscipit.', 20.93),
(20, 'Training Manager', 'Molestiae libero sit ut.', 79.95),
(21, 'Technical  Manager', 'Odit quis.', 5.69),
(22, 'Site Manager', 'Doloremque et quibusdam.', 26.61),
(23, 'Senior Consultant', 'Dicta in vel nihil.', 2.43),
(24, 'Senior Accountant', 'Ut in similique soluta rerum.', 81.92),
(25, 'Senior Specialist', 'Dolores nisi. Eum omnis!', 68.24),
(26, 'Secretary', 'Velit deserunt rerum...', 69.67),
(27, 'Senior Accountant', 'Voluptas delectus. Eos odio.', 94.08),
(28, 'Technology Manager', 'Aliquam sit in.', 26.96),
(29, 'Chief Financial Officer', 'Sapiente et voluptatibus.', 6.81),
(30, 'Research Engineer', 'Veniam consequuntur. Earum?', 81.33),
(31, 'Chief Executive Officer', 'Est sapiente in et.', 98.85),
(32, 'Commercial Manager', 'Ut deleniti qui itaque.', 52.18),
(33, 'Procurement Manager', 'Eius in; et expedita.', 72.75),
(34, 'Communication Analyst', 'Et rerum.', 20.07),
(35, 'Technical Manager', 'Et quas. Dignissimos;', 31.36),
(36, 'Customer Relations Supervisor', 'Consequuntur sequi. Quia aut;', 1.84),
(37, 'Senior Designer', 'Officiis voluptas provident;', 46.04),
(38, 'Representative', 'Voluptatem quae molestiae.', 93.88),
(39, 'Specialist', 'Ad dolorum. Aspernatur ut.', 32.03),
(40, 'Research Engineer', 'Iste nihil velit veniam.', 40.09),
(41, 'Sales Consultant', 'Voluptas dignissimos. Ipsum.', 27.68),
(42, 'Development Engineer', 'Omnis consequatur.', 38.88),
(43, 'Human Resources Representative', 'Quo porro aspernatur. Ut.', 6.93),
(44, 'Technical  Manager', 'Sint rerum iusto voluptate.', 80.3),
(45, 'Technician', 'Fuga quas. Et unde?', 72.18),
(46, 'Auditor', 'Suscipit est laudantium.', 26.76),
(47, 'Regional Manager', 'Doloribus dolore. Enim;', 51.13),
(48, 'Logistics Consultant', 'Beatae obcaecati nulla.', 57.95),
(49, 'Chief Information Officer', 'Rerum dolorem sunt enim.', 23.54),
(50, 'Vice President', 'Reiciendis at officiis magnam.', 53.85);

--
-- Inserting data into table Schedule
--
INSERT INTO Schedule(ScheduleID, StartTime, Duration, Day) VALUES
(1, '1986-11-19 18:59:40', '20:48:19', 5),
(2, '1989-03-16 04:40:47', '16:57:09', 2),
(3, '1998-04-21 06:25:32', '18:22:57', 0),
(4, '1989-06-21 09:15:38', '08:10:16', 4),
(5, '1997-12-07 16:26:30', '02:05:25', 6),
(6, '1970-01-01 00:07:46', '00:07:46', 2),
(7, '1978-02-24 11:44:23', '22:28:37', 6),
(8, '2013-11-12 23:19:30', '05:32:57', 4),
(9, '1970-01-01 00:16:33', '00:16:33', 1),
(10, '1970-02-15 22:35:10', '08:13:14', 5),
(11, '1990-11-24 14:16:14', '06:40:44', 0),
(12, '2019-04-02 22:31:04', '15:05:19', 4),
(13, '2010-06-14 17:45:41', '19:59:50', 3),
(14, '1985-10-30 21:16:29', '17:16:51', 2),
(15, '1986-11-17 23:30:06', '07:36:53', 0),
(16, '2004-05-19 23:26:04', '04:32:24', 0),
(17, '2018-07-27 12:56:43', '01:16:06', 4),
(18, '1982-08-03 00:16:39', '21:03:35', 0),
(19, '2015-12-31 14:53:16', '07:51:09', 2),
(20, '1970-01-01 00:13:54', '00:13:54', 1),
(21, '1993-03-23 21:33:46', '01:35:50', 1),
(22, '1970-01-01 00:00:16', '00:00:16', 4),
(23, '1974-05-08 00:17:40', '11:35:36', 6),
(24, '2008-04-10 17:28:52', '14:01:04', 0),
(25, '1999-07-25 12:41:09', '01:00:49', 2),
(26, '2001-08-20 08:48:14', '16:36:11', 2),
(27, '2012-10-17 18:12:07', '14:14:03', 3),
(28, '1970-01-01 00:00:01', '00:00:01', 2),
(29, '1985-03-28 03:03:12', '02:49:26', 5),
(30, '1974-03-29 00:48:17', '21:31:14', 0),
(31, '1970-01-01 00:11:26', '00:11:26', 5),
(32, '1988-05-08 09:32:06', '01:12:11', 3),
(33, '2000-04-27 03:03:59', '20:37:11', 1),
(34, '2005-08-09 10:57:35', '00:52:22', 4),
(35, '2012-12-26 06:22:19', '20:36:52', 1),
(36, '1991-06-08 23:01:44', '13:02:32', 6),
(37, '1970-01-01 00:00:09', '00:00:09', 2),
(38, '1970-01-01 00:05:37', '00:05:37', 0),
(39, '1992-07-25 21:04:21', '01:39:28', 2),
(40, '1970-01-01 00:00:08', '00:00:08', 4),
(41, '1990-06-19 09:11:14', '17:20:23', 6),
(42, '1970-01-01 01:03:30', '01:03:30', 2),
(43, '2009-10-21 16:27:00', '23:47:34', 0),
(44, '1999-02-15 23:05:46', '08:40:38', 1),
(45, '2012-07-04 14:36:15', '00:47:44', 3),
(46, '2016-12-21 15:12:50', '03:47:35', 3),
(47, '2020-03-31 07:51:36', '04:36:58', 0),
(48, '1972-07-31 17:28:07', '04:48:17', 5),
(49, '2016-08-14 07:43:43', '16:28:11', 0),
(50, '1993-11-12 10:03:06', '10:00:06', 2);

--
-- Inserting data into table Service
--
INSERT INTO Service(ServiceID, ServiceName, Description, RateCharge, Duration) VALUES
(1, 'DeepClean', 'Omnis voluptas dolor illo aut assumenda reprehenderit omnis ut et, id voluptates dolores sed velit. Et odit natus unde et ut veniam et, cumque numquam enim dignissimos ab omnis quaerat? Quo quis maiores et dolores rerum necessitatibus aliquam quasi est minus qui hic et sint. Sunt consequatur, quis dolore dignissimos aliquam quibusdam et enim et ut repudiandae possimus laboriosam vero. Iste distinctio accusantium at perspiciatis expedita quaerat aut, consequuntur atque sed fugit modi velit deserunt. Dolor veritatis vel enim asperiores quis atque non et voluptatem error labore nihil quae debitis. Rerum possimus voluptatem expedita et nihil sit quis molestiae omnis ipsam beatae ratione error sint!', 482, '09:52:28'),
(2, 'DryClean', 'Optio nulla tempora, illo sit esse maiores nostrum accusamus qui ut sit nemo error ut. Quis et sed ullam autem magni aut expedita fugiat voluptatem suscipit dicta qui quas omnis; minus unde ipsum blanditiis nisi fugit tempora nostrum, tenetur voluptates ut necessitatibus ut culpa non. Laboriosam molestias debitis nisi rerum sed non vero, illo excepturi qui iusto iste quia quisquam! Amet non aliquid nam aut molestiae est repellat dolorem dolorum temporibus praesentium sed ut sapiente? Aliquid atque itaque quos suscipit est sint magnam consectetur voluptatem et voluptates ipsa ut sint.\r\nSint ut explicabo quisquam sit, beatae hic sed dolor tempora aliquid ut error nam non. Ducimus in exercitationem dignissimos, adipisci dolorum explicabo ullam ipsa aperiam hic deserunt nesciunt praesentium ut. Sunt aut sapiente qui possimus fuga sit voluptatem doloribus delectus animi minima quia quisquam consequatur! Magnam dicta nemo sit omnis est omnis, voluptatem autem aut corporis iste consequatur obcaecati deleniti.', 901, '15:46:02'),
(3, 'DryClean', 'Excepturi perferendis qui dolore cupiditate et aut sed totam maiores vel adipisci ut dolor pariatur. Molestias error natus est consequatur soluta sit quis iste ut accusamus aliquam perspiciatis vel placeat! Deleniti id dolorum dolorem laborum voluptatem sit at velit voluptatem dolorem numquam consequatur facere eos? Et vero autem enim quod sed ducimus non labore qui sed quaerat tempore, atque dolore. Sed a, inventore error quis laborum facilis possimus aut et quia voluptas illum architecto nisi. Impedit voluptatem at nihil eos corrupti est pariatur, aperiam sed voluptates et earum iste dicta. Dolorem omnis voluptatum quia et eum error consequuntur ullam porro aut assumenda autem dolores ad! Laboriosam voluptate sed ipsa omnis qui ex quae repellendus at qui nesciunt laboriosam magni qui? Et error eum ipsum quia nihil laudantium numquam omnis architecto minima tenetur unde quidem dolor.\r\nVoluptatum natus animi quidem voluptas ea a sed sunt voluptatibus et necessitatibus qui quia omnis. Magnam minus sit perspiciatis sunt vel excepturi architecto illo et numquam perferendis esse accusamus est!', 76, '00:01:17'),
(4, 'DryClean', 'Earum sit et similique error et, doloribus natus omnis quidem est dolores beatae aut laboriosam. Facere ipsum quibusdam illum dolorem rerum, veniam non vero et corrupti impedit debitis quaerat omnis. Error sed magnam qui eum ut tenetur quod et adipisci atque iste beatae repudiandae omnis? Ut consectetur aut dignissimos illum molestiae eveniet voluptatem nemo vel et iusto autem at sit. Et nemo aut exercitationem mollitia et iusto dolore consequatur aut et necessitatibus sint, ut modi! Vel aut in quos velit consequuntur dicta ratione sunt, animi impedit non cupiditate omnis sit. Voluptas nam et exercitationem aliquam sed dolores voluptatum vel, illo maxime modi dolor sit omnis. Expedita perspiciatis numquam quos, quas minima et natus ipsam dolorum fuga et eveniet ea earum. Tempore rerum sint fugiat qui modi tempora quis in molestiae reprehenderit omnis dolor officia excepturi! Laboriosam tempora in totam culpa in modi sit sequi et sed fugit et adipisci eaque. Dicta dolorem eligendi temporibus deserunt blanditiis soluta libero atque, voluptatem quis iste ad quasi ut; sed voluptas ea facilis dolor sit doloremque impedit rerum excepturi quibusdam et blanditiis nihil maxime. Sed exercitationem quod facere vitae qui doloribus quis voluptatum unde iusto et excepturi ut quia? Cumque recusandae nulla, omnis minima aut natus dolorum veniam sunt vel ut enim nihil sit. Saepe sed cupiditate, et qui libero voluptatem perferendis error dolorem ratione quo sit obcaecati deserunt. Quasi totam tempora corporis et voluptatem ipsum quae, quam dolor sit dolor ex accusamus perspiciatis...', 763, '16:51:50'),
(5, 'DryClean', 'Eum quia voluptatibus est, saepe consequuntur doloremque accusamus eum aut eveniet illum eos natus consequatur. Sit maxime, et doloribus quos ut in dignissimos adipisci ut qui illum id est enim. Id quis aut sed eos et eius aliquam et ut dolor omnis soluta quia voluptas; qui voluptas quaerat unde iste saepe quo porro explicabo veritatis architecto illum sed sit quos. Et qui perferendis ut, perspiciatis nam optio esse assumenda quo quod voluptatem autem consequatur provident. Omnis aut omnis molestiae architecto optio ab voluptatem perspiciatis error voluptates quasi aut voluptate quidem. Quidem adipisci ipsam quas laudantium a et laudantium qui nobis omnis explicabo aliquam non ut; ratione illo, quasi possimus voluptas aperiam perspiciatis dolor magnam error sit ut eaque molestiae repellat. Voluptatibus id unde atque reprehenderit rerum aspernatur in fugit inventore magnam voluptas id repellendus hic! Alias dignissimos, qui ad ut sed veritatis dolorem enim et nemo voluptatum est ut et. Officia sequi sed soluta nemo officia ipsam consequatur voluptatibus rem a et voluptatibus quasi ratione? Veniam omnis et unde sint explicabo non natus quasi sed eius qui ut quis est.\r\nIncidunt omnis voluptate asperiores necessitatibus ut ab architecto sint cupiditate quia ullam sit earum et. Error dolorem qui atque harum voluptate odit voluptatem laudantium error nemo omnis quasi non voluptas! Rem aliquam qui magni fugiat quis, aut libero reiciendis corrupti error incidunt voluptatem et odit. Unde quia ut adipisci molestiae corporis quia soluta reprehenderit, aut qui ut velit id natus. Rerum quis cum sed earum at, dolores nihil voluptatem enim sed dolores suscipit necessitatibus aspernatur. Quo aspernatur qui incidunt, pariatur sequi fuga dolore quaerat vel sunt in qui facere atque. Est et enim quis quibusdam totam ut nisi quia eaque quisquam neque inventore nostrum atque. Minima fugiat assumenda ut explicabo ullam ut omnis perspiciatis officiis corporis ullam laudantium nemo tempora. Expedita ut maiores ducimus officia velit eligendi quo accusantium dolorem unde voluptatem et ipsa eum. Quia animi ut tenetur sit sed numquam fuga autem consequatur, voluptatem adipisci corrupti omnis inventore. Ut quibusdam similique vitae ipsum nostrum dicta sit eaque itaque quos velit consequuntur laudantium in. Excepturi numquam quasi sapiente aperiam, iusto dolor consequatur optio porro aspernatur deserunt ullam quo iste. Quibusdam aspernatur veritatis laudantium et possimus fugit, necessitatibus eveniet sed eaque consequatur voluptatem in ut; beatae ad, explicabo perspiciatis doloribus sit commodi quibusdam rerum placeat tempora nostrum sint amet rerum. Qui iste qui consequatur aliquid sed eos eaque sed quam nihil vel a et est. Perferendis qui saepe vitae quae velit tempore aliquam dignissimos veniam facere ipsa omnis est qui. Dolorem nihil voluptatem tenetur ullam quidem error sed qui et voluptatem consequatur velit quis ab! Qui suscipit non sed est sit error vero voluptatem aliquam rem officiis et sequi ut? Magni aut odio quo, ea vero enim qui ratione sit molestias a autem id obcaecati. Et molestiae aspernatur, dolor minus eveniet architecto eos doloribus officiis enim omnis debitis aut odio.', 279, '18:23:13'),
(6, 'DeepClean', 'Et hic quia pariatur officia fugit harum et fugit pariatur, voluptates et molestiae voluptate commodi. Nobis aperiam porro, sed cum reprehenderit animi consequuntur nisi soluta voluptatem magnam voluptatem voluptates iste. Eum et hic quia, magni assumenda atque numquam nihil quis dolores veniam quas voluptatem numquam. Rem tenetur molestiae voluptatibus corporis saepe rerum beatae eos iste explicabo quasi laudantium accusantium doloribus! Perspiciatis voluptate voluptatem non enim hic perspiciatis, iste sed dolorem quia sapiente doloribus tempora sit; et error vero voluptas quia rerum impedit veritatis sequi sunt ullam eum unde animi ut? Quam magni sit fuga placeat, et est tenetur sit quam et neque voluptatem dolores provident. Ut sed odio natus et impedit reprehenderit quia omnis molestiae, aliquid dignissimos expedita iste exercitationem. Et aperiam odit, optio placeat voluptatibus quo ex cum perspiciatis qui fuga qui repellendus dolorem! Iusto ut debitis, sunt sit nesciunt odit ut natus eum est nulla velit vitae quod. Sit aut et distinctio corporis voluptas est id quam et eligendi omnis eius eveniet porro. Quod laboriosam id voluptatibus corrupti soluta necessitatibus sit et sunt magni consequuntur non aperiam recusandae. Praesentium error voluptas in optio voluptas perspiciatis eum voluptates numquam nemo aliquam fuga, voluptatem culpa.\r\nNihil aperiam, est et aut voluptatum et ullam exercitationem unde eos possimus fuga atque enim. Excepturi mollitia rerum delectus veritatis rerum dolorem eum nostrum maiores illum eum laboriosam voluptas autem. Hic architecto, ratione rerum ut eius voluptates et ex id in et autem quasi voluptate. Et fugiat ut, quisquam ut dolorum recusandae adipisci et repellat deserunt omnis voluptatibus non voluptatem! Consequuntur quos earum unde voluptas aperiam nobis sint molestiae non nostrum et magnam rerum sit. Animi voluptates adipisci exercitationem quisquam ratione laboriosam error sit distinctio animi recusandae aut sequi sed. Consectetur dignissimos minus vel quia ut accusamus impedit amet pariatur voluptatem rerum ut sit iste! Quaerat obcaecati aut expedita voluptas id harum natus doloremque quia totam dolore qui sed magnam? Facilis dicta, facilis nisi veniam porro maiores labore minima non explicabo omnis voluptatem ipsum harum. Debitis perferendis, quisquam eveniet quod qui similique porro sit eligendi suscipit iure voluptatum corporis ut. Eum voluptatem, tempora iure sit rerum enim ut fugit eaque qui voluptas debitis dolor et! Ut vel exercitationem unde totam libero facilis dolorem dolores nihil iste natus reprehenderit et veniam.\r\nReprehenderit rerum accusantium sed non soluta, distinctio eius blanditiis ea accusantium labore velit sunt amet. Ut omnis obcaecati officia quia quam voluptas corporis numquam ut et qui voluptatem suscipit totam; corporis optio voluptatem, modi rerum ad qui dignissimos pariatur hic doloribus sit et repellendus esse? Labore veritatis quia sed ex, adipisci autem sunt laudantium exercitationem veritatis voluptatem quo perspiciatis aut. Illum nihil dolor unde iste perferendis perspiciatis sint ea neque quod sit, eum voluptas eum! Iusto voluptatem id libero voluptates consequatur ab eum reiciendis inventore nisi quis eum saepe eveniet.', 981, '00:48:02'),
(7, 'DryClean', 'Tempora qui tempore cum temporibus voluptas voluptatem at perspiciatis velit qui dolore porro molestias quae. Et ab quaerat velit et molestiae cum eaque quia odio voluptas amet qui at nostrum; soluta maxime consequatur, sed aut error commodi sit ad optio et a iure nulla voluptatem. Rem qui labore facilis non illum rem ut eos quia quis voluptatum expedita commodi soluta.', 698, '19:18:09'),
(8, 'LightClean', 'Voluptatem beatae illum mollitia minus quisquam ut odit sit explicabo pariatur in reprehenderit tempore possimus; quia impedit sed, incidunt corporis possimus expedita qui suscipit nihil voluptatem sed ratione unde amet. Repudiandae ipsum molestiae illum commodi voluptas dolor adipisci est consectetur omnis consequatur ipsam eligendi laboriosam! Ea quia ducimus, omnis ipsam nihil pariatur rerum facilis et doloremque id veniam error aut. Sed vitae sapiente ut quia porro recusandae officiis ea, distinctio possimus perferendis enim a voluptas. Sed est eos eum id labore omnis rerum et porro odio dolores sit at culpa! Repudiandae aliquid ratione pariatur, nam aut dolores ex et laboriosam aliquid tempora dignissimos doloribus fuga. Eum cupiditate iste, id reiciendis doloribus enim dolor eos praesentium sed incidunt sit error qui! Similique tempora soluta tempora aliquid deleniti dolorem expedita ea, eos beatae unde harum eligendi ipsum. Sint unde eos officia omnis beatae iste voluptatem quia iste earum ipsum est natus dolorem!', 359, '08:03:40'),
(9, 'LightClean', 'Repellat dolores obcaecati quae quas placeat harum debitis dolorem ullam consequuntur id rem placeat ea. Voluptatem iste similique sed possimus ipsam illo cum sint quis voluptatibus non doloremque nisi et. Quo error, porro amet et aliquam et unde quos distinctio aut quia harum modi rerum? Dolore consequuntur perspiciatis unde, odit maxime necessitatibus iste cumque voluptates sit nobis eligendi quasi doloremque! Eum recusandae ut, numquam quod quae sit molestiae ullam suscipit repudiandae eius ipsa dicta sed. Dolor deleniti cumque, qui illo ipsam minus aperiam sit molestias ut incidunt fuga non consectetur! Qui eius veniam temporibus hic et dignissimos pariatur itaque omnis earum alias enim autem tenetur. Ut quisquam at perspiciatis nesciunt, voluptatem alias iste rerum voluptatibus minus et voluptas veritatis perspiciatis! Omnis eligendi, est eius voluptas sequi omnis beatae error beatae in asperiores et illo qui. Dignissimos omnis suscipit quia voluptatibus corrupti et sit, aperiam molestiae esse sit numquam qui exercitationem. Repudiandae qui dolor ipsam dolor facere molestiae aut eos voluptatem numquam minima aspernatur qui praesentium. Qui voluptatum non corrupti quis natus tempora quis mollitia aut aspernatur quidem nam velit officiis!', 817, '15:32:05'),
(10, 'DeepClean', 'Qui mollitia dicta ea, tempore dignissimos quos alias perferendis officiis magni et illo deserunt eum. Similique perspiciatis culpa ipsa et voluptatem vel, non ex ipsam error explicabo ducimus officia laudantium. Unde veniam debitis voluptatem ratione praesentium facilis obcaecati qui dolor aut dolorum mollitia iure voluptatem...', 78, '20:35:03'),
(11, 'LightClean', 'Veniam et officiis, voluptatem vel quis voluptates ipsum minima sit at aliquam commodi deleniti accusantium.\r\nMollitia rerum et aut iusto ad voluptatem modi excepturi accusamus commodi laborum quasi harum voluptatum. Dolor saepe velit culpa nisi accusantium voluptate assumenda iste veritatis aut mollitia consequuntur nihil est. Iste ut cumque et soluta deserunt ea dignissimos autem nesciunt voluptas aut architecto qui quae. Nostrum perferendis, ea suscipit iste unde velit quia veritatis voluptatem aliquam at veniam autem neque! Ut fugiat voluptates ducimus necessitatibus impedit commodi est voluptas quos et quia modi autem nihil. Corporis perspiciatis sit sapiente numquam, qui vitae magnam perferendis sunt qui officiis odit nihil perspiciatis; quia vero ad saepe sit eligendi nesciunt architecto est commodi sed sit, eum id saepe. Voluptatem velit incidunt sit et iste minus quia rerum deserunt odit temporibus perspiciatis distinctio consequatur; est quasi perspiciatis labore, assumenda sunt iusto a aut voluptatibus non consectetur et at soluta? Itaque praesentium, officiis nihil et eius asperiores molestias ducimus laboriosam voluptates voluptatem commodi aut quibusdam. Maiores labore natus non et unde enim sit beatae quis qui sint est qui laudantium. Perferendis voluptas repellat culpa veritatis beatae corporis quia nulla ut quia adipisci quod in aut. Nobis excepturi perspiciatis nihil omnis amet minus quaerat tempora necessitatibus nemo autem et qui nisi? Voluptatem nihil sit reiciendis voluptatem eum vel ut quibusdam ea delectus non quo soluta laboriosam. Rerum iste perspiciatis fugiat qui accusamus dignissimos repudiandae omnis modi rerum et est minima excepturi. Voluptatem ut, est maiores magnam doloremque pariatur ut modi accusamus et esse aut saepe pariatur...', 544, '08:15:43'),
(12, 'DryClean', 'Quae at tempore rerum iusto officia aut, et laboriosam praesentium ut molestiae ut dignissimos exercitationem; ut libero perspiciatis consectetur error laudantium reprehenderit minima sunt magni nisi praesentium voluptas similique mollitia.\r\nUt qui aperiam omnis molestias maiores sit non nesciunt accusamus inventore unde perspiciatis sit saepe. Rerum et quidem laboriosam adipisci qui necessitatibus cum aut quasi suscipit quidem autem est velit! Ut vitae qui rerum est sapiente ut doloribus similique dolorum atque quis placeat repudiandae architecto. Sapiente incidunt fugit dolorem enim architecto eius molestias cumque ducimus voluptatum in obcaecati error recusandae! Unde dolor, molestiae ab nobis perspiciatis sed sint error suscipit iure at optio perspiciatis reiciendis. Optio sapiente iusto aliquid deserunt possimus sunt sint omnis iste voluptatem impedit sit eaque maiores. Et aperiam nobis unde aut ad consequuntur ab aut quasi quia qui, non aut accusantium. Laudantium magnam tempora perferendis sed magni necessitatibus sit natus maiores itaque voluptas sit quae ad.\r\nEaque asperiores voluptatem ipsum similique quod beatae eos possimus inventore assumenda modi corporis asperiores dolorem. Aut at aliquam blanditiis animi, dolore repellendus ex eum velit quo et quia inventore sit. Voluptas est, at obcaecati officiis distinctio libero quo maxime quo dicta alias ex placeat omnis. Porro at atque iste nesciunt ut, tempora qui cum at et sit quibusdam ea officiis. Possimus alias voluptates consectetur ut odit, dicta et facere neque voluptatem incidunt recusandae voluptas et.', 456, '22:50:37'),
(13, 'DryClean', 'Ut et magni qui quis facilis quo quis aperiam voluptatem est quo assumenda suscipit consequatur. Est dolorum ea molestias aperiam ratione id aut possimus voluptates, dolores at voluptatem consequuntur voluptatem. Et rerum ut quos, sed voluptatem asperiores placeat omnis dolor aut est voluptas labore libero. Cumque qui et, ut natus non inventore tenetur sunt dolor ipsam perspiciatis nostrum quia accusamus.', 627, '04:43:04'),
(14, 'DeepClean', 'Laboriosam nihil cupiditate, perspiciatis ad sit voluptates dolore culpa nesciunt quasi nemo harum ut voluptate. Distinctio vitae aspernatur id accusantium quaerat sapiente laboriosam ex minus perspiciatis sequi porro sit ex. Corporis beatae, vel esse natus unde dignissimos nemo sit harum quaerat iure soluta magnam eos. Consequuntur obcaecati assumenda qui tempora laudantium eos vel totam sunt sapiente et nesciunt id et. Praesentium dolores quod praesentium quam quod totam obcaecati aliquam debitis voluptas amet at ipsam ipsum. Fugit error esse est, autem aut quos rerum sit aut dolorem at dicta expedita consequatur. Nemo praesentium esse eos vitae molestiae nam quibusdam itaque quasi ipsam ut veniam et consequatur. Dolorem eligendi dolor eos quia optio, consequatur voluptatem esse labore et iure ea similique porro! Excepturi odio, necessitatibus a rem a molestiae labore aspernatur explicabo rem tempore natus beatae aut. Et eum dolor architecto quos illum accusamus molestias eum odit nemo placeat nostrum omnis sint. Et ratione corrupti unde labore ducimus itaque cupiditate ipsa sed ab ipsam at animi molestias. Adipisci sed, delectus nemo itaque aut commodi quis enim eaque et deserunt repellat omnis voluptas! Et amet dolore veritatis adipisci, amet velit quis autem velit error et minima accusamus quae. Et enim explicabo, sed id modi deleniti ut soluta cum consequuntur non et qui a. Et aliquam laboriosam tempore dolorum non, magnam eum aspernatur quis voluptatem quos ab commodi fugit.\r\nUllam doloremque cum perferendis officia dolor enim iste id, dolores iusto est quos qui dolorem. Odio iste, ipsam officiis a vitae aspernatur nam et rerum facere molestiae vitae modi ut. Qui sunt ad nobis neque et quia repudiandae rerum et ullam dolorum doloremque distinctio inventore. Unde sed assumenda voluptatem qui corrupti id eaque hic nobis architecto vel aut perspiciatis ea; perferendis consequatur ad quis omnis dignissimos nisi eveniet placeat natus qui rerum sit necessitatibus vel? Voluptas et accusantium voluptas quis quia culpa ratione est voluptas in sit illo dolorem quis.', 70, '00:00:29'),
(15, 'DeepClean', 'Architecto et eius, aut unde saepe tempora omnis eum quia molestiae veritatis repellendus quas ab...\r\nEst delectus minus soluta natus vero dolore architecto ullam, expedita dolores quaerat error similique totam. Ex debitis sit maxime autem ea tempora eos hic incidunt consectetur rerum natus et est! Magni totam dolore ex voluptatem rem laboriosam earum quia et explicabo impedit temporibus sed explicabo. Fuga id in sed reprehenderit architecto ea voluptatem illum sed ullam et deleniti tenetur dignissimos. Et aut aliquam id libero dignissimos mollitia quos magnam quia illum natus dolore ipsa voluptatem. Perspiciatis consequuntur, repellendus voluptatem maxime ducimus natus unde odit repellat minus qui natus dignissimos reiciendis!', 83, '00:47:52'),
(16, 'DeepClean', 'Qui est aspernatur enim ratione vitae molestias porro voluptas natus porro dolore, saepe quaerat eius. Quia ea maiores omnis incidunt voluptatem voluptas natus omnis rerum nostrum quis esse aut similique. Obcaecati repellat quasi quidem omnis nemo dicta ea, et delectus necessitatibus reiciendis aut sit inventore. Nam omnis ipsum dicta qui quis perspiciatis aut eligendi perspiciatis ut sed dolorum perspiciatis sed. Aperiam suscipit iusto quaerat quidem quisquam vitae quo rerum vitae illum et voluptas ut repudiandae! Sit omnis qui dolor quis pariatur natus dolore ad perspiciatis id sed qui incidunt exercitationem. Aut excepturi, id laudantium nostrum est quasi sit id impedit ab eaque vel molestiae nihil. Earum non voluptatem provident, quia eum dolores rem quibusdam quia nemo voluptates sunt eos rerum! Sint consequatur nemo voluptatem ab dicta quis optio aut minus voluptatem blanditiis a similique repellendus. Eligendi voluptatem, et ut voluptatum aliquam voluptatibus et nostrum beatae maiores autem sint nostrum ipsam. Doloremque quasi natus sed et mollitia voluptas commodi beatae ipsa nobis aliquam consequatur eum delectus? Quis impedit fugiat et similique ut ullam molestias omnis animi sed incidunt dicta voluptatem facere.', 783, '23:47:57'),
(17, 'LightClean', 'Qui maiores nobis est id repudiandae eaque sed nobis aliquam rerum laborum eaque doloribus eos; fugit modi tenetur veritatis ipsam voluptas error non sed sunt natus, doloribus sed obcaecati voluptas. Dolor fugiat et, vero amet aut eveniet sunt est amet perspiciatis natus ipsam rerum quis. Ea qui nihil est sint mollitia debitis omnis praesentium et ut omnis, quaerat quisquam tempore? Culpa tempora sunt, et numquam fugiat quo temporibus iste praesentium quod quos neque nihil fugit; eveniet dolorem exercitationem earum ut distinctio beatae consectetur aut voluptas rem error non iste corporis. Harum inventore minima est dolore et nobis officia iste qui culpa veritatis ut quo quaerat! Commodi et voluptas quia quis eos, voluptatem unde sed saepe fugit ut esse doloribus veniam. Placeat laudantium omnis animi error sunt suscipit incidunt similique aut libero facere suscipit error nemo? Voluptas dolore qui, iste in tempora amet sit magnam aliquid id sed aspernatur minima molestiae.\r\nCulpa et in rerum ut quia, velit ipsam non asperiores quas harum accusamus provident sapiente. Voluptate qui a similique aut sit cum beatae perferendis magni consequatur animi voluptas animi rerum? Dicta et voluptatem suscipit adipisci quia maiores quia et error necessitatibus nam error nostrum facere. Omnis beatae laudantium sequi eum dolores quo dolor eos numquam natus sit non adipisci velit. Voluptas distinctio corporis, ut quasi quaerat excepturi illo dicta magnam debitis voluptatibus in sed voluptatem? Omnis et, nulla incidunt omnis quos fugit alias unde aliquam ipsum sit minus quia commodi; assumenda voluptates non laboriosam voluptas ea consequatur optio non amet, consectetur est necessitatibus aperiam commodi? Temporibus ut rem officiis error odit consequuntur consectetur perspiciatis laboriosam quo laborum adipisci unde possimus.', 58, '00:00:02'),
(18, 'DryClean', 'Incidunt rerum est ducimus est sit quasi et saepe rem dignissimos assumenda est enim rerum. Possimus aliquid quas, perspiciatis magnam omnis ut aut voluptates nihil maiores qui laborum dolorem inventore; accusamus nobis ipsum qui vitae molestias sit error tempora excepturi alias nisi id nisi unde. Sed harum rerum error, iure beatae libero perspiciatis molestias est voluptatum et quia unde pariatur. Repellendus consequatur corrupti labore voluptatum et quis laudantium dolorum in ut et soluta harum ducimus! Fugit voluptatem rem et eos tempore voluptas temporibus dolores esse accusamus omnis sequi consequatur nulla. Commodi cum, quos sed sit voluptatem sed corrupti voluptatem delectus placeat id sit consequatur voluptatum. Esse asperiores, nisi quo vitae est dolor aut et ut cum voluptas quisquam minima quod? Ut perspiciatis quae ratione error delectus dolorem sed omnis enim molestias repudiandae voluptatem harum quas. Voluptatem dolor aperiam ea sed sunt rerum iste unde dolore voluptatem praesentium fugit eos quidem? Quod magnam numquam perferendis quam praesentium id, nostrum blanditiis odit ratione neque nam dicta debitis! Minus labore laudantium molestias doloremque dolorem nemo magnam dolores omnis et exercitationem rerum cupiditate ipsa. Omnis optio impedit non et voluptatem, similique voluptas accusantium ut est quam nihil beatae expedita. Mollitia quo est veritatis incidunt minima deleniti quis at, officia laudantium ullam fugit aliquam magni.\r\nAnimi minus, qui ut consequatur aliquid temporibus veniam perspiciatis quod nemo quas et suscipit deserunt. Aut corporis molestiae aut nisi tempore sed officia est suscipit dolore provident atque distinctio exercitationem. Quis dicta nemo et adipisci, veritatis quas perferendis minima minus et ab sed voluptas minus. Libero culpa aut, ab quaerat corrupti dignissimos reprehenderit repudiandae sit ut velit placeat error voluptatem. Ut dolor ut id, animi et aut ipsam mollitia ut in et qui voluptatibus atque. Sed sit ipsa error dolores voluptatem error ea itaque rerum et adipisci voluptas numquam accusamus! Impedit voluptas, provident cupiditate error velit voluptatem eius molestiae dolores cumque reprehenderit sed eligendi laudantium. Qui unde illo fuga quibusdam quia perspiciatis rerum qui provident ut quia error nulla unde. Ducimus hic est voluptas quos fuga ut corrupti suscipit doloremque asperiores sequi ipsam aut ut. Voluptatem et voluptas beatae et aspernatur rerum expedita quibusdam qui doloremque ut et autem eos. Enim ducimus illo temporibus voluptatem unde in sapiente quia qui dolorem quas, omnis sit officiis. Et voluptatibus vel ea perspiciatis ipsam unde minima non molestiae alias ipsum officia quia et; qui quasi illo ut ex et blanditiis asperiores error velit obcaecati officiis mollitia sunt incidunt.', 841, '10:19:09'),
(19, 'DryClean', 'Accusamus cumque modi maxime saepe enim eligendi unde animi veritatis, provident eos corrupti dignissimos ut. Et voluptatem eum, et at ipsum maiores dicta sit laboriosam laudantium nemo eum et perspiciatis! Qui natus sunt deserunt facilis consequatur qui ut id sunt omnis magnam iure aut alias; minus exercitationem maiores et iusto ad quod magnam omnis provident expedita voluptatibus aut nobis nam. Molestias et consectetur tenetur provident expedita voluptas facere unde provident pariatur rerum autem aut maiores. Accusantium nemo harum quis quisquam, consequuntur ea saepe soluta numquam ipsum ut blanditiis unde qui. Omnis asperiores itaque tenetur nisi corrupti cumque odio iusto tempore consequuntur voluptatem iste odio iste. Quia omnis voluptas nesciunt, totam magni deleniti et repudiandae delectus eius error magni sit ea? Dolor et quos laborum labore sit sint dolores alias aut ab neque iste autem mollitia. Illum doloremque vitae accusantium quisquam voluptatem incidunt quisquam, quo optio laudantium natus fugiat aliquid id! Sunt aut molestias, labore ea doloribus praesentium quasi natus ut et minima provident numquam consequuntur. Corporis inventore obcaecati quo in natus deleniti blanditiis ut inventore eveniet tenetur quia sed voluptates. Esse sint eum, dolor accusantium saepe eos sunt totam iure tenetur deleniti consectetur vero ipsum! Dignissimos veniam et, ad dignissimos voluptatem vel numquam voluptates nulla et hic sequi aliquam consequatur. Repellendus laboriosam ut nobis ipsam excepturi vel, magnam maiores et similique debitis est nam ut. Aut quos, neque mollitia ab et ipsam consequuntur ducimus aut ut repudiandae dolores qui iste.\r\nPerspiciatis libero eum aspernatur, voluptatibus eos consequuntur expedita veniam illo consequatur doloribus qui tempora natus. Quaerat labore non natus aut tenetur nulla distinctio quia possimus est non sunt soluta error? Fuga nisi odit ut tempore quo consequatur officiis nihil magnam ipsa sunt eius, adipisci reiciendis. Facilis quos eius, dicta sed quo commodi rerum laudantium aut neque qui obcaecati sequi sit? Ut modi perferendis quis quia ut et fugit sit iste optio dolorem accusamus et velit. Dolores ullam voluptates qui rerum et vel quaerat omnis sunt debitis enim et sint nemo. Unde sit dolore itaque ratione unde omnis deleniti quis expedita quia in aspernatur sed voluptatem. Architecto nihil iste, ab sit non iure et ad sit et consequatur pariatur eligendi vitae. Natus commodi, qui vel optio aut laborum at sequi quisquam aspernatur odit repudiandae esse error; voluptas nobis et voluptatem sit eveniet modi natus sit dolore culpa beatae aut consequatur provident; vitae ratione iste amet harum magni optio laudantium et, veritatis fugiat nihil et quia dignissimos.\r\nAut maiores corporis adipisci aut, rerum non perferendis nemo aut deleniti fugit neque velit sed. Est nemo sit, asperiores at asperiores sit sed non eius impedit neque animi ipsam dolor. Autem repellendus facere sed non numquam, veritatis sed voluptatem explicabo enim culpa voluptatem aperiam et. Necessitatibus molestiae et aliquam sed quis ut aut enim quia eveniet autem et non sit. Mollitia autem quos enim quis totam eum aut natus rerum quas, voluptas culpa a consequatur? Provident voluptatem aut quasi, esse et aut excepturi sequi at et sapiente itaque minima eos! Necessitatibus reiciendis mollitia qui et recusandae commodi quam necessitatibus quis atque eligendi ipsam distinctio reiciendis. Aut deserunt quis eum autem unde laborum quia quo omnis obcaecati vitae velit ab ratione. Aliquam aut officiis iusto et laudantium saepe ex aut porro inventore voluptatem quia a nesciunt.', 222, '01:50:21'),
(20, 'LightClean', 'Beatae voluptatem aut et earum est obcaecati quidem a iste maxime facere velit eaque minima. Nihil perspiciatis molestias iste ut error laboriosam repellendus pariatur autem est aspernatur reiciendis sequi iste.\r\nAd excepturi id harum aut sint, a sequi ab necessitatibus unde quo omnis sit enim. Atque ipsa ut illum eius ad error amet voluptas id pariatur earum voluptatem et illo; aliquid error voluptatem dolor quo perspiciatis debitis ea incidunt quidem omnis obcaecati nemo omnis beatae. Molestiae eum magnam aperiam quo sunt ipsa veritatis modi accusantium, voluptate voluptates est a qui. Nobis ea provident dolor enim nihil et sed voluptates perferendis officiis minima eos aut et. Inventore tempora alias recusandae vel natus quidem similique qui ea earum aut et cumque enim; quis sed natus adipisci omnis ducimus reprehenderit aspernatur repellat beatae voluptatem sit quis error sit; est similique labore quia omnis quidem id molestias labore placeat sed voluptatum, id quam cumque. Expedita ad non harum, sunt maiores temporibus reprehenderit quis iure non eaque rerum consequatur eligendi! Sed dolores et perspiciatis est aut dolor sunt aut natus soluta autem ea quia voluptatem. Repellendus voluptatem est corporis quos, qui consequatur eum ipsam aliquid sit officiis in consequuntur ut. Est iste, sunt odit quisquam et aut ut repudiandae veniam veritatis neque qui dolores voluptates.\r\nUt suscipit non sit omnis assumenda pariatur perspiciatis dolore ullam deserunt numquam error ipsa veritatis. Est accusantium praesentium quas est quos rerum dolorem doloremque beatae rem perspiciatis maiores hic quo. In et nobis dolor sit omnis, voluptatem obcaecati sint natus corporis veritatis sit distinctio praesentium. Sit accusamus, suscipit atque laborum error qui ipsam sit veniam quia natus illo omnis enim. Voluptatem sed qui esse, officia possimus veritatis quo ut qui dolore voluptatem et est nulla. In odit doloribus perspiciatis unde iusto non repellat consequatur sunt sed porro voluptatem dolores molestias! Odit aut sunt error illo magnam quos molestiae commodi, omnis assumenda sit facilis molestiae unde.', 132, '01:39:01'),
(21, 'LightClean', 'Est possimus error molestiae eos, maiores nesciunt distinctio tempore voluptas ea quam rerum possimus enim.\r\nAdipisci eligendi harum voluptatem debitis sapiente est cum numquam aperiam qui dolor pariatur eligendi autem; quia nostrum magni et, laudantium error consequatur voluptas sapiente commodi perspiciatis temporibus sed id consequatur. Facilis perferendis nesciunt quia dicta dolores qui quo quia ut unde voluptatem voluptatibus autem alias. Et inventore ea alias in aut saepe et quia esse quia doloribus nobis rerum error. Sed vero aut dolore qui doloribus animi quisquam eveniet ut voluptatem possimus consequatur esse deleniti? Rerum necessitatibus modi illum possimus qui eius vel reiciendis vitae cupiditate facere minima obcaecati dolorem. Enim consequuntur mollitia sunt, et aut eum velit consequatur sit quod ut perspiciatis voluptatem optio? Quis consequatur modi voluptatem dolores distinctio at facere quasi illum praesentium nisi accusamus omnis sapiente. Ullam rerum quae cumque dolorum repudiandae suscipit et sapiente nobis aut iure incidunt vitae beatae. Consectetur distinctio dolores quia sit unde laborum in maxime est unde nesciunt aliquam nulla earum. Sed sit fugit, natus corporis nihil sequi voluptas nam nulla voluptatem aut porro ea aut! Suscipit omnis officiis a dolores quis incidunt officia dolor voluptates dolores repudiandae et aut similique. Consequatur facere tempora, consectetur impedit amet sunt aut vel minus explicabo eligendi consectetur omnis veritatis. Voluptatum ad dolorem rerum vel et voluptatem quae id, placeat quis sed ut debitis ea. Consequuntur voluptatem doloremque quo velit, cumque qui tempora ea expedita nam omnis non quisquam et! Cumque accusantium odio sit natus beatae ut voluptas veniam, voluptatem minus inventore similique enim amet; laudantium iste natus laboriosam et numquam natus et voluptates voluptatibus, libero et amet sunt hic. Debitis veniam officia consequuntur quas reprehenderit maxime quia consequuntur repudiandae adipisci architecto ut fugit quis.', 732, '00:00:02'),
(22, 'LightClean', 'Natus alias blanditiis eveniet error nam ea accusantium et sit sed quae dolor explicabo accusantium; sed quod maiores architecto est velit placeat velit deleniti ut quia ut nihil illum sit? Iste optio ut quas omnis harum quia porro sequi ut vel distinctio qui sit iste. Ut eos assumenda dolorum ad fuga et enim rerum, voluptatem delectus maiores adipisci qui vel. Enim eos molestias consequatur, natus ipsum architecto voluptates dolores in sunt aut tenetur debitis aspernatur! Dolores asperiores est necessitatibus iure et vitae ab illum porro neque dolorum ut distinctio eveniet. Assumenda quaerat neque aut voluptas natus magnam beatae aut reiciendis tempore quia aperiam rerum officia! Quia sit exercitationem dolores fugit vel dicta placeat voluptatem non quisquam et odio eaque quisquam. Soluta assumenda asperiores magni voluptatem esse iure et ut dolorum ipsum vero sunt necessitatibus alias! Quidem et labore adipisci aut rerum sit explicabo ipsum nemo commodi voluptatum quod dolores illo. Eum nisi aut voluptatem in aperiam fugiat perspiciatis vel nihil est quia ad consequuntur aliquam! Voluptatem a sint repudiandae voluptatem non officia veniam excepturi natus, magnam tenetur aliquid perspiciatis et? Obcaecati ea et eos ducimus ut est non voluptas et sapiente unde veniam nobis sint. Sit ut et minima voluptatem id cupiditate provident odit officia quasi modi vitae illum accusantium; laborum voluptates nostrum molestiae assumenda dolore porro sed veritatis impedit velit ut facilis fugit ea. Quos hic in, ut ullam voluptas possimus autem impedit voluptas dolorem temporibus et expedita id; adipisci incidunt excepturi consequatur commodi voluptatibus, unde facere eligendi pariatur totam et odit et eos. Est omnis in natus sint reiciendis ut consequatur quae quis sed minima accusantium modi est; tempora labore praesentium corporis aut hic nulla et vel voluptas voluptatibus quas aut quia sit. Dolor ut rerum aut, dolores ducimus id repudiandae consequatur deserunt est eius veniam modi laboriosam.', 757, '14:43:35'),
(23, 'LightClean', 'Quam iusto, quia voluptatem et nesciunt repellat aut voluptates aspernatur consequatur ut dolorum et quia. Explicabo facilis vel unde blanditiis aspernatur perspiciatis incidunt est similique quia autem odio, deserunt assumenda. Sit id rem aut aliquid esse quo qui recusandae nihil iure reiciendis quisquam officia eum! Minima itaque ad et ipsum explicabo dolorem voluptatum minus optio quisquam et quis est fugit. Inventore temporibus doloremque possimus ab ipsam provident inventore provident velit molestias, error fuga natus adipisci. Voluptatem enim, error et alias et iste excepturi modi atque unde tempore dolorum tempore iusto! Illo sit commodi mollitia voluptatibus aliquam sunt ipsam et qui ut dolorem omnis aliquid natus; quidem qui distinctio perspiciatis explicabo aspernatur maxime magni id numquam voluptatem veritatis quia architecto qui. Consectetur quos doloribus fugiat qui perspiciatis enim tenetur vel nisi ea qui ut est eaque. Sint sit adipisci illum odit voluptatem dicta unde at distinctio quis et quae est odio? Iste enim voluptatibus, itaque odit accusantium et eaque molestias consequatur eius obcaecati harum distinctio animi. Ullam accusamus nihil quis natus id et vel quasi nemo excepturi nemo aperiam aut quas. Ab rerum omnis rerum corporis harum aut voluptatem minima natus blanditiis ducimus pariatur iste sit! Veniam nemo non adipisci iure ratione et ipsam cum qui voluptatem id numquam voluptas magni. Ad ut ad magni cum soluta qui repellat debitis est deleniti est dolor aliquid enim. At officia quia fugiat quia atque at quia dicta inventore, autem quia sed tempora aliquid! Voluptatem necessitatibus quia accusamus recusandae, ut beatae est ut aut voluptatem sed dolor aut blanditiis.\r\nConsectetur iste consequuntur expedita est et, rem officia voluptatem illo et animi ea asperiores vitae. Sint quasi ut fugit quia, temporibus et alias sunt odit nam dolor similique et beatae. Sed perspiciatis dolor aliquid fuga consequatur, consequuntur eaque a sit similique enim sed neque consequuntur! Recusandae minima consequatur et repellendus non eos qui dolores nam praesentium et sapiente perferendis repellendus. Non consequatur voluptate, et quod soluta hic tenetur et consequatur laborum vel sed et qui. Beatae maiores tempora ipsam cupiditate est architecto et rem sit perspiciatis cupiditate iste quo quas. Voluptas rem quia enim minus vel neque optio perferendis voluptas aperiam voluptatem quia unde ducimus.', 63, '02:05:04'),
(24, 'DeepClean', 'Quasi excepturi explicabo illo quae facere error cumque omnis aut nam commodi quia pariatur ducimus. Iste nihil omnis corrupti suscipit sit ut, voluptatem illo minus qui sed est aperiam cumque! Cupiditate natus quibusdam omnis est beatae vel optio autem perspiciatis sit iste distinctio quo quasi. Repellat dolorem facere quasi officiis molestiae ad dolorem nisi error tempora architecto quidem in voluptatem! Unde error sit molestiae, eum qui dolor voluptatem deleniti perferendis qui dicta debitis ut iste; incidunt sequi distinctio eos soluta eos sint et mollitia quisquam quia deserunt similique doloribus reiciendis. Quae voluptas rerum, laboriosam quas eligendi distinctio exercitationem natus autem dolor et voluptatem quod ipsam! Dolores vel sit voluptatem porro consequuntur neque sed molestiae perspiciatis aut ut deleniti molestiae quae. Non in natus a vel rem ea voluptatibus qui accusamus et totam voluptas quia nam. Natus assumenda beatae, corporis aut sed ut sed aut quidem beatae quae officiis voluptatem ut.\r\nVeritatis dolor, cum inventore ullam eaque culpa at voluptates eius id voluptatibus beatae quia illo. Qui pariatur quam ut libero sit enim aperiam aut illo voluptatem esse vel modi aut! In et consequuntur debitis laboriosam sunt modi et quasi aperiam aspernatur aut cum natus quo. Quo dolorum ea neque natus rem dolores et rerum, impedit deserunt ad repellat aut ipsa. Voluptas quia pariatur, atque aliquid molestiae odit hic perspiciatis dicta dolores voluptatem vero suscipit sit! Tenetur impedit maiores aut, aperiam sit aut qui autem quae magni et doloribus voluptatibus sed. Ducimus quis, sit sint quod laudantium alias modi culpa molestiae omnis qui voluptas mollitia soluta! Magni reprehenderit aut totam, explicabo reprehenderit eum voluptates error voluptatem cupiditate fuga dolore nam unde. Et incidunt eaque hic veritatis voluptatem iste voluptas natus exercitationem magni tempora provident nam earum. Voluptatibus voluptatem quae dolor possimus est incidunt error hic excepturi voluptatem adipisci natus eaque corporis. Dolorem optio et qui dolorem ab voluptatem totam cupiditate nulla nisi quod asperiores a culpa! Ratione sed aliquam et consequatur praesentium amet voluptas perspiciatis officia rerum labore quod atque quasi. Omnis vitae quo suscipit rem aspernatur ea reiciendis dolor minima, at ut ad velit amet. Et omnis error porro qui quae voluptas eius eligendi sapiente dolorem aspernatur commodi aspernatur consequatur. Aliquam fugiat itaque tenetur soluta error explicabo illum quae ratione quo obcaecati numquam voluptas et.', 785, '22:51:38'),
(25, 'LightClean', 'In vel voluptatum unde aliquid iusto id eaque voluptatum tempora architecto ad numquam ut reiciendis. Beatae nam ipsum sit facilis temporibus vero qui dolores labore, ad hic saepe eum aut. Adipisci error aut id, unde sed amet quae saepe nostrum illum ut eveniet dolores repellendus.\r\nPariatur recusandae animi est iste et ut mollitia velit natus facilis voluptas magni iure qui. Voluptates esse eos qui et aspernatur sunt molestias qui, doloribus quod autem perspiciatis amet voluptatum. Unde vel et est velit non culpa nihil, nemo consequatur et laborum rerum dolore ab! Eum perspiciatis tenetur quod ut rem obcaecati quia quasi quos velit, qui aut qui cum. Quasi sint dolor quo aut omnis libero voluptatem ut quasi voluptatem aut voluptatem repudiandae unde. Ea consectetur, sed quisquam ipsam et natus rerum ea obcaecati consequatur voluptatem quasi architecto nesciunt. Quam error nostrum aut, ut molestiae vel tenetur facilis aperiam dignissimos nisi quis provident ut. Quae consequatur quisquam molestiae error beatae magnam qui recusandae excepturi vel eligendi voluptas obcaecati blanditiis? Enim autem ut quae, voluptatem dolores sed iste sint nihil dignissimos iste a totam beatae! Ut totam non sit nihil laborum voluptatibus qui iusto ad amet similique laborum fuga quos. Vitae omnis aliquam culpa quos consequuntur itaque ipsa consequatur porro aut pariatur in et esse. Rerum quas, molestiae repellendus corporis nesciunt eius quas consectetur id qui est nisi exercitationem eos. Aliquid voluptatem molestiae possimus voluptatem natus inventore perspiciatis provident est ex pariatur et quae harum? Vero ut voluptas officia amet voluptatem quibusdam quasi necessitatibus maxime modi minima molestiae omnis iste! Dolorem odio voluptatibus dignissimos voluptatibus ut aut error nam, sed vel sint et repellendus sed. Qui ut quisquam neque aspernatur ut est natus est qui alias voluptatem veritatis sit quia. Recusandae deleniti natus blanditiis, quas voluptatibus unde aperiam enim dolorum quia ipsa sit rerum consequuntur. Soluta cum, non vero quis eum aut ea ad saepe fugiat dignissimos natus ducimus suscipit.\r\nIste commodi optio ex similique quia voluptatem voluptate architecto ut qui error fugiat qui quidem. Suscipit est aut quis incidunt libero non neque ipsa quae aut quasi sequi deserunt corrupti. Ab aut in sed quos magni sed voluptates voluptas nisi dolorem et quam officiis et. Blanditiis non dolore labore et non ut voluptas, tempore quo nobis enim officiis qui similique. Quo et enim iste animi voluptatem et quasi a, iusto pariatur blanditiis expedita iusto perspiciatis. In quia maiores, eius sequi laboriosam ullam veritatis quibusdam explicabo et itaque neque nobis et! Vitae quibusdam voluptatem sunt dolor nesciunt natus, dolore dicta minima ut facilis iste omnis ut? Blanditiis dolorem quo minima sit quisquam, culpa rerum natus perferendis ipsa sit minus aut necessitatibus! Aspernatur nobis perferendis non est ut accusantium omnis explicabo exercitationem nobis atque et laudantium aut. Quia rerum possimus omnis minima ea unde quia laudantium qui omnis velit ea ipsa delectus.', 343, '21:44:28'),
(26, 'DryClean', 'Sed molestiae velit tenetur temporibus aut sit assumenda non delectus molestiae velit id recusandae maxime. Adipisci nostrum mollitia, at omnis error sed autem soluta eum reprehenderit eum voluptas ut sit. Voluptatem minus perspiciatis id magni repudiandae, error voluptatem possimus enim delectus omnis et iure ipsa. Hic deleniti omnis et quod qui debitis iusto, ipsa veniam ut dolore aliquid est reiciendis. Ut labore quam laborum quos optio maxime voluptatem molestias omnis illo voluptate sunt porro neque; recusandae corrupti, ut error eveniet cupiditate nulla perspiciatis ipsam quia quaerat voluptatem vero magnam nesciunt. Enim incidunt error eum aliquid sunt magni voluptatem numquam fugit reprehenderit, et maiores molestiae veritatis.', 911, '00:00:07'),
(27, 'DryClean', 'Impedit fugiat voluptatem quod ea nihil temporibus qui numquam repellat provident ut, et rem ipsum. Ut qui fugiat qui eum quam asperiores corrupti tenetur et repellendus laboriosam qui ipsa dolor! Omnis fugit qui omnis sed, animi harum eos dicta nesciunt animi consequatur itaque non pariatur. Dolore voluptas, quidem accusamus at est non velit qui quae neque aperiam consequatur aliquam quas? Unde natus ipsum animi qui ea voluptatem deserunt, minus natus minima quae odio neque et; voluptas est porro sed quas commodi incidunt eligendi natus voluptatem pariatur voluptas amet odit aliquid; quas unde eos consequuntur pariatur numquam magni, labore sunt et dolores itaque qui omnis est. A et veritatis odio sit itaque natus voluptatem corporis cum consequatur porro sit tenetur deserunt! Voluptatem ipsum aut eveniet exercitationem fugit iste et ipsum deleniti ut delectus iusto ut omnis. Aspernatur et quos earum non error qui est natus perspiciatis quia corrupti doloremque dolores ratione. Eveniet consequatur excepturi sit et blanditiis sint illum necessitatibus deleniti aut vitae velit impedit aliquam. Aspernatur voluptatibus non ducimus tempore corporis voluptatem unde praesentium aliquam reprehenderit earum corrupti aut dolor. Earum quaerat, omnis dicta voluptas consectetur similique architecto officiis nesciunt aliquam voluptatem voluptas distinctio aut...', 841, '21:44:04'),
(28, 'DeepClean', 'Deserunt error aliquid, modi aut nesciunt blanditiis iste perspiciatis modi aperiam dolorum voluptas at pariatur. Eligendi quia et aspernatur unde nostrum qui quam excepturi aliquid natus qui ut sunt modi.\r\nDebitis atque vitae ut tenetur voluptatem voluptate iste sed ipsam possimus autem esse laborum error. Et veritatis rerum dolorem ab ratione optio dolores neque consequatur voluptas commodi natus quas voluptatibus. Atque ab numquam dolores ea blanditiis excepturi fugiat in atque quia sunt molestiae corrupti excepturi. Natus asperiores harum ipsam quo rerum veniam deleniti odio asperiores sit omnis aliquam itaque in. Ratione sit eum, voluptas sunt saepe incidunt consequatur nulla totam qui voluptate odit ea dolor. Qui exercitationem inventore quia accusamus atque voluptatem aut iste mollitia officia natus asperiores veritatis obcaecati. Ut dolorem, veritatis est quod ab quae laudantium omnis sit nostrum fuga facere laboriosam omnis. Fugiat et repellat sed, nihil ut vero accusantium facilis nesciunt dolorem tenetur aperiam maiores totam; beatae recusandae natus atque ab tempore accusamus placeat sapiente incidunt ut ducimus natus qui modi. Harum vel maiores molestiae reprehenderit corrupti est voluptatem dignissimos nulla qui at nisi enim nihil. Rem velit ipsa, a ex ut aliquam sed et aspernatur deserunt dolorem cumque maiores sequi. Omnis voluptatem, voluptas dolorem sed est aut et omnis nemo consequatur qui praesentium sint nostrum.', 477, '09:07:49'),
(29, 'DryClean', 'Illo tempore voluptas explicabo vel sed iste recusandae aut sunt delectus magni doloribus qui est. Harum porro quia rerum assumenda aut sit totam praesentium voluptas officia sit corporis in magni. Aut repellat amet enim veritatis eum in ut placeat dolorem corrupti dolor iste sed maiores. Et maiores ea nostrum vel ut sint blanditiis dolor culpa nobis non dolores vero labore; quia sed minima, et deleniti eum optio ea fugiat omnis perferendis rerum quia sint error. Consequatur corrupti facilis velit, non nisi ratione culpa iste dolore tempore nam sed vitae atque! Dolorem dolores recusandae esse fugiat maiores quae atque minima est aliquam et sed architecto dolor; rerum consequatur, error ut necessitatibus est unde qui dolores non error quia odit ea rerum. In saepe suscipit natus ut dolore delectus sed officiis, aut quo unde aliquam commodi saepe? Laboriosam est perspiciatis similique sed rerum magnam nam hic sint non libero aspernatur ut omnis. Eum mollitia rem eligendi perspiciatis voluptatem ab consequatur sed sit necessitatibus ut voluptatum molestias ab! Vel quo tempora sint et corrupti perspiciatis consequuntur unde est aut unde animi doloribus sed. Fugiat perspiciatis sed nulla et ea qui suscipit, quod dolores deserunt omnis iste placeat maxime. Inventore omnis illo qui in velit nisi vel illo esse repellendus sit dolores reiciendis rem! Quo minima architecto error quas omnis distinctio, recusandae atque natus quia et omnis ratione natus.', 636, '03:01:42'),
(30, 'DryClean', 'Facere sint accusantium repellendus debitis magni excepturi dolorum beatae debitis quod adipisci velit a sit. Voluptates distinctio architecto non nesciunt ut nesciunt magnam magni consequuntur dolorem quisquam tempora nam ut. Voluptatem vero soluta molestias sapiente eos error aliquam natus, sunt nisi dolores commodi voluptatem dignissimos. Saepe rerum ducimus deleniti qui magnam vero accusantium non sit ut quia aut qui ratione. Ad sed ratione libero dolorem quas delectus eos explicabo quaerat quia sed cum suscipit fugit. Omnis ut ex voluptatem nam non voluptatem qui eum dolores inventore repellendus doloremque, voluptas quis. Ipsa et ut nihil molestiae, sit alias ut sed est repellat ad illum consequuntur minus. Qui quibusdam voluptatum, in cupiditate ut animi ex porro dignissimos sunt libero qui eum cum! Pariatur architecto omnis necessitatibus quas sunt, neque tempora sed eveniet aliquid error sapiente ut sapiente. Excepturi ut dolores id cupiditate nihil fugiat temporibus cumque soluta consequuntur et perspiciatis nihil quae! Eveniet iure molestiae reiciendis eum dignissimos blanditiis, quo doloremque ut dolore dolores dolore amet quis. Eum suscipit quos maxime quo modi omnis quasi fuga eos sit fugit unde atque facere. Velit quam autem fuga aut corrupti necessitatibus accusantium esse iste magni sit aperiam est accusamus. Quidem asperiores recusandae, molestiae modi accusantium ut deserunt reprehenderit veniam non ut qui incidunt rerum...', 4, '19:03:52'),
(31, 'LightClean', 'Ipsa quis velit facilis est blanditiis neque quia sit consequuntur quod asperiores qui iste cum. Laudantium non nam iusto sed doloremque iure rem voluptatum praesentium unde sed voluptatem aspernatur odit. Odio aspernatur molestias voluptatem omnis doloremque, aut pariatur magni autem ut ex ipsa voluptatibus ipsa. Error et, illo ut deleniti labore officia enim fugit temporibus tenetur quasi accusamus ut et. Aut suscipit inventore perspiciatis quidem sit rerum iste autem sunt consequatur ipsum enim consequuntur velit.\r\nNon aut quas quia repellendus quia odit tempora voluptatem omnis nihil velit officiis omnis iusto. Iste sint quisquam qui officia in omnis incidunt dolor illo eum dolorem voluptatem sed vitae. Architecto dignissimos blanditiis aperiam aut ullam distinctio qui in quia odit voluptas at et quaerat.\r\nEum enim voluptatem quo maxime ut sint sequi, nulla perspiciatis magnam beatae ut qui laboriosam. Consectetur dolorem, distinctio laboriosam velit distinctio velit dolore enim sit quam minus ut sit doloribus. Qui nihil eum saepe magni inventore voluptatibus perferendis nesciunt unde quos natus ea aperiam aut.', 113, '15:36:37'),
(32, 'DryClean', 'Error eum amet velit officia a ut pariatur voluptatem quibusdam modi cum dolores saepe eum; illo sapiente ipsum voluptatibus omnis, exercitationem assumenda et id vero suscipit voluptatem laudantium ad velit? Voluptas minus dolor, ut ratione perspiciatis numquam autem ullam ut laboriosam doloribus qui omnis nesciunt. Qui aut laudantium iusto dolorem cumque aperiam eligendi dignissimos doloremque et ducimus rerum fugit temporibus. Nihil et culpa ut, dignissimos quasi dolores incidunt ut ipsa sed et ad laboriosam omnis. Autem adipisci nostrum et a et sunt voluptatum ut cum aspernatur id quas omnis ut. Et unde quis maxime voluptatibus sit eos explicabo sed esse incidunt corporis tempore qui aut.\r\nDeleniti soluta totam necessitatibus omnis facere et facilis corporis et dolore qui ipsa est explicabo. Molestiae iste ea expedita et quaerat qui dolores itaque ut quo ipsa consequatur ducimus nisi! Omnis nisi vel qui quidem omnis dolores illo quis rerum unde deserunt sit voluptatum enim. Suscipit sed esse doloribus molestiae aut ut amet fugiat rem rerum placeat et iure facere? Unde vel omnis qui iure perspiciatis consequatur ab numquam repellendus neque sit iure eius nihil...\r\nOfficiis molestiae, sunt ad rerum omnis error ex itaque et quam cumque qui unde molestiae. Ut consequatur id similique odio dolores corporis, tenetur molestiae eveniet at iusto et natus dolores; unde nesciunt officiis ut sunt repellat dolor est quia nihil repudiandae natus corporis soluta non; saepe facere dolorem eos id nam laboriosam rerum laboriosam ut nemo voluptates dolorem omnis unde. Qui iste aut vero tenetur dolorem, praesentium aut nemo aut dolorem autem sapiente aperiam et...', 165, '12:11:13'),
(33, 'LightClean', 'Fugiat earum dicta asperiores blanditiis quisquam explicabo enim amet sed nostrum voluptatibus reiciendis delectus quia. Deleniti et molestiae sunt omnis aliquid voluptas beatae ut voluptatem rerum voluptatem et id rerum. Rerum minus, labore cum error voluptatem itaque aliquid est consequatur ipsam natus sed iure ipsa; iure perspiciatis officiis quibusdam voluptatem maxime in tempora ratione id alias ut labore in natus? Qui blanditiis quasi voluptatem rem voluptas error iste minima vero recusandae sed reiciendis omnis illo. Provident porro rem amet maxime est et laboriosam aut quaerat cum sunt eum culpa ut. Quo eius dicta quos voluptatem et omnis voluptatem sunt, minima omnis numquam sit consectetur eius! Cumque a exercitationem doloremque, alias sed ex id non unde et sed quasi architecto et. Tempora quis deleniti velit voluptatem qui tenetur facilis dolores asperiores ut incidunt eos quis et. Et iste ut autem rerum praesentium ut nobis provident laboriosam perspiciatis distinctio sequi natus non. Id dicta eaque sed sint natus voluptatem eveniet nisi voluptas non eos assumenda ut natus! Fugiat optio, aperiam sit soluta perspiciatis unde nam unde explicabo voluptas similique impedit placeat unde...', 307, '16:40:39'),
(34, 'LightClean', 'Unde est facilis placeat sit ut vero nobis minus quia eos minima non aut nihil. Omnis aliquam officia architecto, dicta tenetur dolorem laboriosam architecto inventore veniam cumque quo ipsum sunt? Dolor iste aut et nisi ad sed nulla ut voluptates exercitationem ut aut culpa et. Quo aspernatur non laborum, voluptatem explicabo quis distinctio nisi ut exercitationem enim similique eos quis! Libero vitae unde commodi hic doloremque ea eaque excepturi iure accusantium quam sit iure doloribus. Quae unde maxime id quis quos mollitia nostrum sit saepe error quaerat corrupti accusantium omnis; in nostrum, eligendi aut rerum nihil dolores aut blanditiis quasi reprehenderit illo eum natus nisi. Animi dolor nostrum laboriosam numquam sint omnis nostrum iure cumque praesentium totam quaerat aut rem. Quaerat accusantium laudantium repellat quo perspiciatis qui veniam iste magni voluptas eos natus omnis aut. Tempora commodi rerum autem consectetur distinctio aliquam libero ratione asperiores quasi et qui in voluptas. Tempore et earum eum nam dolor vero ut hic sint maiores modi consequatur saepe libero. Eum sed iure et, hic ut eos totam minus dolor voluptatem beatae impedit quia unde.\r\nProvident ut soluta, sit voluptas omnis aperiam ratione repudiandae in ut est laboriosam nisi voluptatum. Similique voluptatem et voluptatem ut incidunt maxime et voluptatem sed et natus id et est? Impedit enim culpa voluptatem, officia natus voluptas natus et qui iusto commodi corporis sit modi; et ipsa et officiis in vitae, magnam rerum natus cumque sit facilis dolores labore error. Voluptatem ab nisi et sit cumque non placeat suscipit saepe quae consequatur dolor quia et! Ut corporis architecto laborum voluptatem in harum distinctio praesentium omnis ipsum dolorem doloribus nam sed. Corporis aut, labore sunt recusandae similique libero ut odio tempore autem minima obcaecati porro voluptatibus! Consequatur repellat obcaecati voluptatem in quis sapiente nesciunt accusamus sed dolor tempore voluptatem sed aspernatur. In recusandae, deserunt sunt labore dolorem dolores consequatur unde ut consequuntur cumque voluptatem animi repudiandae. Iste et unde neque ipsum, ea maiores asperiores provident ut quia labore et rerum eius. Est possimus necessitatibus iste, molestias incidunt et iste ut temporibus explicabo architecto error vel consequuntur.\r\nExercitationem dolores assumenda ex quia iure saepe natus, et repellendus enim molestiae quod et laboriosam. Veniam aut culpa veniam omnis quo eum esse, doloribus ex neque repellendus doloremque non perspiciatis. Consequatur excepturi nulla ab id enim molestiae illo vitae quia eum dolor odio error iste; perspiciatis quia, error non debitis id aut cumque in et quae ducimus est eos quod; ex natus sunt amet aut, repudiandae magni omnis ut molestias et architecto enim saepe modi. Eum excepturi consequuntur veniam, officia nam odit ut sit repellendus exercitationem nostrum rerum sunt non. Est error unde in numquam, facere natus sit voluptas corporis atque fuga nulla aspernatur molestias! Aut sit iusto voluptatem, natus perspiciatis similique est et cumque vel voluptatibus quia nam repellat. Maiores rerum et labore aperiam et nobis quis, cupiditate reprehenderit veniam ducimus vel dolor sed; ut natus minus ut tenetur autem voluptas eos omnis nihil voluptatem expedita aperiam omnis inventore.', 853, '00:00:33'),
(35, 'LightClean', 'Vel dolorem praesentium consectetur ad itaque quia velit, sed recusandae impedit architecto eos et alias. Totam omnis temporibus dolorem magni obcaecati libero quos porro error laudantium qui fugit qui ut. Temporibus consequuntur natus quo perferendis ipsam consequuntur et odio delectus mollitia non sed error non! Est vero, voluptatem similique deleniti incidunt excepturi ullam recusandae ut quam dolorem cumque facere ad. Voluptatum distinctio explicabo et hic ut dicta nostrum sed unde eligendi voluptatibus atque sit qui. Labore ea atque repellendus corrupti possimus sapiente quis pariatur magnam autem mollitia impedit minima perferendis. Consequatur voluptate et omnis sed quisquam facilis est et rem minus dignissimos quos provident corporis! Eius tenetur voluptatem nemo ad quam sunt voluptatem reiciendis soluta, neque numquam perspiciatis est aut.', 19, '00:09:58'),
(36, 'DryClean', 'Veniam ratione hic sit id ut et, itaque ullam saepe quia omnis voluptas nulla ut. Impedit dignissimos consequatur sed non ea, nisi quasi error et rerum sed officiis omnis repellendus! Dolorem omnis nisi et omnis nihil suscipit est dolores accusantium est dolores ut suscipit quidem. Quasi consequatur iste perferendis nulla laudantium aliquid voluptas earum culpa ut quasi sed eum quo; quibusdam sunt quibusdam vel dicta explicabo, tempore dolorem voluptatem porro error cupiditate neque impedit doloremque. Unde qui eveniet nostrum impedit iure non et doloremque maiores et eius facilis provident qui! Et a est et amet magnam doloremque quis voluptate cum officia dolor doloremque et aut. Alias unde accusamus magnam temporibus ut nisi unde mollitia ea doloremque hic ratione sunt vitae; voluptatem et atque quidem voluptas magni sequi necessitatibus temporibus error excepturi atque rem et quia. Voluptatem enim error tenetur ut et, corporis dolorum molestiae excepturi facere nemo labore delectus sed! Dolorem libero impedit cupiditate et quas, omnis tenetur ut reiciendis inventore deserunt et sequi quis? Sunt ut error consectetur sint dolorem expedita saepe quis aut totam voluptatum ea sunt atque. Hic error saepe, perferendis ut odio non nobis accusantium dolore perspiciatis porro natus quibusdam ex!\r\nError necessitatibus unde delectus, sit neque doloribus fugiat veniam maxime nesciunt rem et dolor et. Eligendi et debitis consequuntur, non consequuntur omnis doloribus consequuntur natus enim et veniam esse sit? Cumque optio, possimus id qui recusandae et est consequatur alias esse est fugiat enim voluptatem.\r\nUnde culpa sit natus incidunt omnis sit, qui ut nesciunt exercitationem rerum ab maiores velit. Et est recusandae dicta corporis porro est velit vitae quisquam et minima molestias perferendis voluptas.', 4, '13:24:56'),
(37, 'LightClean', 'Labore iusto laboriosam delectus similique eos ut impedit ea, exercitationem consectetur commodi officia repellat omnis. Doloremque quia laudantium consequuntur quos quia consequatur officia commodi ipsa aut non, exercitationem iste aliquam. Nam quod animi assumenda eius dolorem sit modi exercitationem nemo, perspiciatis consequatur in dolore ipsa. Maxime quas perferendis, eum nihil ea dolorem nostrum natus mollitia accusantium repellat quia consequatur ut. Illo qui perspiciatis illum, dolor magnam provident commodi recusandae ut autem dolore odit in nam! Qui repellendus esse sit dicta perspiciatis harum tempore ab eum nostrum aperiam assumenda eligendi dolorem. Est voluptatibus aut sit sed impedit dolorem fugiat maxime rerum unde consectetur consequatur sit nobis. Perspiciatis iste et alias consequatur qui consequatur molestiae est molestiae dolorum harum esse molestiae totam! Sit ex voluptate est quis accusamus sed quas et consequatur et sed minima voluptatem qui? Assumenda sit saepe corrupti id ut provident velit natus temporibus ex expedita nesciunt voluptatibus enim! Vitae officiis rerum minus aliquid ipsam fugiat consequatur nam omnis quos officia deleniti ducimus natus. Iste nihil quaerat odio eaque in fugit dolorem ut id ducimus facere eos sed animi? Dolor voluptatem harum modi aut, repellat quisquam omnis in sit et quod assumenda et natus. Voluptatem incidunt natus alias voluptatem dolores natus quasi rerum similique aliquid libero ab voluptates nihil. Ducimus iste ratione accusamus commodi perspiciatis aut sit id enim ullam reprehenderit facilis sit maiores. Consequatur qui itaque asperiores quae debitis aut nisi omnis saepe sit nisi sit voluptas ut.\r\nUt ipsum non suscipit eos rerum molestiae soluta atque consequatur soluta quibusdam autem omnis voluptate. Natus alias tempora dolore cupiditate reiciendis totam ratione iste commodi non ipsa voluptates distinctio velit! Optio quo nulla perspiciatis possimus ut, aspernatur voluptas illo architecto quibusdam quam fugit autem nemo. Iste ut voluptatem nisi, corrupti fugit quia ut similique modi amet dolores nulla ratione quo? Rerum voluptatem, quasi non et qui atque quis deserunt architecto quibusdam sed culpa unde aut. Neque assumenda cum dolores et iusto earum voluptatem magni eos et hic voluptatem nulla aliquid. Sunt eligendi facilis non aliquid quia eius facilis temporibus, ipsam eum sit omnis voluptates enim. Rerum et error autem tempore qui veritatis quia consequuntur iste, excepturi nisi dignissimos ut quia. Libero sit obcaecati excepturi velit iste aut doloribus laudantium voluptatem ab ut iure in iste; molestias rerum saepe, voluptas molestiae nisi dolores autem pariatur qui natus consequatur recusandae adipisci est. Sunt dicta natus sed voluptates libero, laborum obcaecati incidunt voluptatibus perspiciatis voluptatem suscipit sequi quae! Nihil iste aut, dignissimos perferendis voluptas sint voluptatibus quisquam eligendi beatae et natus debitis non. Enim voluptatem quo ut et consequatur aut est exercitationem, alias est odit quae id enim. Totam dolor sed illum ea natus nulla iste reprehenderit adipisci illum commodi minus tempore molestiae! Aut qui error aperiam minima dolorum autem facere explicabo sequi enim libero blanditiis quia repellat.\r\nEt est rerum aut, sed perspiciatis culpa voluptatum aut dicta sunt ducimus ut culpa et. Vel quia, ea laboriosam asperiores cumque et deleniti quia voluptatibus accusantium adipisci vel eligendi voluptatem; a fugiat aut velit qui molestiae ut quia explicabo natus facere et voluptatem quidem illo. Quo aliquam perspiciatis et deleniti quaerat quos rem corporis quisquam sequi iste quis quos repudiandae. Voluptatibus architecto in molestiae et consequatur iste sequi corporis voluptatum placeat porro nemo sit laudantium. Omnis sequi et necessitatibus reiciendis eius possimus exercitationem quidem ut voluptas ex velit iure aut! Accusamus dolorem obcaecati, quo tempora cumque quibusdam dolores voluptatem natus fugiat consequatur eligendi at quis. Sint voluptatem qui veniam eum, magni laboriosam autem ullam quam accusamus soluta laboriosam eos non? Consequatur deleniti tenetur architecto perspiciatis perferendis eos sit necessitatibus reprehenderit quae eos perspiciatis sit enim; iste officiis quia veritatis sit iste et omnis cupiditate est dolore esse ut temporibus tempora; odit dolore labore error ipsum velit, ex non ut quidem et qui deserunt suscipit eos? Molestiae doloremque, quia natus perferendis iste a iure et nihil quos tempora est in consequuntur. Assumenda obcaecati aut ut autem ut natus eos autem sequi beatae dolorum sed omnis amet. Cum fugit aut rem sunt molestias facilis rerum molestiae dolorem rerum quia nihil distinctio excepturi.', 82, '02:12:56'),
(38, 'DeepClean', 'Et sit inventore voluptas est beatae reprehenderit qui exercitationem consectetur quo iste animi molestiae dolorem. Rerum et dolorem ut ea reiciendis voluptas architecto ut aperiam sit distinctio molestiae quas ut. Sunt sint, qui delectus fuga reiciendis omnis accusamus ratione ut aut alias molestiae non neque! Non ut rerum quia qui placeat porro facere dolores ut et dolore sapiente quia unde. Modi ipsa repellat quas quo inventore non quis voluptatem aut similique in dolores atque beatae. Dignissimos incidunt natus ad hic voluptatem commodi cumque suscipit illo ipsa odio perspiciatis quisquam et. Quibusdam est ut voluptatibus reiciendis optio et pariatur magni delectus atque, labore natus asperiores similique? Provident dignissimos fugiat suscipit est illo veritatis possimus voluptas vero unde dignissimos reiciendis ratione autem.\r\nOfficia sit rerum dolore voluptatum molestiae modi, voluptatem voluptas iure veniam eaque fuga voluptatem rerum. Quibusdam voluptatibus est saepe sit vel in repellendus nihil tempore voluptatibus et nulla beatae aperiam! Dolore error facere nemo rerum dicta voluptatem nulla adipisci aut non suscipit adipisci sint quia. Dolorum consectetur minima hic, sit molestias error asperiores voluptates repellendus eos qui sed sit illo; totam molestiae velit et exercitationem magnam non voluptatibus ab deleniti fugit quae ex mollitia sapiente. Praesentium omnis saepe qui impedit accusantium nemo dignissimos voluptas in consequuntur quis et id quis? Omnis rerum architecto, et unde odit soluta unde numquam corporis velit facilis ut provident qui. Natus dolorem cupiditate dolor rerum expedita inventore voluptatem sunt quam veniam dicta quos distinctio unde. Sit neque, harum dolores optio inventore voluptatem eos sit vel rerum quis nisi et nulla. Eligendi cumque velit quis fugit neque maxime suscipit reprehenderit, suscipit voluptas provident aspernatur et quis. Ratione ut voluptatem veniam voluptas reprehenderit est quibusdam totam voluptatem rem quasi quis aspernatur totam! Atque optio doloribus, velit saepe omnis pariatur deleniti cupiditate ipsa laudantium sit natus veritatis natus. Quis consequatur aperiam error autem sed, repudiandae praesentium beatae voluptatem optio voluptatum ab quo expedita.', 105, '00:00:10'),
(39, 'DeepClean', 'Et excepturi et, qui eligendi perspiciatis natus doloremque id libero ducimus sed magni sed ipsa. Voluptates tempore ipsum assumenda omnis et voluptas culpa soluta debitis error et iusto assumenda dolore. Exercitationem ut molestiae esse velit voluptatem et nisi, id et quia iste voluptatem et voluptates. Officia molestiae, sint quidem animi sed ullam sint ut doloremque eos corrupti sapiente excepturi corporis. Hic aliquam ut iste esse corporis, voluptatem reprehenderit est blanditiis officia mollitia voluptatem tenetur facilis. Ut sapiente ipsa unde blanditiis labore quo ipsa blanditiis voluptates, ratione vero qui culpa error! Natus non libero, sed molestiae qui ipsa ullam natus et aspernatur asperiores quam exercitationem et. Obcaecati minima et aliquid ex qui consequuntur magni incidunt quis ut consequatur et est incidunt. Delectus et, quam repellendus rerum at eius ea temporibus omnis libero qui hic ducimus cum. Quidem ipsa error deserunt, error alias voluptatem unde voluptas veritatis omnis sed voluptatem sunt iste. Pariatur quaerat fugit, ipsam fugit est in veniam possimus fugit sed incidunt error similique qui. Consectetur voluptas est distinctio tenetur est, totam cupiditate ut provident in corporis vel ut quas! Optio cumque sit natus illo asperiores nisi, dolores ut corporis illo placeat sed excepturi nesciunt? Quo et facere ut enim error aut nisi dignissimos voluptatum et quos cum facere fugit! Architecto rerum magnam blanditiis, voluptatibus et fugiat consequuntur ut sed nulla debitis ex odit ut.\r\nQui illo eius fuga, est perspiciatis quas nobis unde qui doloribus fugit perspiciatis inventore in. Est molestias ipsa dignissimos distinctio rerum numquam voluptatibus molestiae nihil voluptatibus aut, et saepe omnis! Molestias quisquam, magnam veritatis obcaecati qui ut eum non velit totam laborum vel quia tenetur. Temporibus officia, in a quo sit sunt reiciendis voluptas praesentium esse dolorum ut voluptatem quas! Atque nisi aut earum dignissimos ut culpa molestiae autem recusandae quo iste error enim cupiditate. Ducimus perspiciatis ipsum unde voluptate officia, nostrum natus quidem omnis voluptatem repellat corporis quibusdam delectus. Natus doloremque, et excepturi temporibus dicta et magnam molestiae sequi veniam aut nesciunt inventore cupiditate! Consectetur sed ut qui molestiae animi, est et velit odit cupiditate accusamus incidunt corporis adipisci? Velit sed, nostrum natus maxime obcaecati illo error ut qui esse ipsa sed dolorum provident. Sit id, voluptatem eligendi sed impedit consequatur sit voluptas iste aliquam voluptatem qui ut soluta. Blanditiis expedita et perferendis voluptatem delectus voluptatem soluta nobis maxime dolor maxime illo sunt odio. Odit in voluptatum natus est, sed sint magnam inventore dolorem earum sunt dolores exercitationem explicabo. Doloribus voluptatem doloribus expedita quia eum magnam libero ea cumque, sed exercitationem nulla fugit aut. Totam et doloremque, inventore ipsam quas vitae mollitia tenetur natus enim ut sunt cumque minima! Ad quia voluptatem voluptas fugiat id nobis non sed dolorem explicabo qui aut natus non. Quia ea neque ipsam et eos corrupti voluptatem nihil dolore in neque reiciendis qui quia. Sit voluptatem, doloribus veniam vel est et voluptatem iste commodi sed quaerat dolorem exercitationem ut!', 647, '16:56:21'),
(40, 'LightClean', 'Impedit sunt tenetur nostrum mollitia ratione porro aut ut consequatur natus iste aut placeat pariatur. Enim itaque, ad omnis iusto blanditiis aut dolore consequuntur eaque odit omnis sed est quis. Sunt omnis ut qui ea sit saepe consequatur sit dolores id obcaecati nihil sunt odio. Accusamus vel quasi aut ex sed at nemo sed aut dolorem qui sed libero voluptatem. Omnis reprehenderit incidunt, sequi quam sunt quia sint nostrum itaque natus impedit porro nemo quis! Et amet, dignissimos cum et non facilis architecto exercitationem iure omnis dolor accusamus incidunt eveniet. Sit esse ut est odit maxime qui molestiae inventore odit unde perspiciatis iste modi ut. Commodi pariatur et id assumenda eum laboriosam porro possimus qui sed voluptas eum enim ut.', 505, '02:47:33'),
(41, 'DeepClean', 'Sint eius saepe sed labore vel accusantium mollitia repudiandae qui ab laboriosam ex sint autem. Possimus omnis et possimus velit suscipit fuga, eius quis et vel dolores in consectetur nam. Ad autem architecto tenetur omnis asperiores similique unde, et rem ipsa ea natus asperiores delectus. Perspiciatis est voluptas omnis architecto sit facere quo qui itaque et sunt deserunt animi est? Voluptate rerum quaerat, eius qui iste fuga odit porro quis qui praesentium expedita suscipit voluptates. Dicta inventore debitis eum ex quibusdam qui deserunt consectetur sunt sed et rerum quisquam numquam? Sit consequatur ut voluptatibus voluptatum aut explicabo quia est consequatur iusto et nihil est mollitia. Aut amet similique itaque aut, est aut enim error sit sed rerum non enim voluptatem. In consequatur, aspernatur dignissimos excepturi voluptas eius a cum iure non voluptatem quasi ut ex. Dignissimos ut aperiam quia iure quis dolorum quia dolor tempore unde recusandae dolorem sint ipsam...', 411, '00:02:30'),
(42, 'DryClean', 'Harum ut nam, quasi ut sequi dignissimos magnam omnis voluptatem similique exercitationem ducimus et numquam.\r\nConsequatur nesciunt repellendus similique molestiae perspiciatis voluptatem et qui quaerat sit voluptas maxime sunt qui. Nobis porro et repellendus fuga blanditiis quisquam molestiae sunt eligendi iste dolorem sit et assumenda! Officia magnam enim rerum quo ad sapiente, ipsam quisquam ea qui quia ullam animi et. Soluta voluptas, assumenda numquam error omnis minima temporibus vel accusamus sed et saepe nostrum est.\r\nAliquam qui enim eum magnam accusantium, et ipsam deserunt nesciunt exercitationem dolorem voluptate aut unde; consequuntur architecto officiis dolor obcaecati nihil aut sequi tempora et id fugiat qui voluptas consequatur. Aliquid officiis maiores blanditiis omnis qui et, quae unde velit dolores vel quia quis qui. Labore ut deleniti eaque consequatur necessitatibus laboriosam hic quia architecto at vero voluptatem exercitationem alias? Reprehenderit incidunt, atque facere tempora architecto quia animi libero aut tempora tenetur laboriosam obcaecati dolore. Qui architecto impedit nihil possimus minus quia sunt voluptatem perspiciatis debitis optio omnis recusandae cupiditate. Laboriosam quia voluptas quos ut odio officiis commodi, repudiandae et porro modi nam eligendi quod! Omnis architecto magni voluptates, officia quas reprehenderit eligendi qui sed tenetur molestias et enim labore. Ut ratione quia officiis dicta ut cupiditate tempore non perferendis earum nesciunt dolores quis praesentium!', 77, '00:10:50'),
(43, 'DryClean', 'Autem quia adipisci repellendus dolorum saepe omnis ea nesciunt exercitationem vel praesentium aut qui quidem.\r\nSed consectetur et odit minus in itaque at nesciunt sapiente quod sint et dolorum assumenda.', 43, '22:22:56'),
(44, 'DeepClean', 'Aut velit aut tempore voluptas ut enim et enim culpa exercitationem aliquam sit sed perspiciatis. Omnis qui, a ut voluptas voluptatum quo voluptas et eos amet rerum nobis possimus sint. Voluptas eaque est ut eveniet sed necessitatibus aperiam ut in perspiciatis nesciunt numquam nisi cumque. Perspiciatis unde voluptas iure necessitatibus ut, non exercitationem soluta quis eveniet maxime ipsa iusto quia!', 107, '00:21:05'),
(45, 'DeepClean', 'Neque voluptates non, eligendi unde perspiciatis enim sed odio consequatur voluptatem unde voluptatem animi sit. Autem voluptas unde, quidem quia aperiam reprehenderit perspiciatis est dolore vel illo natus veniam enim. Animi magni omnis in aut quis porro veniam illum et quasi unde soluta perspiciatis praesentium. Architecto quia aut reprehenderit distinctio praesentium ex iure natus quasi dignissimos qui earum minima qui. Vitae nemo quo quis magnam tempora vitae, at voluptas qui repudiandae reiciendis magnam est ut. Quibusdam quis repellat tenetur iste quo unde harum perspiciatis eum illum in aut est omnis.\r\nVoluptatem expedita ut rem fugit quia expedita et repellendus adipisci quae ex quia voluptatem quia. Ut et in voluptatem minus quo vitae asperiores sed, mollitia et consequatur natus rem omnis. Dolore ipsam quaerat autem voluptates distinctio perspiciatis hic tempora asperiores voluptatem inventore dolor id aliquid; qui illum laborum ipsum nihil id velit repellendus saepe quia eum vitae sunt modi magnam? Eligendi temporibus voluptas dolore ipsam voluptas perspiciatis laborum tempora iusto eius suscipit laudantium voluptatem voluptatum. Dicta officiis, distinctio sint voluptatem modi eum enim quidem ab nihil id perspiciatis iste maxime. Aliquid debitis quidem, neque quis in repellat id magni quidem et qui voluptatibus rerum eaque? Est tempora soluta vitae unde, explicabo accusamus et impedit qui maiores consequatur aliquid illo dicta. Ut dolorem omnis provident sed officiis saepe qui eum et magnam reprehenderit et eum fugiat. Laboriosam corrupti, quos ex magnam non delectus rerum laudantium quia in error ut maxime et. Quia unde quibusdam enim explicabo fugit adipisci libero omnis suscipit quis rerum perspiciatis voluptatem cupiditate. Neque ipsa quo natus aut ut et necessitatibus qui impedit voluptas culpa error perspiciatis nesciunt. Fuga et deleniti non quia dicta, vel laudantium assumenda voluptatum harum et eius necessitatibus fugit! Quia voluptatem qui fugit dicta inventore adipisci facilis sequi sed quia libero vel dignissimos pariatur. Consectetur perspiciatis dolor pariatur natus quasi ut error libero et adipisci aliquid repudiandae quasi error. Veniam praesentium sit sed ex omnis id eius vel aliquid voluptatem veniam quam vero id. Eligendi autem natus ullam quasi quod labore error facere quia aliquam dolores officia maiores ratione.', 213, '15:47:20'),
(46, 'DryClean', 'Natus est beatae, quam unde aliquid laudantium mollitia dolorem rem incidunt delectus labore et eveniet. Commodi quia dolores quia dolore maiores blanditiis est sed ea dolore dicta autem corporis numquam? Minima dolore molestiae unde mollitia omnis qui accusamus quas illum incidunt vel qui perspiciatis dolorum...', 634, '08:34:20'),
(47, 'LightClean', 'Eveniet iusto officia unde voluptatem autem ut cupiditate quis dolores necessitatibus libero earum ipsam ducimus. Perspiciatis et ut quaerat a ea optio eum neque dolorum quod cum et aliquam et. Unde error minima deleniti blanditiis, in vel fugit iusto dolores a reiciendis unde ut vitae! Quia fugit ea aut ut quis voluptatem natus vel, sed porro repudiandae incidunt tempora aut. Consequuntur voluptatem animi sit dolores ut aut porro dolorem odit et vel dolores molestiae neque. Reiciendis iusto delectus rerum, suscipit consequatur voluptatem consequatur quia velit amet autem ut reiciendis harum. Dignissimos et tempora, quia laboriosam et aliquam molestiae qui sit et unde error neque nemo? Consequatur sit dolor quia distinctio quo iste perferendis itaque architecto error sed in adipisci consectetur; eaque quia inventore iste dolorem laudantium laborum repellendus perferendis perspiciatis et dolor in provident enim. Quasi velit unde aut error quasi saepe officia quo nemo sit delectus quibusdam eum nesciunt? Nesciunt sequi placeat voluptatem accusantium suscipit harum quia quae illum omnis perferendis sed qui est. Recusandae tempore eligendi libero ullam quae delectus placeat neque dolorum accusamus sed quas eum adipisci. Quis quia unde rem laborum qui nisi perspiciatis odio esse officia est provident ut unde! Sit ullam et iste amet quae, aliquam ut sit numquam fugit aperiam iste ut necessitatibus. Magni aliquid eos odio sequi et odit porro magnam dolor ut odit et reiciendis numquam.\r\nMolestiae qui sit aut porro nesciunt porro tempora aut repudiandae porro quisquam fugit qui et. Dolor doloremque est sit quae ea unde natus ut recusandae delectus iure omnis delectus aut! Eos dolor possimus sint maxime necessitatibus velit eveniet unde a ut corrupti consequuntur et id. Et eos temporibus et id esse dolorum vitae suscipit voluptas neque et doloribus consequatur et; libero perspiciatis sed voluptatum amet sit laboriosam, voluptatum iure in repudiandae harum eaque voluptatum blanditiis; voluptatem aspernatur facilis voluptatibus eligendi quia facere obcaecati minima nulla vero modi perspiciatis et fuga...\r\nFugit ut libero commodi sit consectetur consequuntur atque sed, iste eos eveniet amet error ipsa. Error voluptatem eum sit molestiae perspiciatis sed, impedit nulla veritatis assumenda sint officia aliquam expedita. Quibusdam vero tenetur consequatur voluptatem et, eum animi magni iusto sint molestias et nulla unde! Similique eum et voluptas error eveniet ut odio porro aliquam nisi et velit dolore eos; rerum doloremque ut id, dignissimos numquam et omnis sit eveniet molestiae qui dicta voluptatem iste. Non error ratione est dolores cumque neque aut eaque voluptatem odit impedit tenetur cumque ab. Est impedit et facere quidem natus provident natus perspiciatis non natus sequi ex ipsa odit.', 353, '23:50:35'),
(48, 'DryClean', 'Odit ut beatae, ut expedita asperiores repellat nobis ratione sed omnis distinctio ut qui nulla. Sed eum sint quisquam quis repellendus sit qui perspiciatis quis eligendi quia nesciunt accusantium nesciunt! Consequatur sed est voluptas magnam aperiam in velit ullam omnis assumenda dolorem doloribus id exercitationem. Dolorum eos, debitis ut qui ut non eos quidem quam autem id asperiores aspernatur placeat. Sit laborum et praesentium enim blanditiis eum perspiciatis dignissimos nostrum voluptatibus, omnis quam eos maxime. Dolor repudiandae minus iusto nemo unde, quod laborum fugiat doloribus odit voluptates ut placeat ut. Quis quam autem sint fugiat, voluptatem iste magnam est numquam non et quia quisquam quos. Est eum in eius quisquam sunt vitae eos ratione deserunt nemo incidunt quam eum quo; consequatur aspernatur quisquam inventore necessitatibus reiciendis non dolores natus doloremque voluptatem ullam rem placeat perspiciatis? Excepturi rerum voluptatibus voluptates dignissimos sit dolor ea, dolorem quia culpa quia et nihil incidunt! Iste dolore eos est nobis expedita dolorem commodi nam ipsum hic consequuntur ut enim commodi. Culpa sed non unde ut similique ut velit ea aut ipsa vero ut quo labore.\r\nDeserunt provident enim cumque itaque doloremque aut cum quod dolores nihil delectus unde vitae est. Velit non ut similique odit dignissimos et maxime rem et aut ab, tempore perspiciatis numquam. Et ut quam velit excepturi illum sapiente laborum reprehenderit est dolorum voluptatum sit error aperiam. Quia eveniet dignissimos obcaecati vel doloribus impedit eum incidunt maiores labore soluta architecto error tempora? Fugit possimus ipsam nesciunt, magnam veritatis neque veritatis modi et cumque voluptates magnam voluptatem et! Totam fuga sit, qui unde laudantium sed aperiam consectetur labore aspernatur quaerat perspiciatis quidem debitis. Temporibus dolorem corporis laudantium repellat, eaque qui ex optio a nihil et sit amet impedit! Ullam est eos consequatur aut adipisci officia eius error aliquam voluptatum labore quis ipsa natus. Dolorem ut corporis excepturi, et est porro non quia porro sed voluptas laudantium inventore voluptatum. Quas et autem totam velit consequuntur, est tempore fugiat quidem qui vitae consequatur aliquid quia? Cumque ab itaque et pariatur iste officia est animi autem incidunt et molestiae quas ut. Quas natus voluptatem velit ad aut quidem facilis sapiente expedita optio incidunt facere architecto explicabo? Veritatis ratione perspiciatis ducimus est voluptatum est itaque nulla blanditiis eos vel reprehenderit fugiat aperiam! Obcaecati et commodi veniam nesciunt tempora, ut corporis illum sed ex laudantium perspiciatis iste ipsum. Autem nam aperiam maxime ut explicabo debitis error doloribus temporibus accusantium veniam saepe suscipit quidem. A obcaecati, pariatur dolorum fuga aut culpa corrupti quidem ullam eum doloribus fuga non tenetur.\r\nEveniet aut sit doloremque atque ut laborum ad ipsa velit natus error facere amet molestiae; ut voluptas quibusdam et blanditiis omnis ut vel animi dicta unde soluta veniam quia vel. Sunt voluptas ipsa facere dolores et voluptas sit repellendus eos repellendus non consequuntur dolorem id. Minima natus, porro sunt reprehenderit non repellendus praesentium vel provident a laboriosam natus qui ducimus. Vel facere voluptatem sapiente nemo cum voluptas necessitatibus harum quaerat rem quia qui esse repudiandae.', 236, '00:11:26'),
(49, 'LightClean', 'Natus ipsa omnis itaque qui et explicabo et sit ab optio quo iste accusantium et. Animi cupiditate placeat error commodi praesentium aut nobis rerum laboriosam quisquam alias maxime similique atque! Corporis quis quia molestiae, cum consectetur ut et numquam voluptatum nulla eligendi quia suscipit at. Mollitia dolore nihil molestiae ipsa sed consequatur quaerat consequuntur, nisi ullam beatae tempora totam ipsam.', 957, '10:03:13'),
(50, 'DeepClean', 'Dolores magnam unde qui dolores labore vel corrupti tempora aut eos itaque vel est nihil. Molestias facilis consequatur est quo quos sint perspiciatis quisquam error saepe quis corporis saepe amet; earum suscipit aut rerum earum dolore sunt exercitationem quaerat voluptatem, eum nulla et autem cupiditate. Quibusdam modi similique voluptatem beatae ad ex velit sit ea molestiae sint ipsum non ut. Suscipit ut molestiae, cupiditate qui enim et iste unde vero ea sit qui natus inventore? Aspernatur asperiores, consequuntur possimus ullam deleniti saepe temporibus iste maiores dolorem laudantium quia ipsum temporibus. Voluptatem nihil omnis ab nam vel qui omnis odio aperiam voluptate magni architecto enim voluptatum! Alias cumque doloremque aut corporis consequatur earum voluptatem maxime, corrupti omnis et est dolore sunt.\r\nIn eos labore et rerum dolores voluptatem dolorum mollitia sequi quaerat ipsam nobis voluptatem ex. Numquam voluptatem perspiciatis, quasi quae doloremque nemo molestiae perspiciatis et ut quam ut aut quidem. Aut in, consequatur non sit explicabo eaque ab accusamus repudiandae ea id a asperiores eius; in id quisquam tempora et voluptatem amet consectetur ut magni ea doloremque enim dicta voluptatibus. Laboriosam ut est eos aut qui et omnis maxime dolorem consequatur placeat est labore sed. Quis voluptatem commodi eos et numquam et illo dignissimos in illo dolorem delectus aut est. Labore sequi omnis consequuntur quia esse dolore officiis dolor omnis et repudiandae voluptate optio iure. Aut qui dolores id et commodi magnam et harum aperiam laboriosam nobis esse vero ut. Eos aspernatur aut non illo unde temporibus aliquid sed error possimus ut sint quis architecto.', 898, '21:21:59');

--
-- Inserting data into table Supplier
--
INSERT INTO Supplier(SupplierID, Name, AddressID, Phone, Balance) VALUES
(1, 'American C-Mobile Group', 1, '(795) 283-1477', -99251992.1),
(2, 'First Space Research Inc.', 2, '(173) 989-7428', 881.47),
(3, 'National 5G Wireless Corp.', 3, '(923) 546-2181', 30295714.86),
(4, 'Global B-Mobile Group', 4, '(552) 070-7039', 5354.59),
(5, 'Creative Space Explore Corporation', 5, '(311) 241-5455', -3591007.37),
(6, 'Pacific Space Explore Corp.', 6, '(645) 959-4149', 31250751.33),
(7, 'General F-Mobile Co.', 7, '(548) 029-2092', -41266174.07),
(8, 'Federal Space Explore Group', 8, '(606) 321-6955', -18220106.95),
(9, 'General Foods Inc.', 9, '(303) 060-4699', -79472758.74),
(10, 'American R-Mobile Corporation', 10, '(555) 083-5349', -21678252.11),
(11, 'Pacific Space Explore Group', 11, '(267) 300-9959', -97632918.61),
(12, 'Advanced High-Technologies Corp.', 12, '(917) 190-5327', -7888060.18),
(13, 'City Space Explore Inc.', 13, '(975) 771-7812', 97859615.22),
(14, 'Smart Solar Resources Group', 14, '(767) 861-4231', 16986778.31),
(15, 'Western Renewable Power Inc.', 15, '(995) 454-4841', -34499121.51),
(16, 'Flexible Space Research Inc.', 16, '(437) 164-7122', -37583048.7),
(17, 'East Y-Mobile Corp.', 17, '(656) 950-8140', -68133491),
(18, 'First High-Technologies Co.', 18, '(127) 223-6617', 17742013.51),
(19, 'Global High-Technologies Inc.', 19, '(768) 766-1532', -52876548.78),
(20, 'Western 2G Wireless Corporation', 20, '(712) 961-1132', -48878146.7),
(21, 'Domestic High-Technologies Group', 21, '(593) 883-9913', 74182348.26),
(22, 'WorldWide X-Mobile Corporation', 22, '(872) 355-9342', 51027015.44),
(23, 'Global Space Research Corporation', 23, '(688) 699-6397', 1049282.26),
(24, 'Smart L-Mobile Group', 24, '(962) 839-9817', 65835267.36),
(25, 'WorldWide Space Research Corporation', 25, '(910) 617-3638', 68671536.09),
(26, 'Flexible Space Research Group', 26, '(202) 443-0597', 49557410.16),
(27, 'Future Investment Corporation', 27, '(201) 959-2437', 31.61),
(28, 'American High-Technologies Co.', 28, '(343) 992-3330', 50072572.29),
(29, 'Canadian Mobile Group', 29, '(875) 327-7154', -126.36),
(30, 'Federal Petroleum Corporation', 30, '(408) 363-1716', 81044520.8),
(31, 'Advanced Space Research Group', 31, '(176) 648-5164', -54217712.01),
(32, 'Pacific High-Technologies Group', 32, '(729) 304-4117', 84932713.88),
(33, 'North D-Mobile Corp.', 33, '(238) 503-8341', 6.42),
(34, 'Creative Oil Corp.', 34, '(689) 380-3481', 85573270.03),
(35, 'Global Management Inc.', 35, '(622) 615-9631', 50686813.4),
(36, 'International High-Technologies Inc.', 36, '(206) 198-4677', -42777528.8),
(37, 'Federal Space Explore Group', 37, '(120) 702-9722', -6396.13),
(38, 'Federal Space Explore Co.', 38, '(314) 071-0958', -53.72),
(39, 'South L-Mobile Corporation', 39, '(219) 233-9599', -25400924.65),
(40, 'Flexible Foods Corp.', 40, '(307) 363-7981', 86.03),
(41, 'Creative Cars Group', 41, '(261) 230-8948', 51576125.93),
(42, 'Canadian Instruments Inc.', 42, '(559) 236-9257', -65021265.22),
(43, 'First High-Technologies Group', 43, '(665) 202-8609', -311.58),
(44, 'Australian Mobile Group', 44, '(818) 224-3306', 36581926.61),
(45, 'Canadian Space Explore Corporation', 45, '(291) 559-0107', 85409570.34),
(46, 'Special B-Mobile Corporation', 46, '(734) 449-0505', 49889045.78),
(47, 'Western Engineering Corporation', 47, '(897) 735-4616', -16355934.52),
(48, 'Special P-Mobile Corp.', 48, '(542) 751-1115', 98734123.82),
(49, 'West C-Mobile Corp.', 49, '(650) 599-8734', -97015123.58),
(50, 'Federal T-Mobile Group', 50, '(299) 095-2809', 33158722.71);

--
-- Inserting data into table User
--
INSERT INTO User(UserID, Username, Password, Salt) VALUES
(1, 'Rhett696', 'N7', '1LA66KCA6E93G4C2'),
(2, 'Madelene723', 'LF2HW8D63B414X2H2', '1'),
(3, 'Ostrander2001', 'RTL', '3XC'),
(4, 'Boyd869', '1', '0UPRP5Q'),
(5, 'Letha1999', 'ASLH5396AL0ZDA2', '4'),
(6, 'Morey994', '0T04D3K0VG2', 'O'),
(7, 'Delbert843', 'M3RZX32768PQ8', 'H0WRG7U9LPOYM'),
(8, 'Clinton2001', '9WN9TF56', 'L77NXM5L'),
(9, 'Couture1950', '0', '9C0T5IXYA23'),
(10, 'Provost555', '9', '73'),
(11, 'Weldon1968', '32S8K', '0JHR1P'),
(12, 'Ted2004', 'T5SY7QF8IW9', '16Q42RHD55HJ32BK'),
(13, 'Stanford2009', '0HLPNW', '7619AU'),
(14, 'Adan71', 'X958RA', 'C62'),
(15, 'Manuel2026', 'J', '83S0'),
(16, 'Dewey58', '8WT38', 'AGVV8KXQ4V'),
(17, 'Antwan3', '98W2', 'H9BZOBA0EQH44'),
(18, 'Adelia139', '8L', '86Z1'),
(19, 'Manuel516', 'I079507958GQ61', 'X'),
(20, 'Godwin2005', 'DT013', '20'),
(21, 'Guerin19', 'ILI0P82C', '040FBB3KK0XEQ'),
(22, 'Royal2', '4X', '30'),
(23, 'Oh493', 'YM481VE1550AG124P0L4ZJOR438', '5Q5L9JR576'),
(24, 'Gabrielle1973', 'NLT4G55Y', 'J5RO'),
(25, 'Dylan2007', '5Z79YJ1L', '6'),
(26, 'Tandra825', 'A861O3DBH78HS218QU9HS97Z3', 'DJWENIV26Q7'),
(27, 'Alexander685', '5MS', 'Z'),
(28, 'Patrica1975', '5', '1'),
(29, 'Theodora84', '34', 'RJW01D4'),
(30, 'Barbara2027', '4Q0GSQ', '2Q3N7C437D49BW4Q31Z'),
(31, 'Caruso1950', 'K7RY2W3050K', '821H5P778'),
(32, 'Edison314', '2F2', '2QFOQAW7C602D96'),
(33, 'Alfonso1964', '387SZE7', '4031WA5HLL5V'),
(34, 'Mcclellan2026', '55B7MJ', '77T4K'),
(35, 'Shaunda334', '9', 'JZ6P'),
(36, 'Edwardo9', 'WRS0W01NNU7', '65'),
(37, 'Charlott446', 'H', '5O2BS58'),
(38, 'Aguiar53', 'U', '5669QEON368K785S3ZX'),
(39, 'Colvin1999', 'V7', '5E3H6C16560GJZA1CXQZGLB0U9'),
(40, 'Latonia7', '7', 'Q6HJB7666LCS0O'),
(41, 'Brain445', 'R', '34B'),
(42, 'Lloyd2002', '1YJD3396NC308P401G0371356', 'LX323'),
(43, 'Mark2011', 'CGS3CTJBY62ZVLVC', 'I1V136R5A896ZYY4E'),
(44, 'Shawanna1957', 'D9EIAO5VVZ01X6XRS0695', 'T3N'),
(45, 'Baugh262', '8941U', '2V'),
(46, 'Alisa249', 'MRLFA6', 'U8'),
(47, 'Kozlowski2010', '7', 'D8V5BDI'),
(48, 'Faye1996', 'EJ5', 'KWE'),
(49, 'Carroll2001', '0', '70ZDDE9Y29'),
(50, 'Harlan2015', '60Y5SS52OET437JE', '418GCSJ2E679G942284C37A');

--
-- Inserting data into table CustomerTransaction
--
INSERT INTO CustomerTransaction(CustomerTransactionID, CustomerID, ServiceID, Date, AmountCharge, Description, Satisfaction) VALUES
(1, 13, 33, '2020-09-17', 62, 'Quaerat et omnis. Porro.', 6),
(2, 29, 37, '2016-01-16', 60, 'Sint rem. At repudiandae!', 4),
(3, 32, 41, '2017-10-05', 34, 'Cupiditate ducimus. Inventore!', 0),
(4, 48, 39, '2017-01-26', 12, 'Recusandae est quos id et.', 0),
(5, 12, 38, '2015-09-06', 25, 'Quaerat molestias. Ut sit.', 2),
(6, 33, 33, '2016-02-11', 21, 'Cumque quia. Laborum voluptas.', 9),
(7, 4, 4, '2015-03-17', 59, 'Incidunt ex; nihil est?', 3),
(8, 4, 15, '2017-12-16', 23, 'Qui voluptatem temporibus.', 0),
(9, 19, 42, '2020-10-06', 23, 'Voluptatem labore.', 0),
(10, 1, 41, '2017-05-14', 87, 'Quia doloribus dolores.', 9),
(11, 48, 31, '2020-07-03', 1, 'Nisi quaerat. Perferendis;', 0),
(12, 46, 23, '2019-11-18', 66, 'Provident et ex. Voluptatem!', 10),
(13, 47, 6, '2017-07-04', 33, 'Non cum. Iste natus!', 10),
(14, 26, 29, '2016-07-24', 72, 'Sed sit et animi ratione;', 5),
(15, 10, 22, '2017-04-01', 14, 'Voluptatem non. Unde.', 2),
(16, 39, 17, '2017-04-10', 40, 'Molestiae quo. Quo sit.', 6),
(17, 19, 49, '2017-06-12', 8, 'Facilis rerum. Quo et.', 7),
(18, 24, 16, '2015-01-03', 91, 'Dolorem illo. Sunt qui error.', 2),
(19, 11, 25, '2017-05-11', 62, 'Modi incidunt. Ea vero;', 6),
(20, 42, 47, '2019-03-10', 39, 'Numquam commodi eius eum.', 5),
(21, 1, 1, '2019-10-23', 8, 'Qui rem quia. Tenetur aut.', 8),
(22, 23, 7, '2020-06-21', 80, 'Quas modi cum. Iusto illum!', 2),
(23, 25, 32, '2017-01-11', 32, 'Maiores nesciunt. Pariatur.', 9),
(24, 24, 21, '2016-10-07', 90, 'Deserunt accusamus. Nostrum.', 1),
(25, 32, 45, '2020-03-11', 64, 'Repudiandae nemo possimus.', 0),
(26, 7, 30, '2015-03-24', 2, 'Reprehenderit aut cumque unde.', 1),
(27, 34, 49, '2019-12-26', 54, 'Quo ex. Ea laborum doloremque.', 4),
(28, 24, 31, '2016-06-15', 35, 'Incidunt laborum ut sunt.', 1),
(29, 25, 32, '2015-06-05', 1, 'Voluptatum ab nam in.', 7),
(30, 2, 37, '2015-04-08', 38, 'Officiis neque autem.', 6),
(31, 16, 32, '2018-08-24', 5, 'Sed eos. Sed aspernatur.', 7),
(32, 25, 19, '2015-05-11', 26, 'Ratione tempora nihil in.', 8),
(33, 25, 38, '2019-07-29', 78, 'Aliquid facere aliquam...', 0),
(34, 24, 31, '2020-09-11', 78, 'Nostrum voluptas. Omnis.', 8),
(35, 28, 25, '2019-09-18', 64, 'Et officiis.', 9),
(36, 24, 42, '2015-09-20', 83, 'Est sed nam iusto.', 2),
(37, 11, 4, '2017-11-04', 43, 'Hic dolorem est; at illum.', 1),
(38, 23, 37, '2015-04-27', 1, 'Modi repellat quia.', 7),
(39, 39, 24, '2017-08-11', 48, 'Impedit ut. Commodi atque.', 1),
(40, 27, 43, '2015-04-11', 8, 'Expedita inventore molestiae...', 8),
(41, 43, 44, '2015-03-26', 85, 'Accusamus enim est omnis;', 5),
(42, 49, 44, '2015-01-09', 24, 'Voluptatem amet. Recusandae;', 1),
(43, 14, 25, '2015-03-27', 99, 'Voluptate sed. Fuga et nobis!', 3),
(44, 7, 50, '2019-12-12', 27, 'Tempora vel. Mollitia error!', 3),
(45, 10, 50, '2015-10-30', 78, 'Qui molestiae sequi.', 4),
(46, 13, 30, '2019-11-23', 33, 'Fuga inventore vel quia ipsam.', 9),
(47, 20, 8, '2015-02-04', 8, 'Sint sed; aut ipsa.', 5),
(48, 26, 37, '2018-04-12', 26, 'Sequi quae rerum voluptate.', 6),
(49, 37, 29, '2015-10-02', 21, 'Eos quo; consequatur rerum.', 1),
(50, 6, 24, '2016-05-12', 66, 'Ut labore. Quo quibusdam?', 1);

--
-- Inserting data into table Employee
--
INSERT INTO Employee(EmployeeID, FirstName, LastName, AddressID, Gender, DateHired, PositionID) VALUES
(1, 'Tran', 'Harmon', 1, 0, '2019-10-10', 35),
(2, 'Abel', 'Pereira', 2, 0, '2018-12-30', 22),
(3, 'Elbert', 'Talbot', 3, 1, '2017-04-12', 43),
(4, 'Hubert', 'Dougherty', 4, 0, '2011-05-27', 6),
(5, 'Aldo', 'Zamora', 5, 1, '2020-05-22', 2),
(6, 'Yoshiko', 'Knowles', 6, 0, '2010-01-03', 48),
(7, 'Agripina', 'Collins', 7, 1, '2012-11-16', 15),
(8, 'Audrie', 'Bolin', 8, 0, '2017-10-19', 15),
(9, 'Julie', 'Goble', 9, 1, '2017-12-21', 1),
(10, 'Randa', 'Colon', 10, 0, '2020-01-26', 41),
(11, 'Juan', 'Harms', 11, 0, '2017-06-27', 25),
(12, 'Fletcher', 'Mcmahan', 12, 1, '2019-01-03', 25),
(13, 'Shellie', 'Talbott', 13, 1, '2020-09-15', 5),
(14, 'Darrel', 'Doughty', 14, 0, '2020-08-20', 2),
(15, 'Man', 'Knowlton', 15, 1, '2017-03-14', 42),
(16, 'Arron', 'Perez', 16, 1, '2010-06-24', 23),
(17, 'Lucius', 'Zapata', 17, 1, '2019-05-08', 39),
(18, 'Francisco', 'Talley', 18, 0, '2015-11-07', 2),
(19, 'Macy', 'Harness', 19, 1, '2012-07-13', 25),
(20, 'Emil', 'Zaragoza', 20, 1, '2019-05-08', 29),
(21, 'Alisia', 'Boling', 21, 1, '2015-07-28', 42),
(22, 'Maurice', 'Knox', 22, 0, '2019-07-06', 13),
(23, 'Barb', 'Goddard', 23, 0, '2013-11-23', 38),
(24, 'Stephen', 'Tamayo', 24, 0, '2018-08-12', 8),
(25, 'Avery', 'Douglas', 25, 1, '2019-06-04', 22),
(26, 'Gail', 'Colson', 26, 1, '2015-06-27', 45),
(27, 'Crystle', 'Bolling', 27, 1, '2011-01-18', 45),
(28, 'Hazel', 'Mcmahon', 28, 0, '2017-09-22', 45),
(29, 'Jewel', 'Perkins', 29, 1, '2019-06-08', 37),
(30, 'Manual', 'Harper', 30, 1, '2019-10-29', 46),
(31, 'Adan', 'Mcmanus', 31, 1, '2020-02-04', 42),
(32, 'Adah', 'Zarate', 32, 0, '2019-07-20', 39),
(33, 'Lannie', 'Tanaka', 33, 1, '2010-06-22', 9),
(34, 'Pierre', 'Colvin', 34, 0, '2014-09-28', 39),
(35, 'Winfred', 'Knudsen', 35, 0, '2019-04-26', 26),
(36, 'Salina', 'Zavala', 36, 1, '2018-08-14', 39),
(37, 'Jeanette', 'Godfrey', 37, 1, '2020-01-11', 49),
(38, 'Freeda', 'Tang', 38, 0, '2010-04-06', 40),
(39, 'Doreatha', 'Harrell', 39, 0, '2018-07-18', 46),
(40, 'Allan', 'Perreault', 40, 1, '2019-02-10', 42),
(41, 'Jean', 'Knudson', 41, 1, '2019-10-11', 49),
(42, 'Anisha', 'Bollinger', 42, 0, '2012-03-28', 41),
(43, 'Lakeshia', 'Douglass', 43, 0, '2020-04-24', 36),
(44, 'Raeann', 'Colwell', 44, 0, '2019-10-02', 24),
(45, 'Marlin', 'Bolt', 45, 0, '2010-10-18', 34),
(46, 'Aleen', 'Mcmaster', 46, 1, '2015-01-09', 16),
(47, 'Venessa', 'Zeigler', 47, 1, '2017-08-17', 15),
(48, 'Andres', 'Perrin', 48, 1, '2020-12-08', 5),
(49, 'Waltraud', 'Mcmillan', 49, 0, '2011-04-21', 36),
(50, 'Retta', 'Tanner', 50, 0, '2019-04-06', 16);

--
-- Inserting data into table Account
--
INSERT INTO Account(AccountID, UserID, EmployeeID, CustomerID) VALUES
(1, 29, 32, 24),
(2, 24, 23, NULL),
(3, 26, 41, 21),
(4, 2, 21, 28),
(5, 13, 32, 34),
(6, 9, NULL, NULL),
(7, 31, 18, 13),
(8, 50, 40, 39),
(9, 6, 3, 12),
(10, 46, 22, 20),
(11, 33, 28, 8),
(12, 40, 1, 4),
(13, 19, 44, NULL),
(14, 44, 6, 27),
(15, 14, 31, 29),
(16, 25, 47, 33),
(17, 20, 50, 26),
(18, 36, 42, 38),
(19, 16, 48, 33),
(20, 16, 11, 13),
(21, 4, 34, 28),
(22, 29, 24, 2),
(23, 33, 6, 36),
(24, 10, 8, 47),
(25, 30, 16, NULL),
(26, 38, 18, NULL),
(27, 34, 11, 41),
(28, 9, 22, 7),
(29, 13, 40, 7),
(30, 7, 38, 12),
(31, 23, 33, 15),
(32, 30, 24, 10),
(33, 25, 8, 33),
(34, 46, 2, 35),
(35, 41, 49, 44),
(36, 40, 45, 6),
(37, 15, 4, 39),
(38, 22, 12, 49),
(39, 4, 49, 48),
(40, 3, 16, 6),
(41, 23, 12, 18),
(42, 29, 30, 27),
(43, 32, 24, 23),
(44, 22, 11, 40),
(45, 9, NULL, 15),
(46, 34, 22, 38),
(47, 32, NULL, 49),
(48, 6, 6, 41),
(49, 22, NULL, 17),
(50, 29, NULL, 22);

--
-- Inserting data into table CleaningSupply
--
INSERT INTO CleaningSupply(InventoryID, Name, Description, CurrentInventory, SafetyStockLevel) VALUES
(36, 'Monofindoller', 'Ea vero, deleniti dolorem est rerum sit deserunt consequatur aut recusandae quia nemo et nihil. Ut libero ea et aspernatur aut sunt omnis et esse explicabo tempora explicabo harum voluptates. Eos quasi fugit maiores aut quos necessitatibus qui omnis eos commodi aperiam natus saepe pariatur. Quasi veniam ut tempore voluptatem culpa dignissimos fugit magni perspiciatis sed molestiae quos rerum architecto; voluptatem nesciunt illum voluptas omnis cum fugit ex rerum repellendus dolor doloremque et tenetur sint. Est vel aspernatur debitis ut eaque aut nisi quae minus, voluptatem at nesciunt unde hic; animi odit, qui ut alias sit non et sit dolor aut id illum est eius. Reiciendis et qui in ipsa corrupti dolorem suscipit error qui veritatis ut a sit omnis? In culpa sint est placeat repudiandae commodi, dolorem consequatur dolores natus corrupti aut et id; non esse fugit, deleniti consequuntur veniam et quia blanditiis voluptas eius earum dolore fuga et. Et unde illo iste nihil aliquam natus fugiat saepe inventore incidunt cumque facilis ut quos. Tenetur ea eius aspernatur et veniam exercitationem et dolorum debitis necessitatibus ut officiis molestiae dolor. Voluptatem eos voluptas dignissimos sapiente nobis quibusdam libero corporis similique minus perspiciatis ipsa doloribus consequuntur! Ut ex molestias, nulla sed id est commodi harum a iste fugit similique animi laudantium. Et quis ut enim, aut sequi possimus explicabo facilis minima voluptas et delectus ullam ut. Ad molestias excepturi omnis maiores quisquam, sint fugiat veritatis molestias et qui natus molestiae voluptas. Accusantium unde sint error aliquam voluptatem voluptate, voluptatem sit at illum sit ut molestiae ut.', 1372, 24),
(49, 'Cleantopefon', 'Officia dolorem et nostrum labore expedita voluptatem non voluptas sunt sit sunt sit pariatur qui. Earum sit veritatis sint aspernatur officia culpa sed accusamus, doloribus quae sed amet unde libero. Quod commodi sed maxime minima et error esse atque, distinctio quae sed quos provident quis. Sunt similique voluptates, sed quis dicta et aspernatur error optio enim qui dolores consequatur laudantium. Recusandae molestiae, ullam sed quo praesentium alias qui voluptatem officia deleniti earum veniam ea corrupti! Esse expedita eos excepturi vitae non temporibus dolorem sed consequuntur illo autem ut in consequuntur. Cum dignissimos assumenda numquam quia nobis aperiam eius veritatis unde accusantium vel quia quae nihil! Est sed minus reprehenderit eum dolores iusto tempora sapiente et quo, velit et sit id. Praesentium quidem repellendus eveniet esse vero sed quos, voluptatem repudiandae aliquid maxime fugiat est corrupti! Voluptatem itaque quas laudantium qui rem rerum est accusantium fugit ut eos unde commodi ea. Est ullam non, ut minima adipisci dignissimos vitae nobis sed id culpa quisquam consequuntur natus. Commodi porro debitis non, quia sunt velit placeat praesentium obcaecati tenetur natus quod corporis id. Eaque explicabo fugiat saepe tempore aut, qui incidunt dolorem odio harum nemo sit omnis et. Dolor repellendus qui consequuntur sed aperiam maiores, ea quo dolor temporibus est consequatur et non. Libero voluptatem unde, praesentium quia nesciunt quae quia vel sed reprehenderit consequuntur eos pariatur voluptatem. Praesentium vel qui cupiditate error qui autem accusantium consequuntur nihil fugit ut dolorem soluta et? Unde deleniti, omnis deserunt magnam architecto ut velit quis debitis et quasi voluptatem ipsam quidem! Ipsam suscipit dignissimos enim sed possimus, iusto nostrum non illo dolorem vel molestiae sit voluptatem. Deserunt est expedita voluptatem est adipisci dolor est mollitia ut omnis et provident necessitatibus voluptatem; incidunt alias voluptate consequatur repudiandae atque sed qui sed incidunt corporis perspiciatis eos facere vel.\r\nVeniam odio quia consectetur dolor nihil voluptates rerum et labore fuga et odit sit ab. Modi rerum aut vel voluptatem cum adipisci sequi, inventore tenetur nostrum sunt enim officiis tenetur. Officiis sint rerum saepe sunt aliquam velit, consequatur fuga quis et voluptatem impedit suscipit alias! Unde consequuntur unde repellendus laboriosam quas maxime qui, sunt tempore error sequi dolorem placeat nihil.\r\nSint dolores voluptatem sed beatae aperiam ducimus enim voluptate pariatur ipsum expedita sit vitae veniam. Est non molestias magni blanditiis sequi omnis maxime quod tempora amet sed est cupiditate sit.', 9214, 21),
(27, 'Transceivscope', 'Natus consequatur ut, ipsum reprehenderit aspernatur magnam eligendi aspernatur eius quam magni qui nobis voluptas. Molestias iste cum sit accusantium, assumenda et inventore enim accusamus ut illum fugit velit explicabo. Quasi ullam perspiciatis omnis tempora voluptatem quidem error nesciunt qui fugiat perspiciatis voluptas tempore quo. Cumque perferendis vel animi itaque ex et qui corrupti hic quia ut magni delectus aliquid. Et voluptates dolorem officiis quam incidunt magni, et quaerat laborum eveniet ut fugit voluptas cum; deleniti unde voluptate non enim, in omnis aut pariatur quaerat ut molestiae accusamus unde exercitationem. Natus dolorum, impedit commodi iste consequuntur natus laboriosam rem suscipit quia eos minus a est. Quo dolorem illo molestiae at quisquam tenetur nulla officia sequi quia nulla eveniet consequatur aliquam. Voluptates facere ut, perspiciatis et iste praesentium nulla et aliquid odit in sed sequi culpa. Veniam saepe et voluptas aut corporis optio enim natus et sed voluptatem perspiciatis vel corporis? Sed est eaque adipisci aut repudiandae illum numquam excepturi consectetur ab vitae totam harum nemo.\r\nSed ipsa aut, optio error inventore ut qui ut non et sit commodi et omnis. Minus qui fugiat et sed sit quibusdam iusto asperiores est et aut ut voluptas debitis. Quia minus aut illo qui debitis a iusto vitae qui omnis similique hic numquam reiciendis. Nostrum pariatur quia qui voluptatem in ratione voluptas explicabo recusandae est, consequuntur numquam animi eos. At voluptatem possimus quae laudantium praesentium ut aperiam nisi ex veritatis dignissimos tempora asperiores corrupti. Sunt itaque, quisquam fugit quia at laudantium illum magnam similique dolore voluptate dignissimos natus totam. Est enim qui ut omnis hic quaerat deserunt voluptatum omnis eveniet eaque velit in architecto. Sit vitae enim nihil, aspernatur cupiditate beatae at sed odio veritatis voluptate voluptatem a unde! Neque eaque beatae doloremque facere perferendis quibusdam deleniti voluptas corrupti qui illum est dolor perspiciatis. Minima at fuga est necessitatibus iste aut eos, voluptas dolores sit tempore rerum laborum modi. Ut perspiciatis provident, et minus voluptatem necessitatibus et quae rerum aut eum deserunt accusamus earum. Optio enim qui vel et libero unde perspiciatis omnis quibusdam error rerum fugit error sunt. Eveniet sed nulla, ut enim unde sit ea voluptas dolores et sunt consectetur ab iste? Vel quia id odio eius corrupti et nihil repellendus officia ea at consequatur porro iste. Ut eligendi porro, eos aspernatur temporibus tenetur numquam voluptatem fuga omnis ad voluptas libero sed. Iste eum autem aut laudantium obcaecati praesentium fugit aut cumque animi dolores in aliquid omnis. Ratione placeat aspernatur qui architecto aut quae repudiandae ut necessitatibus placeat ipsa doloremque excepturi quidem. Magni itaque, et sit commodi voluptas similique quae ut nihil dolor quas et sit accusantium!\r\nVoluptatem assumenda inventore omnis possimus magnam aspernatur qui vitae eos rerum consequatur cumque sit dolorem. Cum facilis ab quis excepturi soluta autem quae, voluptates cupiditate sit cumque sit ut commodi. Enim dicta esse expedita aut tenetur nihil impedit quaerat aperiam sunt quia tempora nisi asperiores! Sequi ipsam qui et odit ab aliquam debitis inventore error aut sint quibusdam sit et. Dolor eos quis nihil perspiciatis qui impedit itaque non alias illum aliquam qui voluptatem cumque. Voluptatibus odio atque saepe, quos adipisci excepturi culpa laborum et ut amet omnis autem voluptatum!', 3950, 14),
(47, 'Readculor', 'Consequatur ratione libero ipsum libero ut, voluptas reiciendis nam officiis necessitatibus sint porro blanditiis et. Temporibus dolore, eos aut odio est libero cum consequuntur veniam aut ut laborum error dicta. Similique sed necessitatibus ipsum ut molestiae est quam praesentium deserunt adipisci facilis natus in voluptatem! Dolore sit sunt aut dignissimos inventore delectus blanditiis aliquam reiciendis voluptate sed doloribus aut ad.\r\nDignissimos qui omnis iusto obcaecati atque pariatur reiciendis sed reprehenderit laborum sit magnam voluptatem consequatur. Quos quia amet magnam quas molestias qui facilis doloribus sapiente voluptatem omnis tenetur consequatur dolorem. Sit perspiciatis obcaecati qui voluptatem ut reprehenderit, neque labore iusto ad et quaerat laborum eligendi! Quasi consequuntur ut vero nisi id voluptatem expedita iste quibusdam laboriosam est beatae quo natus. Aperiam dolores voluptas et aliquam quod, quaerat veritatis tempore consectetur voluptatem ducimus quo rerum voluptatibus. Iusto qui esse eum et unde aut voluptatibus exercitationem harum ut voluptas in ipsa sed. Voluptate obcaecati nulla facere quo fuga ut non ut aspernatur perspiciatis nam amet tempore ducimus? Architecto rem explicabo porro beatae obcaecati dolorem maiores aspernatur quaerat nostrum perspiciatis, sit corrupti sapiente. Enim error suscipit ipsam et quis id ut ullam et sed quidem sit eveniet illo! Odio et ad, dignissimos officiis adipisci cumque unde velit voluptatem quibusdam aliquid magni ab et; qui commodi ullam, alias repellat illo quia porro quas maiores consectetur numquam vero tempore porro. Obcaecati neque qui, officia dolor rerum culpa aliquam ab corrupti in eum unde necessitatibus perferendis.', 347, 10),
(11, 'Contopedgor', 'Ratione consequatur, quis ut non voluptas eveniet ea aut qui accusantium eligendi qui sed rerum. Sapiente non ut ullam temporibus, quis repellat et quisquam suscipit cum quia qui dicta esse. Est quas vel voluptas deserunt numquam omnis rerum nesciunt qui suscipit sed velit natus assumenda? Ut perspiciatis non ut aperiam minima accusamus unde quae natus et ipsam cumque doloribus esse. Dolor illo debitis rem, iste officiis soluta illo aut iusto ipsam et ea est dolor. Autem rem error beatae excepturi voluptatem ut non porro voluptas corrupti quas voluptatum ut odio.', 6593, 13),
(20, 'Readtinaquer', 'Facilis beatae dolore voluptas fugit, ut et eum aut vel minus sed sint possimus temporibus. Provident perspiciatis, tenetur iste omnis voluptates in dolore delectus sit possimus omnis eveniet est quae. Ratione voluptatum enim similique aliquam alias ut exercitationem consequatur voluptatem et enim iste est et. Id dolorem, sed rerum voluptatem corrupti ex voluptatem consectetur nihil autem aliquam eos sit quo? Minima qui deleniti optio hic, et repellat soluta dolorem aliquam neque error in officiis aliquam. Rem quibusdam ut consectetur sit aspernatur enim itaque omnis nemo earum maxime aut error nisi! Consequatur eaque sed architecto error aliquam veritatis adipisci dolores pariatur temporibus ut autem veritatis odit. Nihil eligendi aut a et aut blanditiis incidunt praesentium iste perferendis reiciendis nulla et deserunt! Et error quidem assumenda quasi nam animi est accusamus non sunt voluptatem perferendis est cupiditate. Tempora totam nam natus odio repellat deserunt sunt cupiditate molestias est illum natus sed nesciunt; magni voluptatem impedit accusantium qui ex vitae qui ut sit tempora est ut natus maiores. Fugiat dignissimos cumque vero quod iste voluptatem voluptatum voluptatem sequi esse sed quo quod eum! Ullam possimus ullam temporibus commodi voluptatem, eos vero reprehenderit in molestias soluta dolores aut perspiciatis. Qui rem sit ipsum voluptatem aut error voluptatem quae dicta voluptate corrupti natus aut incidunt? Est voluptatem, saepe ut rerum et rem iste voluptas eos odit aliquid nihil soluta assumenda. Ut repudiandae nisi corrupti natus ipsum ut voluptatibus omnis iste sit iste fuga ipsa itaque. Voluptatem aut eius eos suscipit et ipsa eos recusandae voluptate qui, ad voluptatem rem qui. Omnis architecto omnis sit qui aperiam alias nesciunt inventore sed cupiditate asperiores qui perspiciatis voluptatem!\r\nConsequatur et modi natus perspiciatis placeat sed dolor explicabo aut officiis id saepe perspiciatis ea. Est consequuntur rem sapiente explicabo eum sed vel enim quod cum consequuntur dignissimos enim nihil. Neque sit est, totam voluptas error ad et quis excepturi quae sit sed odit atque. Est deserunt porro corporis veritatis quo et architecto, labore quod dignissimos dicta natus consectetur eum. Error minus consequatur dolorem ad exercitationem aperiam ut et unde iste pariatur id eos natus! Quos ea quas laborum possimus error magnam omnis iste minima amet et atque rem quas. Tempore sequi expedita natus, itaque natus distinctio officia hic ducimus fuga praesentium aut placeat rem. Asperiores recusandae corporis ipsam eum rerum ut sit cum earum ipsam tempora maxime sed tempore. Error sed dicta, veniam iste est labore nemo voluptatum qui quas esse quaerat quis saepe! Est consequatur, voluptatibus labore illum quia saepe et in ea sit iste provident nisi eligendi. Rem ullam quia placeat quasi aut voluptatem illum ut ullam illo sed dolorum consequatur natus. Quas possimus officia, aut iste voluptas praesentium ea unde sit ea quos velit nulla et.\r\nDoloribus aperiam voluptas id harum laboriosam facere perspiciatis sit quis molestias dolorem ex praesentium laudantium. Voluptatem ratione at aspernatur ut sint voluptate voluptatem non eius voluptatem unde sit inventore quod. Est fugiat et laborum omnis minus et sit omnis numquam sunt doloribus quia nisi necessitatibus! Quia dolores corrupti natus beatae optio libero tempore, voluptas velit inventore ut autem error sit. Velit voluptas et consectetur ad deleniti nam voluptatem, sint voluptatem eos ab ut ex sed. Et doloremque esse et beatae ut ullam labore id blanditiis quia rerum velit ab nulla. Accusantium non culpa quasi nemo commodi et, non debitis quae ea inventore recusandae voluptates in. Consectetur neque maxime doloremque consequuntur voluptatibus sapiente provident deserunt expedita, repudiandae sunt odit libero et. Rem expedita, est vero qui natus dolorem repellendus non molestiae rerum quia quo consectetur temporibus! Et cupiditate ut quia officiis ea cumque neque unde corrupti et eum dolorem et nesciunt; perspiciatis consequuntur labore unde est neque dolores earum qui totam neque, vel voluptas culpa numquam. Veniam qui ut eveniet repellendus nam ratione impedit similique odio est rem qui et maiores. Cupiditate maiores tempore aut ut rerum porro cum fugit est eos id dignissimos minus ipsum? Qui excepturi dignissimos aut perspiciatis sapiente iure ratione nesciunt dolores et dignissimos voluptatibus omnis quidem. Iste vel a odio labore iusto aut quasi ea aut sequi velit dolore delectus dolor. Nemo nisi amet ut natus veritatis eaque ratione culpa error sit delectus sunt repellendus velit! Eum facilis sed inventore numquam qui pariatur, et eos deleniti maiores consequatur atque sit dicta...', 9399, 14),
(45, 'Monlescope', 'Fugit quia sint qui ex error veritatis et magnam iste et iste exercitationem quia at. Reprehenderit error ipsam ex ut voluptates autem ad veritatis eum aut expedita ipsam dolorem eos! Unde voluptas at error sed amet at ea quia sunt possimus sunt cupiditate non itaque. Aliquam deleniti voluptates, consequatur debitis corporis repudiandae adipisci vel accusantium maiores consequatur corporis voluptas totam. Aperiam aut, sit aut iste modi sint enim quia ut et rem similique tempore similique! Molestias quo sed iusto ut qui reprehenderit porro doloremque est eligendi reiciendis laudantium quo voluptatem. Autem iure vel quasi eum illo quaerat iure voluptatem debitis quia dolores quam molestiae perspiciatis! Doloribus fugiat sint exercitationem error voluptas ut voluptas odit corporis quia incidunt voluptatem ullam ipsum. Tempora perferendis laborum porro ipsa unde voluptatem perspiciatis nisi incidunt eveniet recusandae quis ipsa voluptatem. Non libero, quibusdam reprehenderit et ullam non esse sequi tempora aut adipisci fugit consequatur minima! Aperiam minima repellat unde odio voluptate recusandae necessitatibus unde corporis consequuntur impedit rerum accusantium aut.\r\nNatus ratione aut omnis inventore eaque, est officiis harum sunt ipsam iste molestiae et quia. Qui natus deleniti dolorum reprehenderit et, aut debitis eveniet voluptatibus sed omnis ea sit ea! Consequatur temporibus modi nostrum quidem reiciendis ducimus sed quia sit cum qui voluptas ut error. Dignissimos aliquam nesciunt consequuntur autem expedita eaque quo repellat velit iusto expedita nobis quidem incidunt. Inventore consequatur eum magnam exercitationem laboriosam optio pariatur commodi voluptatum voluptas perspiciatis ut omnis quis! Similique sit porro odit facere, natus aut qui rerum veniam necessitatibus dolores ut perspiciatis beatae. Non incidunt, reiciendis excepturi voluptatem est laudantium aspernatur doloribus sit ab aperiam libero enim animi. Excepturi perspiciatis vero reiciendis reprehenderit qui incidunt est dolorum ipsum similique ut, ipsam repudiandae a. Accusantium consequuntur sunt a ex esse, sint rerum molestias sint dignissimos aut ipsum voluptatem neque? Veniam neque officiis, consequatur dolorem sed velit asperiores molestias ipsam architecto incidunt consequatur neque debitis. Aut excepturi omnis totam laboriosam culpa ad quam neque error qui sequi quaerat minima nesciunt. Qui architecto, rem quia molestiae commodi a sit voluptatem veniam consequatur natus est et repudiandae. Unde nulla nemo, error non cum rem quo nesciunt perspiciatis molestias quae earum suscipit eos! Facere accusantium voluptas veniam exercitationem eum obcaecati ut delectus error et quia officia quam a; adipisci harum omnis, dicta velit rerum ea dicta sit molestias rem nulla accusamus minima facilis. Qui sit explicabo inventore tenetur atque et autem sit labore soluta id molestiae dicta voluptatem; non qui, odit illo perferendis et vel illum voluptatibus et placeat omnis velit atque itaque. Et consectetur pariatur asperiores ullam consequatur veniam rerum deserunt nesciunt quis dolorem eum illo voluptas. Iste sed accusantium sit quasi ducimus sed ad, officia et assumenda deserunt et molestiae in. Cum repudiandae quis consequatur ut illum sed minima quibusdam dolorem inventore eos iste expedita cumque.\r\nMaxime voluptatum eveniet at suscipit, cum tempore ut voluptas similique delectus distinctio vitae minus atque.', 5780, 22),
(42, 'Stereolifiridge', 'Minus recusandae error blanditiis, dolores nihil aspernatur molestias qui ullam dolorem et nemo ad dolorem. Ratione officia numquam sunt ratione hic beatae consequuntur in maxime culpa excepturi ipsum consequuntur porro? Alias ipsam tempora sunt ut pariatur molestias possimus sit sed non consequuntur sit labore libero! Earum ratione voluptas perspiciatis est natus itaque magnam ad voluptatem, qui aspernatur repellat quas cumque. Ut quos ipsa architecto sed eum sed ea minima tenetur sit est provident iste sed! Totam dignissimos odio, tempore aut obcaecati earum dolorem qui expedita voluptas nihil eaque corporis quasi? Mollitia nesciunt velit sit sed unde, incidunt quam tempora sunt sit perspiciatis et voluptas iure. Reprehenderit perspiciatis magni voluptatem autem mollitia minima, corporis natus autem error aut itaque aut illo! Rem odio qui dolor est hic delectus tenetur eligendi inventore quam reprehenderit est voluptatem ut; deserunt dolorum reprehenderit accusantium at quos natus ad harum rerum doloribus dolorum dolorem corporis ratione; aut perspiciatis, natus neque molestiae numquam laudantium odit sit corporis quasi eum ut beatae consequuntur; nostrum id consequatur eum voluptatem ex eveniet optio natus placeat et non nihil repellat suscipit; ducimus eius recusandae excepturi ut vero praesentium et omnis expedita delectus illum deleniti neque sint; est doloremque porro consequatur eaque dicta, voluptatem consequatur nihil a et fugit consequatur quis nostrum. Doloremque molestiae, perferendis labore sit ad vel qui minus ea ut expedita voluptatem ratione ut? Ut repellat tenetur libero ex voluptas tempore velit perspiciatis ea ipsam rerum dolorem quis eum. Suscipit sint enim sit odio ex consequuntur, doloremque quisquam tenetur facilis qui voluptas qui sit. Non animi veniam similique est nesciunt ut perferendis quisquam omnis non ducimus est aut itaque. Est iure consequuntur ut earum voluptatum at voluptates omnis est et laboriosam a quia in. Impedit ipsum sit quaerat perspiciatis sed ad neque voluptatem qui sint enim possimus qui officia.\r\nDolorem atque, eos culpa asperiores sed quisquam eveniet cupiditate aut sed nemo accusantium nihil architecto. Quo ea est, voluptatum voluptatem ut voluptatem harum veniam similique ut quisquam sit nihil voluptas. Expedita in eligendi sed, omnis corporis qui obcaecati mollitia quisquam sed perspiciatis et iure odit. Omnis aspernatur voluptas animi voluptatem facere sit nulla dolorem hic rerum laudantium quaerat et quas? Non et officia omnis qui consequatur eum id iure maiores nostrum molestias modi autem eum. Temporibus animi, excepturi error sed a officiis deserunt nihil voluptate amet deleniti omnis recusandae autem. Laboriosam hic obcaecati dignissimos, quos dolorum aliquam blanditiis necessitatibus distinctio ut enim velit non ipsa. Voluptatem quasi nisi error perferendis ex ea beatae sit sed error quaerat eveniet sit et. Tempora ab omnis est labore molestias ipsum voluptas, laborum deleniti doloremque est ipsum sed aut! Perferendis ab nihil illum illo qui maxime aut et omnis temporibus minima eum dolores modi. Ipsa enim et omnis tempore officiis est expedita ut quaerat qui facilis omnis nesciunt laborum. Blanditiis aut eos est quibusdam molestiae qui, ipsa similique impedit sed cum non fugit maxime! Quibusdam est ea qui eos vero et rerum quaerat dignissimos beatae iste quia molestiae quis. Et tenetur sit accusantium quaerat et, magni aspernatur laboriosam modi id perspiciatis velit repellendus exercitationem. Voluptatem recusandae sit dolor neque a facilis esse, ullam sit eum ut tempore et unde? Voluptatibus ea accusamus qui quis et aut enim non magnam aut non velit omnis iste!\r\nDeserunt voluptatem impedit voluptatem atque magni quia qui debitis ea et enim qui obcaecati adipisci. Et unde velit aut est exercitationem unde voluptate veniam sunt et corrupti ut odio cupiditate; pariatur aperiam enim, ut unde et eos qui recusandae molestias voluptates modi omnis recusandae sunt. Qui vitae, perspiciatis amet odit tempora sit iste in qui recusandae atque ad quas architecto. Ipsum vero error aut, laboriosam nobis qui dolores delectus voluptas sit ullam ut id quaerat! Perspiciatis quas itaque eum adipisci debitis rerum illum ipsa non consequatur illo aut quidem veniam; voluptatem sint rerum dolor voluptas iste voluptas ipsa aliquam est eligendi et laudantium voluptatem doloremque. Pariatur dolore voluptatem ratione ipsum eveniet placeat itaque repudiandae corporis neque et quia sed aut; delectus quia consequatur officia vitae nihil voluptatem praesentium voluptas nisi aspernatur incidunt consectetur officiis quis. Ut nam omnis odio quae et nesciunt aut et quia qui veniam maiores unde adipisci. Dicta consectetur voluptatem perferendis omnis non dolores eius ut doloribus qui aliquam doloremque vel nulla. Voluptates iste rem sed possimus optio consequatur dolorum accusantium labore qui saepe et voluptatem rem! Officiis voluptatum saepe, inventore exercitationem consequatur voluptatibus earum blanditiis vero aliquam quis sed dolorem natus. Ad omnis, delectus voluptatum qui omnis illo minus qui minima ad atque dignissimos quia perspiciatis. Pariatur totam dolore consequatur neque accusantium voluptatibus fugit, illum aliquid qui tempora velit ut necessitatibus.', 5859, 10),
(37, 'Cartnierentor', 'Laborum earum ut earum dolorem ut rerum distinctio ad quis perspiciatis molestias reprehenderit qui et. Impedit doloribus tempora rerum sapiente natus error mollitia dolorem doloremque et labore nesciunt earum quia. Nisi soluta nisi beatae perspiciatis pariatur consequuntur vel nostrum vel est cum accusantium perferendis assumenda; unde aut mollitia reprehenderit dolore natus rerum natus, doloremque temporibus voluptas sint iste sed quae. Quaerat consequatur magnam delectus, quidem voluptates dolorum commodi quae quos velit voluptatem ducimus aut veniam. Omnis nobis error aut consequuntur eos voluptatem ex optio voluptatibus voluptatem nemo qui est assumenda! Perspiciatis saepe eius illo quos cupiditate sequi quidem voluptatem natus aliquid maiores ab iure ipsam. Et dolores sit sed alias ex enim laborum unde tempora unde neque voluptatum commodi accusamus. Ex aliquam voluptatum qui nam quos quam eius dolorum explicabo quisquam ut architecto illum mollitia. Repudiandae id voluptatem numquam, quisquam eos pariatur voluptatem ut sunt ipsum fuga aut quas quia! Ut accusantium eos dicta laborum, neque quia rerum ut reprehenderit velit beatae quod rem laboriosam. Ut error, rerum et optio omnis sint eos sed enim voluptates qui ea labore inventore. Voluptatum et dolor dolorum nam perspiciatis error vel natus impedit quam esse accusamus id voluptatum. Quia ipsam enim, voluptatem quia voluptatum natus earum voluptatum temporibus tempore doloribus natus ut deleniti! Nostrum minima reiciendis, perferendis debitis unde mollitia quia optio voluptatem rem sit eos illum odit; officiis velit est voluptatem omnis deleniti a quas adipisci iure unde ut sit amet ad. Iste culpa provident aliquam error iste voluptas pariatur nam sit natus eos sapiente eum aperiam! Facere id error, magnam fuga minus vero ut illum voluptas vel sapiente unde non consequatur.\r\nCumque facere sequi facere est praesentium libero, alias sunt ullam architecto quia necessitatibus sunt aut. Necessitatibus blanditiis unde, est omnis consectetur praesentium asperiores ut libero maiores laudantium in unde ea. Voluptatem ullam, animi voluptates et deleniti ducimus perspiciatis in dolores accusamus debitis totam ut animi; reprehenderit dolores, in ipsa error quisquam assumenda laudantium beatae sed quos debitis iste exercitationem quia. Omnis deleniti, harum labore nulla sint possimus quae modi et asperiores mollitia veniam porro soluta. Libero harum veritatis ut natus nam saepe quis iusto atque et saepe eaque numquam quisquam? At accusamus exercitationem aliquam dignissimos voluptatum non veniam porro vero inventore omnis eius temporibus et. Animi numquam nesciunt error quisquam pariatur quia voluptatem quibusdam qui accusantium omnis aut numquam culpa? Vitae et corporis nobis et voluptatem hic voluptas aut explicabo unde nobis sapiente magni quas. Ducimus eligendi voluptas ut error soluta ad sequi et sunt voluptatem ut voluptatem alias provident. Quis deserunt quisquam ratione ab aspernatur sed ratione magni recusandae sint saepe sed delectus quibusdam; veritatis aliquam, quasi illum at cumque et est ut omnis aut impedit odio vitae minus. Voluptatem libero unde sint voluptatem fugiat, perspiciatis necessitatibus ipsum nam omnis pariatur est sunt enim. Porro expedita quam accusantium et consequatur autem dicta, iure et unde enim id perspiciatis aliquid. Sint repudiandae nostrum, veniam consequatur earum vero rerum sit eius commodi nobis facere dolore quia. Expedita voluptas saepe voluptas sed est assumenda qui amet aut iste cum non sequi nisi? Vitae voluptatem nemo vitae aliquam debitis, sint temporibus est architecto aut distinctio ducimus sed ratione!\r\nExcepturi quo voluptas error et voluptatem omnis sint animi ea necessitatibus ex numquam ut et; rerum sit provident harum, rem hic sit aliquam dolorum omnis nemo incidunt non sed ullam. Quis adipisci voluptatem explicabo molestiae rerum aliquid exercitationem accusantium et eos ea natus dolore sed; quisquam ut eos aliquid, commodi quis ea obcaecati facere sit amet eum unde fuga laudantium. Ut et, omnis quae dolorem et officia reprehenderit magni dolores repellat in enim consequatur ipsa! Ipsum eum iste aliquid optio et magni enim omnis aliquid aspernatur deserunt quidem nisi et. Ratione dicta ut eaque quidem dolore nemo laudantium dolores at quasi enim est qui sunt. Veniam et enim dolores sunt voluptatum quisquam aperiam modi rerum minima aut assumenda debitis perferendis! Eos minima ratione nobis, voluptatem quas tenetur laudantium fuga ullam maiores eum officia et explicabo.', 532, 11),
(48, 'Micnientor', 'Voluptatem molestiae aliquam fugiat aperiam iure, deserunt fugit adipisci voluptas voluptatem quasi in voluptate qui. Laboriosam similique autem, qui tenetur magni nulla unde omnis eum repellat in non modi et. Voluptatem perspiciatis, perferendis nobis laudantium et ea praesentium facere velit et eos omnis iste omnis. Iste unde enim fugiat perspiciatis eos laudantium ullam harum eligendi eum modi earum qui harum! Quod commodi facilis voluptatem, aut delectus sed eos dolores quasi accusantium ducimus quidem quia at. Sapiente ullam omnis animi suscipit earum perspiciatis ipsa animi excepturi molestiae adipisci vitae maiores vel.\r\nVeniam ipsum voluptatibus hic rerum consequuntur natus eveniet, ut tenetur aut id aliquid animi molestiae. Aperiam similique omnis perspiciatis, temporibus ut vel aliquid fuga facere accusantium nostrum vero eos voluptatem. Autem ut iste ducimus odit sit sed non omnis ut et at autem facere placeat. Quos et eos dolores quisquam voluptas perspiciatis nulla repellat fuga explicabo delectus qui ducimus nihil! Sed odit est dicta accusamus dolorum amet expedita est dolorem sed ipsam unde tenetur iusto. Aliquid magnam non doloremque soluta odit nam repellendus laboriosam ea sequi rerum ullam perspiciatis aliquam! Odio veniam quis animi ea quos illo et rerum sed iure est sit cumque reprehenderit. Dignissimos saepe et ut id nesciunt odit molestiae non est eaque sed quos animi in. Sit eveniet deleniti nobis rerum quos adipisci unde nostrum totam molestiae doloremque sed nesciunt qui! Et dolorum voluptatibus, ab qui ipsum accusantium aut unde blanditiis deleniti qui ex cumque consequatur. Mollitia possimus facilis exercitationem velit perspiciatis impedit perspiciatis est ipsam qui perspiciatis facilis ipsam unde. Consequatur doloribus deserunt voluptatem a velit, et iste veniam unde aut inventore voluptatem velit unde; omnis aspernatur, eligendi sed iste nobis voluptatem laudantium aut sit dicta iste autem consequatur ea. Et iste atque non soluta qui et non laboriosam corrupti nostrum, sint perspiciatis asperiores distinctio! Consectetur sunt voluptatem voluptatum necessitatibus error placeat alias tempora minus ad quia aperiam sequi odio. Error a magnam non voluptatem est sed aut voluptas et quo mollitia omnis dolores incidunt. Odit eum corporis quidem incidunt aut voluptatem enim dolorem et corrupti voluptatem aliquam magni debitis. Enim eos debitis cum repellat laudantium velit rerum dolorem culpa necessitatibus mollitia dolore aut consectetur? Et commodi ullam placeat aut consequuntur consequatur labore quasi sed et voluptatem unde temporibus deleniti.', 293, 12),
(50, 'Rejectlet', 'Praesentium modi ut voluptatem aperiam rerum voluptas qui et obcaecati placeat omnis beatae molestias error. Sit voluptas architecto, voluptatem adipisci in et omnis sunt quia possimus iste omnis aut alias! Exercitationem error vel, qui assumenda iste recusandae similique nisi debitis aperiam enim dignissimos ex sit. Saepe vero, ipsa fugiat sed eius et qui amet ipsum quia at ipsa id blanditiis. Omnis ratione ut, natus qui veniam repellendus aut ut et natus sit fugit quos veniam. Voluptas molestiae quia nihil perspiciatis odio quos vel incidunt error aliquid magnam ut non quaerat. Qui nemo qui, maxime accusantium et omnis sint doloribus dolorem rerum non voluptas quasi omnis! Corrupti voluptates, quisquam iste tempora at molestiae consequuntur et ab eum nihil tempora voluptatum ea. Error tenetur voluptate cumque, eaque velit ut voluptas quo voluptate voluptatem quae enim unde qui! Eos veniam praesentium voluptatibus voluptate et voluptatibus rerum tempore ipsum aliquam incidunt corrupti quae ipsa.\r\nAliquam delectus voluptatem perspiciatis reprehenderit rem architecto debitis et sit unde nihil eum hic natus. Aut saepe qui, suscipit natus recusandae aliquid omnis sunt ut et repellendus accusantium quam sed. Ut natus nam exercitationem et, in nulla est voluptas dolores quisquam architecto molestiae omnis est? Unde voluptatibus maxime vero aliquid excepturi velit rem qui perspiciatis aperiam omnis perspiciatis numquam molestiae; eius natus quia tempore necessitatibus, vel dicta adipisci velit error quisquam sunt nostrum impedit est. Sed et perferendis nulla labore totam voluptatem voluptas fugiat minima non repellat atque culpa aperiam! Magni nesciunt sint, debitis quibusdam et vitae rerum veritatis modi sint repudiandae sit adipisci harum. Libero veritatis et voluptatem tempora omnis ducimus facere deleniti saepe est illo dicta labore et; saepe adipisci eum, sit et inventore est natus quia velit incidunt aperiam est aut magnam. Sit unde voluptatem repellat amet sunt modi et quia itaque voluptatum officiis enim iusto debitis. Explicabo qui et ea dolor cumque explicabo dolorum amet ullam eum voluptatem aut corporis itaque. Harum error sit necessitatibus, perferendis aut voluptatibus sit ut nam rerum tempora eum eos ducimus.', 3936, 14),
(43, 'Miclifiedgor', 'Et reprehenderit a quia voluptatum voluptatem ut est aut nihil laborum dolores consectetur autem laboriosam. Numquam consequatur eius error numquam iste numquam ullam sed voluptatem ipsam vel autem et ut? Voluptatem asperiores ut perspiciatis cumque recusandae error et animi qui quae sit corporis quidem eaque! Amet nihil odit dolore consequatur, officia inventore sequi nemo labore fuga eos ad itaque recusandae. Veniam et modi, veniam ratione libero quidem repellat rerum dicta optio culpa ullam natus velit. Molestiae et ea laboriosam temporibus deserunt eos reiciendis incidunt similique accusantium ut, necessitatibus dolor voluptatem! Molestiae quo quas enim omnis numquam quis nihil et enim ab facilis qui sit earum. Illo voluptatem quaerat voluptas quasi commodi sit quis consectetur ut perspiciatis non explicabo in ut. Repudiandae sapiente ut culpa sunt explicabo natus sed est aut necessitatibus quidem eum, quibusdam id. Et unde sapiente cum sed, at unde corporis rerum delectus asperiores labore ex inventore officiis. Pariatur sequi omnis, aut optio veniam quibusdam minima totam quod explicabo laboriosam deleniti quibusdam necessitatibus; illum error voluptatem error aliquid, ut voluptas aspernatur necessitatibus aut recusandae vero omnis quaerat ut. Porro reiciendis ipsum alias ut aut nostrum amet ut enim nulla fugiat cum quod est. Ullam nam maiores magnam enim, tempora sunt ipsum voluptatem omnis earum eos molestiae fugiat accusantium. Assumenda sed ut voluptatem perspiciatis molestiae ut vel beatae non tempora maiores ut inventore aliquid.', 1205, 11),
(38, 'Transceiver', 'Enim suscipit necessitatibus debitis vero doloribus molestiae tempora quia et optio natus voluptas porro qui. Aut sint incidunt dolores magni quam nostrum error qui provident dolores sunt perspiciatis cupiditate incidunt. Officiis modi obcaecati, recusandae quibusdam corporis aspernatur aut distinctio ab doloremque molestias expedita et libero. Laudantium voluptas ex illum enim et, omnis natus ipsa ab officiis nemo consequatur eum dicta. Magnam et ut soluta sit sed sapiente dolorum natus nihil perspiciatis omnis aperiam et consequatur! Labore facere ab laudantium culpa doloremque sed quia eveniet ut repellendus fuga sed qui unde. Dolores explicabo omnis nemo aspernatur dolorum ratione aut quia voluptatem voluptas dolor aut vel qui.\r\nExcepturi consequatur eligendi, enim dolor officia qui ut rerum vero ipsum sit ut repellat quia. Fugiat eum sed, error ipsam consectetur maiores et provident tempore saepe sapiente fugit ea sit; ut eum voluptatem reprehenderit harum debitis, deleniti pariatur est sed dignissimos esse aut quasi eius? Exercitationem distinctio laboriosam unde ipsam est officiis qui iusto nesciunt, nihil laborum at dicta nesciunt; corrupti facere sunt fugiat nostrum eius magni unde ut eaque consequuntur nesciunt autem est eaque; optio explicabo itaque nobis eos nulla possimus error similique, dolor voluptatem impedit assumenda quia quos. Voluptate necessitatibus veritatis tempora quaerat, distinctio quisquam cumque distinctio quas dolores dignissimos enim perspiciatis ut. Voluptas qui perspiciatis qui voluptatem labore vitae qui consectetur doloremque necessitatibus omnis quam sed nihil? Ut facere omnis rerum ut, ipsa adipisci autem non blanditiis atque quia facere sunt accusamus!\r\nDeleniti distinctio numquam, illum minima modi voluptatem omnis sint voluptatem quidem et laudantium labore eligendi; iste doloribus odit eaque porro suscipit a quam aut et cupiditate voluptas veniam et sint. Doloribus consequatur cumque odio id et explicabo dolor voluptatem id dolorum laborum facilis unde et. Debitis accusantium est voluptatem tempore eius suscipit reprehenderit et ipsum voluptatem ipsum ut qui ut; ducimus reprehenderit dolor qui quas voluptatem ratione enim qui quas quis voluptas quia rerum vero; omnis odit dicta sed dolore, doloribus accusamus totam obcaecati dignissimos sit velit est adipisci sed. Necessitatibus perferendis placeat dolore id quae ut quam error, omnis error et esse ut voluptatem! Tempora sint iste unde quae consequatur quasi nobis nesciunt beatae sit, est veritatis soluta sit; enim dolorum, ipsam soluta id aut perspiciatis delectus quis quod voluptatibus voluptatem eum dolor iure...', 4308, 11),
(15, 'Readtaerer', 'Qui deleniti voluptas eos voluptatem laborum eos obcaecati modi maiores in qui vero ipsum corporis. Et qui et qui dolores eum labore voluptatem natus voluptatem rerum nesciunt et suscipit qui; quas id veniam eligendi facere minus et omnis earum delectus non quos in voluptatum molestiae. Error eos ea sunt qui aut, hic nesciunt voluptatem modi velit hic ut voluptatem sit. Debitis fugit, alias repellat expedita assumenda error iure sit iure et error vel voluptatem eos; hic aut error maxime quod repudiandae et excepturi natus qui quia cumque fuga necessitatibus sit; nobis unde expedita doloremque earum repellat et qui reiciendis qui iste temporibus quidem est unde. Eos in excepturi facilis magnam nam suscipit explicabo molestiae accusamus consectetur voluptatem est cupiditate qui. Magni blanditiis, possimus atque eligendi officiis accusamus molestiae enim incidunt consequatur eaque et sit expedita; nobis amet, laboriosam quo sapiente aut et autem magnam fugit consectetur delectus reprehenderit in magni...\r\nId et tempora nulla dicta quibusdam ut aut est illum unde repudiandae fugit ut eius. Similique vel nostrum natus, labore ut et quia voluptatem ut temporibus maiores ipsam sunt eligendi. Aspernatur officia repudiandae, nihil mollitia accusantium asperiores quo voluptas possimus id mollitia soluta animi consectetur. Fuga commodi error atque beatae nostrum in illum ea ipsum fugiat non ea perspiciatis nihil. Quasi nemo dolor voluptatem nisi distinctio, voluptas dolorem id nam perspiciatis nihil iste aut corporis. Sit excepturi, repudiandae ut quae sed sunt odit omnis impedit deserunt aperiam ut quis consectetur. Deserunt explicabo dolor et sunt commodi fuga maiores voluptate repudiandae cum quo deleniti consequuntur pariatur. Modi doloremque fuga, reprehenderit atque facilis sed minus nostrum ratione perferendis quaerat ut ratione soluta. Perspiciatis ea culpa fugit tenetur qui ut error natus sunt molestiae ipsam quam quia voluptatem? Cupiditate quae et, vero quibusdam cupiditate minima sunt sit ullam natus velit omnis ut veritatis. Numquam laboriosam animi maxime debitis, sit labore minus consectetur enim sit itaque omnis facere voluptas! Suscipit et aut odit, in eum et eum nisi at quo possimus ut quos odit. Nemo qui doloribus tempora, omnis rem nostrum sit quam sit perferendis amet rerum numquam nisi. Error consequatur voluptas, cum eius ullam ut eius et asperiores molestiae repellat voluptate et quae. In rerum libero suscipit sit fuga asperiores esse voluptas dolorum qui unde reiciendis ipsam voluptatem...', 5, 18),
(46, 'Subwoofgaer', 'Hic excepturi similique maiores quaerat blanditiis nobis possimus inventore est hic aut eveniet aut ullam. Est omnis aperiam, sit soluta perspiciatis omnis facilis qui eveniet esse magni et atque perspiciatis. Dolor nesciunt cum est commodi ut ad ut officiis minus et iste, qui nisi sit? Dolor obcaecati, quo est qui rerum consectetur molestiae sed quibusdam corporis dignissimos ab voluptatem ad! Dolores blanditiis et quae, consequuntur ut autem eaque reprehenderit facere doloremque omnis excepturi ut id. Fugiat autem consequuntur est ut hic praesentium unde laborum odio saepe cumque iste quis fugit. Voluptatem natus magnam, suscipit culpa iure ut voluptatem maiores fugiat vitae sapiente omnis tempora id? Quidem officiis fugit laudantium quae in facilis incidunt excepturi ducimus hic culpa animi odit sit. Quia doloribus voluptatem explicabo, et aperiam nemo sit minus necessitatibus voluptas ipsam sed quidem inventore. Sed accusantium, libero omnis unde voluptas enim sit voluptatem ut porro consequatur debitis non dignissimos; est quia expedita consectetur vel qui autem delectus culpa eius quidem illo nisi veritatis aut? Eaque et nisi consequatur molestias aut iste ratione non dignissimos eum voluptatem, perspiciatis autem sint! Reprehenderit blanditiis eius a molestias nemo dicta voluptas repellat voluptatem beatae perspiciatis sit veritatis quis. Odio sapiente veritatis deleniti itaque quia ea sint officiis velit non voluptatem incidunt a optio. Aliquid iste sunt laborum voluptatem doloremque quo minus et tempore ullam error magnam quas qui.', 8023, 22),
(21, 'Conceivphone', 'Impedit aut laboriosam et quo vero architecto odio recusandae eos eius recusandae laboriosam esse repellat. Laudantium inventore aut, iste enim qui similique delectus velit cum ex laudantium nostrum quia commodi. Eum aliquam et voluptatem in quis vitae necessitatibus autem facere, modi fuga sed voluptatibus architecto. Consequatur autem nulla, et aut voluptatem repudiandae ut et quia animi eos cumque aliquid iste. Temporibus rerum sed, beatae in aut ut sit obcaecati omnis aspernatur enim perspiciatis ipsam sapiente.\r\nConsectetur ut enim quia expedita ut quibusdam qui deleniti quibusdam quis qui velit dolorem corporis; illum ut dolores error, voluptatem sed voluptatem consectetur et facilis et debitis vitae ad voluptas. Et optio voluptatem consequatur quae ab omnis magnam impedit consequatur perferendis sequi non error ipsum; eos velit ut, dolorem quia est deserunt esse officiis voluptatum veritatis et non dolorem laudantium. Quaerat culpa repellendus debitis esse fugiat libero provident labore omnis iste perferendis hic repellat officiis. Dolorum vel molestias quasi sed delectus deleniti quos tempore temporibus sit officiis aspernatur, velit facere; perspiciatis eum dolores, non enim repellendus enim autem repellendus nostrum vitae non iste perspiciatis atque. Aut delectus explicabo sit quisquam dolore sequi cumque sit error reiciendis beatae molestiae iusto ullam. Earum quaerat ducimus nostrum ut quisquam voluptatum aut voluptatem perspiciatis sed aliquid eaque voluptas minima. Accusamus ipsam quis sit in voluptatem, sed delectus quia non deserunt blanditiis omnis officiis laborum. Tempora et sed explicabo officiis laudantium aut recusandae maxime cupiditate sed nihil et ipsam ab? Et fugiat rerum unde autem nulla debitis soluta aut quia earum itaque ut nihil aut! Omnis sunt voluptas placeat beatae commodi ad voluptatem sed maxime corrupti eum repellendus facere vero. Aut asperiores aut rem in aut facilis fugit, rerum sit minima vel sunt quis enim.\r\nVitae animi dolorum eveniet pariatur veniam voluptatem quibusdam dolorem quisquam nemo nostrum perspiciatis dolores a. Officiis eum amet non iusto doloribus quisquam numquam error id non quia aspernatur sunt eos! Ut cumque ut iste tempora nisi debitis magni voluptatum earum repellat qui quisquam ea harum. Culpa et perspiciatis ut perferendis obcaecati libero omnis in unde eum sit illum et perspiciatis. Voluptatem dolores nisi qui, consequatur consequuntur officiis nisi quia perferendis beatae illum ut culpa harum! Quas et, inventore tempore reprehenderit consequuntur sint error et aut itaque sed omnis obcaecati sit. Et rerum culpa sunt a enim perspiciatis laborum aliquam rerum ut sit fugiat unde deleniti.', 5870, 12),
(6, 'Mictopepor', 'Cumque magni, quam et perspiciatis vel aut dolorem id corrupti ut cumque in et est. Cum voluptatem et dolor illum labore at suscipit adipisci quia quod dolores qui voluptatum ipsam? Omnis dolor qui quas fuga sed est odio qui dolorem corrupti quo eius similique voluptatem; nihil ullam officia perspiciatis similique deserunt qui voluptas esse placeat ducimus doloremque, nulla expedita ex. Et error non ut quam neque fuga et repellendus explicabo sit facere iure et blanditiis. Voluptas sed blanditiis repellendus et rem natus ut et numquam officiis exercitationem est eaque qui; vero ut, aut dolores qui omnis eveniet beatae perferendis est maxime sequi porro perspiciatis non. Tempora provident esse necessitatibus minus voluptatem qui consequuntur ut, nam inventore quae dignissimos ipsam excepturi; vero velit minima ut distinctio qui molestiae natus accusamus et animi unde corrupti natus blanditiis. Eaque reprehenderit facere hic obcaecati eligendi, nam ut repellendus voluptatibus dolor voluptatem ullam quaerat voluptates! Dicta quo voluptas sed et repudiandae laudantium alias aut, consectetur deserunt accusantium molestiae possimus cum. Et optio nam amet magnam quae, molestiae iure beatae ut voluptatem vel perferendis molestias alias? Aut pariatur et, inventore porro quod et corrupti quam aliquid modi sequi unde distinctio odit. Culpa deleniti maxime ad rerum labore quibusdam et cupiditate quis tempore voluptatem maiores deserunt eveniet.\r\nUt sapiente mollitia magnam alias voluptas magnam voluptate temporibus quis vitae nobis modi nesciunt nobis...\r\nConsequatur aperiam consequatur voluptatem minima quia, sunt sint aspernatur et unde nostrum porro voluptatem similique. Vitae illo quam praesentium rerum voluptatem cumque quos quod dolor voluptatem dolore nulla aliquid natus. Laudantium quia enim ut porro perspiciatis adipisci asperiores itaque et iste perspiciatis assumenda facilis in? Unde debitis qui fugiat dolorem et omnis, nam quod sed aut laudantium doloremque voluptatibus laboriosam. Animi quisquam et voluptatem qui dolores laborum et labore aspernatur modi adipisci amet sed amet. Illum mollitia aut dicta, quo quis laudantium dicta libero soluta suscipit repellendus voluptatem animi fugiat? Dolorum nostrum reprehenderit, ipsum velit consequatur voluptatem vitae mollitia odit aliquid quia dolorem quia itaque! Excepturi est illum qui veritatis perspiciatis veniam distinctio totam corrupti omnis laboriosam et earum ab. Nemo et in unde, adipisci omnis ut sint explicabo et distinctio nostrum at culpa voluptatem! Illo iste hic ut et modi eveniet vero et voluptates, praesentium libero minima error natus.', 511, 18),
(16, 'Montaphone', 'Ut dolorum temporibus reiciendis est voluptatem sed aut unde eos velit alias quia nesciunt voluptatem. Ea natus, assumenda error libero qui ut possimus consequatur fuga ducimus dolores maxime quos sed! Delectus et accusantium adipisci modi dolorem optio sit cumque perspiciatis rerum voluptas eius vel voluptatem. Aliquid perferendis consequuntur officiis facilis illum autem tempore beatae explicabo perspiciatis saepe minus corrupti facilis! Pariatur deleniti et unde quo illum autem ab non aperiam iusto qui enim itaque ut. Voluptatem aspernatur fuga repudiandae est officia dolorem dolores aut maiores possimus culpa dolorum placeat quod? Nihil veniam et sed repudiandae eum repudiandae rerum est eum recusandae et vel error omnis. Possimus delectus deserunt voluptatem nisi, inventore fugiat nemo velit ut omnis sed praesentium natus sed. Quibusdam quis voluptatem exercitationem doloribus ea voluptas est sint molestiae quaerat omnis error quas quod.\r\nAut consequuntur ipsa nulla corrupti itaque dignissimos iste suscipit magni ut libero nihil perspiciatis enim. Unde aliquam, dolores nemo error consequatur magnam qui aut voluptatem odio dignissimos molestiae dignissimos ea. Quia dicta architecto omnis ea neque est ea consectetur sequi qui sit odio labore cupiditate; nobis quod nemo voluptatem illo voluptatibus ut adipisci dolores et est sed id ex nemo. Animi dolorem consequatur optio voluptatem aperiam et ut molestiae consequatur officiis ut eum sed possimus. Et deleniti fuga aperiam quis fuga recusandae omnis et ut est ipsam obcaecati eum dolor. Sed laboriosam sunt ipsam modi voluptatem eligendi unde ut voluptatem facilis natus quibusdam dicta perspiciatis! Tempore eos rem ad vitae modi voluptatem, necessitatibus qui dolores earum repudiandae sint consequatur sit. Delectus suscipit sit ab voluptas corrupti recusandae architecto vel aspernatur unde dolorem perspiciatis id sit. Enim error et recusandae explicabo voluptas modi exercitationem nobis error exercitationem laudantium perspiciatis aut veritatis. Sunt suscipit natus, et laboriosam ullam sed quae est porro voluptatem laborum sed culpa temporibus. Et nesciunt omnis ut debitis qui enim et recusandae necessitatibus est molestiae repellendus dolorem officiis? Error voluptas cumque eaque corrupti sit fugit qui distinctio aut ut expedita suscipit ab sunt. Ea quisquam illo fugit earum animi magnam quasi at quibusdam qui error sed, aperiam doloribus. Non est, soluta aliquam velit eum error illo doloribus natus sunt ea minima repudiandae ullam. Velit maxime suscipit esse et nostrum, et beatae enim deleniti praesentium eos officia magni iusto. Accusamus vero suscipit consequuntur voluptas quia animi dignissimos mollitia quia voluptatem necessitatibus unde laboriosam sed.\r\nIste libero quam, non rerum ex optio est quia deleniti accusamus ea repudiandae unde voluptatem. Ducimus et nihil eum quibusdam deserunt omnis expedita exercitationem soluta nesciunt quisquam consequatur quia natus? Suscipit sit autem iure sequi aut ipsum quidem labore quos ab velit quia ex vel. Aliquam error id, illum omnis ut necessitatibus voluptate corporis perferendis porro distinctio iste et voluptatem! Libero aliquam est consectetur nesciunt est eveniet fugit saepe aut nam nihil ea sequi unde.', 7517, 10),
(33, 'Armcycllet', 'Mollitia accusantium, dolor natus sit eum porro vitae fuga beatae nobis itaque earum consectetur eaque. Velit error beatae quia quos quaerat sint est ut excepturi quia facere amet ratione impedit. Et rem sit sunt et voluptas sed assumenda fuga quisquam doloribus ipsam qui atque sunt? Est qui et vero quis omnis qui eos qui sit molestias iusto omnis aut in. Rerum hic illo vel doloremque ea sit perspiciatis dolores iste sit qui nesciunt voluptate omnis? Est laboriosam quisquam non sunt nihil dolores id beatae quis eos quidem autem aut amet! Sed iste aliquam ad eum cumque enim praesentium qui perferendis nam, obcaecati natus voluptatum facilis. Natus eos et voluptatem voluptatibus doloribus quas aut perferendis dolorem aut iste assumenda aut commodi. Ratione reiciendis et eos et unde eum similique dolores excepturi eos ex autem modi nostrum; autem assumenda qui aliquid in voluptatum neque tenetur nostrum quas architecto aut officia dolorem commodi. Aspernatur eum quas iste aut et culpa, ipsam iusto beatae et quos atque ab pariatur. Consectetur nulla et sit architecto aut sit excepturi, asperiores laudantium dolore dolorem natus praesentium quis! Voluptatem vel voluptates animi autem aspernatur esse odit quisquam omnis expedita quia ad quisquam ratione; explicabo eum praesentium ad blanditiis praesentium blanditiis incidunt accusantium praesentium architecto sunt temporibus quia culpa.', 3773, 17),
(28, 'Tweetleefra', 'Quibusdam sit doloremque qui et suscipit ipsa aut blanditiis ratione delectus suscipit eveniet velit nulla. Dolores at sit aut quo in voluptas natus pariatur et temporibus quod sequi totam provident; vel minima exercitationem molestiae incidunt esse itaque iste consectetur iure fuga voluptatem exercitationem voluptas maiores? Et similique inventore ipsum necessitatibus magni repellendus accusamus enim fugit optio dolor laboriosam enim repellendus!\r\nEx voluptas quibusdam sint natus dicta ullam unde sequi vel veniam sint voluptatem nihil dolorem. Nobis molestiae accusantium reiciendis quia enim molestiae doloremque sunt officia aliquid aut quia porro omnis? Non aperiam maxime ut voluptatibus nihil ut a quas dicta recusandae qui similique doloremque hic! Aut harum dolore in corporis error cumque aspernatur, tempore ratione provident veniam velit et sit. Repudiandae obcaecati ut laudantium consequatur eligendi laborum placeat, beatae facere adipisci et temporibus nobis et! Non similique ab voluptas in sed consequatur minima sit, iure dolores quia nihil facilis excepturi? Aliquam et nesciunt velit numquam vero adipisci odit tenetur blanditiis aut quaerat maxime veniam illum. Excepturi illo sit atque minus qui voluptate obcaecati eligendi repudiandae et assumenda nulla ipsa natus; incidunt sunt voluptatem aperiam ut exercitationem numquam libero fugiat qui ea, unde quo ipsa velit. Aut deserunt nulla delectus doloribus aut et veniam alias et est sit incidunt deserunt sint. Optio voluptatem vitae corporis deserunt non ut aut architecto inventore libero est nulla quia laudantium? Et ut, voluptatem quia illo sapiente nemo ut quisquam quae molestias alias hic voluptas doloribus. Ut voluptatem rerum numquam nisi soluta labore iusto est sed ut natus necessitatibus doloremque facilis. Sit qui omnis labore ea quia repudiandae necessitatibus iure tempora in et numquam molestias perferendis; recusandae maxime consequuntur qui expedita eligendi, unde deserunt saepe nihil qui sint perferendis eum eligendi. Nemo voluptatem, quia nemo consequuntur est saepe iste qui necessitatibus blanditiis perspiciatis laudantium ipsum amet. Sunt numquam id reprehenderit omnis quis iste repudiandae, numquam sed est similique facere commodi ipsa; aut qui harum sit consectetur cupiditate sit unde nobis necessitatibus facilis laboriosam dolor voluptatum soluta. Cumque sunt ipsa voluptas sed minus est, fugit dignissimos iure omnis et fugit aut assumenda. Et minima sunt eum dolor voluptas dolores rem laudantium ipsam facere id nesciunt ab nihil.\r\nQuia facere iste ut dolorum consequuntur est quia corporis ullam sed natus aperiam nostrum ex. Aut dolores quia aliquam omnis temporibus ad quae impedit soluta unde sit deserunt eaque mollitia. Sed doloremque omnis itaque eligendi unde totam beatae sunt sed laudantium amet ut possimus et! Minus velit iusto corporis magnam sed quo culpa nostrum ducimus eaque rerum autem iste cum. Sint totam ex voluptas facere minima omnis nam repellendus deleniti aut nihil ut, magni nihil; atque error corrupti non nesciunt accusamus dolorum architecto numquam eligendi praesentium perferendis beatae sit et? Et deserunt dolorem, quasi cum voluptatem expedita iste minus error mollitia dolorem aliquid inventore iusto. Sed reprehenderit eligendi, dolore qui hic porro sed sit magni voluptatum iste minima at velit. Tempora unde laudantium, sit rerum ut necessitatibus dolores nostrum sed asperiores aliquam reprehenderit sed quia; tempora ipsum ipsa aut consequatur sint cum molestiae saepe doloremque ipsum ipsam accusantium culpa iste. Et ut unde ab magni neque a beatae aut ea autem illum impedit culpa dolor. Magnam ipsum quas eum quia sequi asperiores quod quas omnis sed ea natus perferendis et. Dolores dolorem exercitationem, excepturi sed vel unde vel velit explicabo aut enim labore saepe quo. Repudiandae repellendus maxime quaerat perspiciatis maiores libero perferendis ut exercitationem voluptas eaque soluta molestias eligendi. Sit recusandae hic iure eum et enim explicabo ut quas et aut dolores nam enim. Molestiae vel, autem perferendis deserunt cumque nobis quia necessitatibus consequatur quia veritatis sed aut vero. Non incidunt, consequatur praesentium molestiae laboriosam eius iste saepe voluptatem facilis doloribus enim qui voluptatem! Qui sed dolore provident fugit dolor, maxime omnis dolore consequatur provident ut quia quas qui.', 6202, 25),
(44, 'Supwoofewry', 'Asperiores ullam ut libero eius ut voluptatem culpa omnis commodi asperiores consequatur nulla error sit. Iste magnam et hic accusantium nostrum unde, facere repellendus impedit in ducimus nihil et rerum. Dolores et in temporibus voluptatem voluptates optio debitis voluptas autem dolores non iste consequatur dolorum; enim aliquid corrupti autem, et ut dolorem ut et voluptatem atque minima nam iure numquam. Quisquam hic eos deleniti impedit quibusdam error maiores ut, aut esse debitis veniam minima suscipit. Sed fugit omnis, ipsum architecto nostrum aut voluptates voluptatem et illo voluptatum iusto odio incidunt. Ut voluptates ut repellendus nisi ullam error voluptates aspernatur ut unde consequatur dolorem unde ipsa; error voluptatem doloribus autem, id totam natus ut aliquid voluptatem delectus natus id est vero. Et asperiores cumque nemo vel consectetur voluptas at repudiandae sit maiores, eius dolore hic sed; expedita ipsum architecto consectetur qui ut neque voluptas beatae dolore modi debitis sit nam ut. Et doloremque optio velit sit dolor rem quo aut deserunt nulla magnam ullam beatae et! Quae perspiciatis unde sequi error, magnam quis libero nisi sint iure quam blanditiis eveniet aut. Ut omnis perspiciatis rerum non quis omnis et omnis sed est reiciendis dicta enim libero. Nobis temporibus aspernatur rerum reiciendis, quia ab enim laboriosam voluptas corporis perspiciatis temporibus non sequi. Ut quos aliquid rem cumque eius dolores nemo commodi natus sequi quia reprehenderit sunt minima. Consequatur sit error magnam nam consequatur in ipsam non consequatur ex voluptates magnam eum veritatis. Perspiciatis odit deserunt reprehenderit natus dolor eligendi iusto ut veritatis sed sequi nihil qui animi.', 3623, 16),
(1, 'Monjectplridge', 'Quis soluta provident inventore ipsum praesentium error eum eius iste deleniti repudiandae expedita quis maiores; ut ducimus aut sint perspiciatis, accusamus unde alias consectetur sit quia dolorem dolor ea ab. Magni debitis ut qui tempora nihil voluptatem sint qui at et adipisci quibusdam animi perspiciatis. Corporis officia et vitae voluptate aut omnis totam ut nesciunt nostrum consequatur sed tempora aut. Et ratione enim corporis voluptatem nostrum natus unde dolores quia voluptatem ducimus dolores dolorum obcaecati. Fuga sed a, dolorum vitae omnis expedita ea harum nemo commodi fugiat sit asperiores omnis. Aut vel eos facere ut harum tenetur, perspiciatis dolore sapiente perspiciatis quaerat nisi perferendis omnis; saepe sapiente voluptatem expedita quia sit perspiciatis sunt consequuntur nisi quo blanditiis quos aut possimus.', 3574, 10),
(7, 'Micplottor', 'Voluptatem earum, voluptatibus eos iusto sed laudantium et quaerat est laborum et aut ullam et. Et ut, rerum quibusdam molestiae blanditiis fugiat ut sit iusto consequuntur culpa error sit sed; eveniet perspiciatis voluptatem est provident dolorem ut pariatur eos praesentium dolor dolores et iure perspiciatis. Quia incidunt et omnis, vero natus debitis vero excepturi voluptatem ut tempora sit aliquam enim. Tenetur sed facere aut unde, quia soluta culpa corporis et dignissimos aliquam veritatis odit quis. Amet dolore maxime unde illo eum fugit dolor nisi velit omnis quos dolorum sed sunt. Omnis natus sit cupiditate laborum quos et nobis voluptas voluptates natus consequatur sed voluptatem dolores. Ratione voluptatem error similique cupiditate dolores qui minima id, dolor iusto provident qui reiciendis autem! Omnis rerum corporis ipsa voluptatem qui ab quaerat tenetur sit aut autem impedit aliquid et. Veniam voluptas, dolores eum accusantium deserunt sed dolores enim unde qui libero qui odit sapiente. Qui assumenda, qui nostrum itaque reprehenderit ipsam rerum quam quasi accusantium cum natus pariatur perferendis! Vel quasi ut laboriosam veritatis inventore aut hic eos quasi, recusandae in consequatur esse et. Voluptatem incidunt odit voluptatem rerum, aut et illo et beatae voluptas temporibus omnis quos sit; beatae voluptatem quasi porro sint ut aliquid voluptate delectus magnam ut est voluptatem voluptate neque. Vel autem voluptatibus unde numquam error animi corrupti et voluptas ut et voluptatem error voluptate. Aut incidunt qui, accusantium animi neque harum labore quis voluptatum eos quas ut magni est. Neque expedita velit, dolorum quam et consequatur nisi quia minima ut repudiandae vitae et aliquam! Quia qui non minima, ipsum qui sit culpa dolores fugiat id quasi quia et eaque.', 2735, 10),
(23, 'Comniedgscope', 'Iste exercitationem aspernatur ducimus sint architecto maxime natus ut ea aut quisquam quaerat qui quia. Provident error, asperiores distinctio fuga dolorum qui blanditiis sed praesentium sed adipisci nesciunt adipisci sit. Est autem adipisci vel omnis quis quasi non vel qui cupiditate accusantium dolor et sapiente. Qui expedita rerum et consequuntur vitae aut, corrupti asperiores eaque praesentium obcaecati quidem deleniti aut. Beatae culpa, tenetur quo et velit error consectetur fuga eum unde ex totam voluptatem accusamus! Facilis vitae fugiat, nihil aspernatur magni fugit error odio esse eius consequatur ut sit rerum.', 8989, 13),
(29, 'Speaktaoller', 'Architecto eaque omnis natus fugiat qui ea aperiam nulla totam non voluptatem obcaecati voluptates voluptatem. Veniam inventore asperiores veniam aliquid ab aspernatur autem iste cum ad rerum voluptatem molestias quasi; distinctio hic eos, qui doloribus unde eveniet inventore debitis aut voluptatem quis optio odit expedita? Commodi accusantium minima enim laudantium quod excepturi odit velit illo qui consequatur a quidem sed. Expedita porro tempora perspiciatis accusantium dolor ut eum aliquid necessitatibus voluptate mollitia molestiae non repellat; nemo et sit sed ut deserunt at consectetur commodi cupiditate officia porro maxime sequi ab. Labore consequatur est, voluptatem officia non ut porro molestiae est voluptas explicabo accusantium id adipisci. Ut doloremque voluptatibus quia doloremque qui repellat obcaecati architecto quibusdam in molestias nostrum iste velit. Voluptatibus sed delectus omnis non atque harum, nihil ducimus odio praesentium maxime quam quis provident! Perferendis earum maiores perspiciatis ullam, laboriosam nobis in eos voluptas aut iusto quibusdam vel iste. Dolore tempore, quasi iure qui et molestiae voluptatem reiciendis molestiae obcaecati accusamus laudantium doloremque consequatur. Pariatur esse explicabo, et odio unde error eos officia nemo iste reiciendis illum at ipsum; quia dolor et voluptatem sit porro labore quia totam eius ullam quia, ut reprehenderit molestias. Qui quaerat eius eveniet dolore quis magnam expedita voluptatem quaerat in ratione consequuntur saepe aut...\r\nIllum inventore molestiae sit eum nihil autem aspernatur rerum nostrum ea iusto voluptatem corrupti laborum. Sed et dolor maiores illo omnis aut dignissimos perspiciatis omnis soluta excepturi qui velit sit. Reprehenderit maxime mollitia, ut et neque fuga nihil harum dolorum labore sint nemo ex et.', 8188, 18),
(22, 'Charlictry', 'Eos sint ex ut non in aut alias minus cupiditate ut harum a aut sed. Aut facilis blanditiis sint non assumenda neque error, ut eos corporis sed unde eius qui; aut quae, voluptatum non dolorem nesciunt dolores architecto officiis in sit distinctio magni distinctio magni? Perspiciatis iure impedit, facilis dolorem ad eum aperiam ut aliquid a voluptatem natus perspiciatis temporibus. Laudantium sed quia aut ut excepturi est maiores expedita quis voluptatem quaerat error maxime non. Aut omnis blanditiis fugit hic ut eum ea voluptatem nam eveniet voluptatem perspiciatis aut qui!\r\nPerspiciatis dolor eius est eaque debitis natus unde aliquam atque architecto rem beatae aut accusamus. Quibusdam eos explicabo omnis quo sed quos dolorem deserunt voluptas cupiditate, omnis sit rem odit! Nihil doloremque non voluptatem, qui at voluptates ut aut sint dolorem officiis consectetur qui ut. Molestias voluptatem fugit voluptatem temporibus odio architecto et voluptatum voluptatem atque culpa delectus quaerat et. Magni earum et eius modi dolores quae unde in iste tempora architecto voluptate harum necessitatibus. Et tenetur enim unde, sit enim soluta reprehenderit qui omnis autem saepe aut ut nulla. Nemo reiciendis perferendis eligendi rerum iusto, nisi corporis sapiente natus voluptas quia fuga nisi at. Est assumenda soluta voluptate est qui, quia officia et neque ex architecto incidunt sit aut. Iure consequatur perferendis omnis eaque a sint laboriosam rerum voluptatibus officia reprehenderit eos a vitae; ducimus omnis cum perspiciatis dignissimos minus officia voluptatem quam et voluptatem ut dolore sit et. Nostrum molestiae natus aliquid perferendis laudantium deserunt sed consequatur qui animi beatae debitis est voluptate! Aspernatur dolores laudantium voluptate ut dolores et dignissimos omnis unde sint quia, recusandae itaque corporis. Quod quis sequi autem repellat omnis et nesciunt dicta ut, ea ipsa sit quia mollitia; unde nihil quidem cum, aut ipsum possimus obcaecati inventore corporis repellendus fugit qui dignissimos qui. Consequatur sint ut praesentium et, sed et id aliquid porro molestias ut asperiores dicta doloremque! Ab quos recusandae unde a sed alias quibusdam repellendus ut corporis vitae perspiciatis inventore ut.\r\nNihil distinctio impedit dolore et ut quae fugit aliquam quo id veniam dolorum voluptatem quia. Voluptatem perspiciatis ut, deleniti aut sit unde laudantium unde voluptas voluptatem accusamus natus ut aliquam. Doloribus iusto possimus sit et excepturi dignissimos ea distinctio qui debitis est ad sed dolore. Omnis possimus, perspiciatis et rerum non voluptatem natus minus id laudantium omnis quod magni sed. Nesciunt sequi, et eius similique natus corporis ad natus accusantium doloremque aut voluptatem sit natus. Quia in numquam, saepe officiis doloremque esse iste consequuntur natus repellendus natus inventore doloremque quisquam! Dolores eum nemo ducimus vero culpa quae natus, aut molestias repudiandae dignissimos veritatis quo dolorum? Nam id eum cum qui consectetur nulla aut eum consectetur quidem quisquam rem atque earum. Itaque in voluptatem sit eum obcaecati velit ipsa veritatis autem assumenda placeat officiis sit accusamus! Dolorem error, cum ab qui eligendi consequatur odio inventore velit nam quia dolor aut vitae. Quis magni ea dicta error omnis veritatis voluptate tenetur earum et quas ad eius soluta. Non vel, nemo dolore voluptas possimus quia non distinctio enim rerum sed quam quidem voluptatibus. Natus inventore, unde commodi non voluptas minima natus mollitia pariatur sed dolores doloremque autem soluta. Perspiciatis error ex aliquam quia possimus beatae facere, qui deserunt fugit beatae in nisi omnis. Repellendus maxime qui mollitia tempore aperiam sunt suscipit vel saepe consequatur obcaecati non ad iste.', 7417, 25),
(24, 'Readpickor', 'Distinctio blanditiis quasi quidem omnis magnam modi libero et dolor vero explicabo non enim explicabo. Et veritatis a ratione sequi nisi, natus dolores voluptatum et qui et magni nisi expedita. Labore excepturi at sed sit repellendus perspiciatis sapiente cupiditate voluptatem consequatur magni dolores consequatur officiis. Saepe voluptatem sit architecto quia voluptas est dolores quis et omnis natus perspiciatis consequatur sit. Odio eum totam minima enim iusto sit ducimus inventore illo corrupti voluptas et laboriosam mollitia. Earum numquam delectus, non dicta dolores numquam provident sit saepe aliquid corporis autem voluptatem hic. Sapiente cum voluptate vel alias dolore debitis placeat cum quae id perspiciatis totam culpa corporis. Dolorem reprehenderit amet laboriosam non excepturi quaerat tempora enim velit sint placeat culpa veniam nihil. Animi amet et enim ipsa odio praesentium omnis ut et quae inventore minima aut pariatur. Et aliquam asperiores natus aperiam fugiat unde asperiores et error veniam incidunt corrupti nobis veritatis. Aut rem sunt ullam temporibus et officia corporis eos, aliquam voluptate tenetur at repudiandae sunt! Sit omnis eos voluptatibus ipsa voluptatem impedit facere voluptatem rem aliquid sint corporis totam laboriosam. Sit voluptatem sit porro dicta commodi quia quae repellat minima consequuntur dolor at suscipit ut. Unde a cum est cum vel, veniam rerum sit nostrum ad rerum reiciendis facere qui. Quia non nesciunt molestias perspiciatis est aut hic iusto eos tempora illo quia cupiditate et. Ducimus iusto optio asperiores odit voluptatum eligendi qui exercitationem aliquam consequatur illum perspiciatis et voluptatem. Est ipsa doloribus, et eos ut quis quo assumenda ipsum aliquam rem nesciunt qui odit.', 1981, 14),
(39, 'Transplottentor', 'Eaque officiis quis sint est error et quis ratione rerum rem quia laboriosam autem corporis; velit perspiciatis et temporibus soluta, consectetur iste voluptatem magni sed odio modi sit illum autem. Voluptatem tempora est, veniam ea minima non et quia ut culpa perferendis architecto porro id! Esse sit aut velit suscipit non repudiandae aut inventore quia perspiciatis perferendis et praesentium quod. Et fuga non sapiente eius necessitatibus et explicabo magnam dolorem iusto eum aliquid reprehenderit temporibus? Voluptatibus laborum doloribus expedita illum quis ex illo deleniti suscipit quasi quo omnis quos unde! Eligendi ullam, amet consequatur omnis aut adipisci ea ducimus ut dolorem natus qui sed iusto. Neque unde et enim incidunt nisi velit quibusdam sed voluptatem et delectus hic possimus perspiciatis; dolor sed eum ea, dolor nam ipsum voluptas consequatur ut non nostrum accusamus asperiores optio.\r\nIpsa quod accusantium similique tenetur ut enim atque qui perspiciatis excepturi natus inventore id provident. Voluptatem sequi quidem atque nemo officia iste pariatur dignissimos quaerat unde sed maxime dolor consequuntur. Officiis sit vel ratione rem, sint quisquam totam ullam numquam veritatis labore incidunt iste ipsa. Eum et aspernatur consectetur sit et delectus qui eos velit quaerat ea aspernatur inventore animi; voluptates dolores inventore molestiae doloribus velit quae laudantium cum error magni non maxime et odit. Perspiciatis fugiat voluptatem non numquam vero sunt earum neque ad enim unde in nisi voluptatem. Aut dolorum aut voluptate voluptatem commodi harum quidem aut natus ducimus laborum asperiores unde nesciunt? Sed qui est fugit perferendis et eum est unde deserunt quasi omnis repellat quam ducimus. Consequatur qui id hic eum ab iusto a nemo voluptatem debitis at voluptatem earum sunt? Enim reprehenderit sint, ut unde aut voluptas temporibus veritatis velit eveniet distinctio atque et unde! Harum iusto quia harum accusamus nemo porro repellendus placeat voluptate ut qui sit animi quae; ut molestiae non id autem, omnis quod quia quisquam doloremque natus ea sunt inventore quae. Officia quaerat fugiat aut doloribus corporis eum facilis ut quis et aspernatur, ut quae molestias; modi quibusdam, ut velit ut corrupti sit consequatur ut officia reprehenderit et enim et ut? Repellendus sapiente minima repudiandae laboriosam unde voluptas voluptatem modi ad ratione impedit quam qui recusandae. Accusantium molestiae veritatis, sint perspiciatis modi excepturi fugit qui nisi deserunt doloremque inventore esse perferendis. Pariatur quia sit, soluta labore vel tenetur non necessitatibus voluptas exercitationem ad cumque sit veritatis.\r\nIllum quo qui laudantium illo at neque ut aperiam tempore voluptas ab aut quia nulla. At magnam laborum delectus voluptatem amet velit facilis quia dolorem ut ad sed ad sed!', 4576, 15),
(2, 'Amptopplentor', 'Adipisci autem, error ut unde sit quis et ut et soluta sit numquam aut accusamus. Quia ipsa ut natus aut, sit ut eligendi quia cumque ullam sint voluptatem delectus consequuntur; omnis et quis magnam libero corporis tempora ut exercitationem sed velit enim neque praesentium quia. Ut suscipit pariatur aut voluptatem, recusandae inventore ipsam qui dolores ut distinctio inventore sed est. Alias pariatur obcaecati perspiciatis dolorum unde et ea reiciendis excepturi odio aut at voluptatem velit. Nihil doloremque quia veniam ab numquam quia molestiae itaque rem sit aut nobis quis aut! Laudantium voluptate mollitia accusantium perferendis est ea quos eum animi voluptate et ducimus amet cumque. Voluptas natus totam iure et eaque deleniti quia error voluptatem totam illum vero quisquam et.\r\nDolorum quasi quibusdam mollitia provident suscipit eius adipisci eos quod odio nesciunt nemo omnis error. Aut repellendus perspiciatis natus est harum omnis molestias quae possimus, sint commodi autem voluptas qui. Voluptate veniam a adipisci nihil cupiditate quia nostrum quaerat repellat molestias magni maiores natus repudiandae. Molestias sint velit aperiam perspiciatis aut et unde rerum magnam rerum et animi id et. At sed assumenda deleniti velit optio minima deleniti quam explicabo quisquam et culpa sit quas! Molestiae doloribus veniam dicta consequatur, hic consequatur illo eius sunt veniam non et aut velit. Quo fuga provident quod laborum qui aut sit quia tempore odio quis ipsam beatae et. Qui aliquid velit, quos incidunt nisi voluptate sed incidunt aut sapiente ut omnis quae optio; quia libero aut delectus omnis molestiae minima earum et ullam architecto nihil eius rerum est.\r\nEt rerum magni aliquid qui vitae praesentium aut molestias qui illum repellat quos distinctio qui. Quam perspiciatis ab consequatur pariatur explicabo doloribus nulla quis voluptatum numquam velit consequuntur molestias veritatis. Voluptas quae quam a temporibus sequi dignissimos magnam, est pariatur itaque in rerum perspiciatis voluptas. Esse error, sit voluptas iste ullam facilis iste aliquam voluptatum repellendus vel dolores nesciunt ut! Perspiciatis molestiae sint quis eveniet inventore sit unde explicabo laboriosam aut consequatur quidem quod esse. Sint natus possimus maiores ea ut accusamus atque obcaecati provident voluptas deserunt voluptate commodi unde. Odit perspiciatis dolorem voluptas autem voluptate harum id quisquam praesentium necessitatibus aut enim ut natus. Similique et eos totam est fugiat veritatis similique quasi provident unde impedit quos, modi autem! Omnis voluptatem ducimus blanditiis voluptatem animi necessitatibus, soluta ut libero voluptatem et dolore doloremque aspernatur. Quia optio iusto molestiae explicabo numquam voluptatem aliquid, omnis iusto voluptatem quo nisi porro omnis! Earum cumque, qui architecto nisi voluptatum amet ut voluptatibus autem reprehenderit ut et veritatis molestiae. Aut inventore sed et ut cum aut perspiciatis perferendis numquam temporibus nihil inventore eveniet iure. Quia asperiores magnam et impedit eveniet voluptatem est repellat et natus ipsa ut quo tempora. Nemo eveniet cupiditate et voluptatem modi accusamus molestias, quia et aliquam voluptatem totam dicta vel! Quaerat aut, aperiam fuga recusandae fugit odio adipisci dolor rem consequatur ut unde corporis unde. Nam aut nam iste fuga quis, omnis nihil expedita esse molestias et sed esse minima? Ab voluptatem eius minima, voluptatem vel facilis iste rerum dolorum esse laudantium dolorem maiores iste. Consequatur a, soluta enim perspiciatis soluta et voluptatem ut eaque provident cupiditate saepe iure sint. Exercitationem in, laudantium dicta ratione pariatur dolorum rerum alias repudiandae ratione nihil aut sunt repellendus. Et consectetur voluptates voluptas sit voluptatem distinctio illum perspiciatis earum est recusandae est error quos.', 3, 21),
(17, 'Transholder', 'Veritatis neque recusandae repellat debitis ad unde officiis et qui cum ullam dolorem eveniet esse. Ut facere natus omnis dicta, quis commodi ut unde obcaecati sint dolorem explicabo necessitatibus reiciendis. Esse nihil molestias est sit enim accusantium dolor error suscipit doloremque suscipit consectetur quam aut; et excepturi sed placeat nobis et error consectetur omnis qui ut praesentium perspiciatis iste qui. Ab illo quam eius voluptatem est optio, adipisci sed recusandae aliquam error veritatis ab sit.\r\nSimilique voluptates inventore aut dolorem modi ratione consequatur in commodi ad recusandae et nulla laboriosam. Rerum laboriosam nemo atque minima sunt neque ducimus facilis natus aut unde soluta natus voluptates? Aut repellendus vel animi vero omnis sequi aliquid omnis dignissimos ipsa ut esse iste in; voluptas nihil dolores voluptas aut sequi, eveniet similique aut nemo exercitationem reiciendis soluta qui atque. Voluptatibus officia sit hic, iusto repellat voluptas enim sint ut voluptatem et mollitia qui blanditiis. Perspiciatis beatae assumenda rerum aliquam fugit sit libero harum et ex amet sit rem at! Amet quia est maiores reprehenderit nihil quaerat veritatis voluptatem, eaque dolores itaque non adipisci repellendus. Alias consequatur deleniti omnis debitis quae inventore reiciendis dolorum aspernatur possimus, est vero et id. Atque velit non, nam veniam neque delectus sapiente sint dolorum sequi dolores libero ut ab. Et vitae facere soluta voluptatem accusantium tenetur dolores voluptas possimus error suscipit modi earum blanditiis!', 8697, 16),
(12, 'Moncyclupra', 'Rerum fugit doloremque veritatis quos quia et omnis ut iste ut, exercitationem velit corporis et. Quae alias enim quaerat id natus unde omnis sed sit quis sunt necessitatibus molestiae velit. Accusamus mollitia aut molestiae saepe in harum quibusdam sunt minima cupiditate voluptas fugiat repudiandae nam. Ex et eius, porro sit numquam eum optio et ut et rerum dicta odit consequatur. Sit illo et ea consequatur aliquam aut sit inventore incidunt beatae corporis quos et officia. Delectus asperiores vel, reprehenderit nemo qui omnis sed omnis sunt et sit et eaque quis; est veritatis in unde sit perferendis perspiciatis fugit qui et minima placeat eveniet laudantium exercitationem. Aut vel illo aut, ut tempora quae corporis nulla nesciunt est voluptas exercitationem modi iure. Sit minus sequi voluptatem perspiciatis inventore voluptatum optio aut hic voluptatem ut qui eos totam. Vitae recusandae ut consequatur quibusdam eius delectus similique quia at similique asperiores tempora ex illo; minima soluta ea necessitatibus voluptates id laboriosam ipsum alias blanditiis numquam consequatur qui facere odit. Itaque enim perspiciatis quo non sapiente quae eum error earum ipsa vero quo omnis vel. Quas incidunt delectus debitis sit quidem placeat doloribus ad inventore quia nostrum consequatur eaque sit; provident cumque voluptatem consequatur et adipisci quidem ut unde debitis voluptatem et vel voluptatem nobis. Quia sed repellendus dolore aut ut minima harum dicta qui nulla iste porro in maiores.\r\nEt inventore omnis unde pariatur ipsum quis laudantium labore dolores aut quo quae ab est. Fugiat voluptatum rerum voluptatem rem pariatur unde, debitis a possimus molestiae ipsam unde placeat esse? Qui doloremque earum unde impedit iste perferendis nemo dolorem maxime tempore eligendi consequuntur enim sed. Rerum natus sequi id iure maxime sit velit sed deserunt iste officiis sed esse quod! Unde sed eum odio non natus ipsa porro odio ut inventore sunt nihil omnis ab. Delectus voluptate tempore unde nulla aut velit ex nihil nobis error esse vel enim qui? Et quas suscipit adipisci quae delectus inventore minima distinctio ab a doloremque quia sit quo. Voluptas consequatur aut nostrum et minus repellat error ut perferendis eius exercitationem quaerat laboriosam est? Doloribus est iusto quos deleniti, assumenda omnis illo maiores qui et ut deserunt deleniti animi! Fuga ad magni delectus aut eos pariatur saepe rerum et suscipit sapiente et at ipsam. Illo inventore voluptas assumenda totam, quibusdam quisquam recusandae repudiandae animi voluptatem vitae eaque aut ut. Veritatis consequatur eum aut qui quae voluptatem sint iste sit nostrum, sed sit assumenda eveniet. Beatae aut obcaecati error ratione aliquid ea eum sit delectus rerum magni velit ipsa doloribus? Et voluptatem quibusdam obcaecati, tenetur est ad maiores adipisci aut eius et maiores quo ut; eaque inventore et, nam tempora hic quidem iure dolor odit incidunt eveniet sed voluptas blanditiis; ut non nostrum non libero qui adipisci alias provident nostrum reiciendis tempora non laudantium molestiae. Omnis maiores dolore, voluptas voluptatem ex est porro quae non error et ut perspiciatis aut! Error sit enim iste doloribus velit rerum voluptatem officiis dolor temporibus blanditiis corporis nisi laborum. In nemo aperiam omnis error est omnis error itaque quae, quia pariatur sed corporis quisquam! Et perspiciatis, quae cumque saepe architecto beatae sunt et explicabo pariatur perspiciatis iste voluptatem illum.\r\nVoluptatem natus sunt minus alias delectus, unde et tenetur provident nesciunt et aut facere obcaecati. Sint esse in commodi eos unde, omnis vel molestias neque quaerat ex molestias error voluptate. Dolores temporibus maxime vitae officiis voluptas temporibus nemo quisquam repellendus nisi veniam libero ipsa aut! Vero sequi deserunt placeat sit et modi beatae eos et aut est recusandae sed aliquam. Animi quia distinctio neque eum et enim veritatis neque ratione aut voluptas asperiores ipsum aut? Omnis vel expedita vero cupiditate exercitationem officiis odio atque nesciunt odit vitae unde non quidem. Rerum ea voluptas laudantium et non in alias laborum neque perspiciatis error aut laudantium nam!', 410, 12),
(30, 'Printculentor', 'Sit ea, sed et maxime fuga suscipit consectetur error culpa qui quibusdam iste quia veniam. Sunt illo dolores aut placeat quo aut repellendus tempora et dignissimos debitis tenetur vero facere; et numquam voluptatem amet fugit dolorem odit fuga et reprehenderit excepturi quia ut quo numquam. Fugiat nostrum adipisci nulla autem ut sequi iste, sint eius ut quibusdam vitae illo expedita. Voluptatem blanditiis nulla vel magnam officiis consequatur molestiae voluptatem nisi ad soluta quidem est eos. Error itaque, nam eius quisquam minima et provident corrupti omnis voluptate accusantium consequatur neque repudiandae! Accusantium ducimus, fugit dolor unde quo neque aliquid architecto aliquid et distinctio adipisci autem officia. Vel tempora explicabo impedit error veritatis magni error corporis, laudantium id fugit id maxime illum? Totam rerum minima voluptates, fugiat illum odit dolorum pariatur et quasi distinctio sed sit consequatur.', 885, 17),
(18, 'Speaktiner', 'Velit aut et iste enim assumenda omnis provident porro iste consequatur aut illum iure qui; deleniti at dicta numquam, voluptatem et in earum quos consectetur vitae enim odio voluptas autem; est unde rerum dolores tempore nulla dolorem, voluptatum fugit ipsam voluptatem qui rerum adipisci quos. Qui ab, est voluptatem molestiae autem modi sint nihil natus necessitatibus non quia eum nostrum. Ullam sed perspiciatis aliquid eos, modi deleniti perspiciatis ut a fugit eos repellendus aliquam ea; quisquam tenetur ipsa impedit provident, neque animi blanditiis nesciunt aut voluptate mollitia suscipit deserunt quia. Unde consequatur neque distinctio soluta nihil quibusdam modi voluptas expedita ex culpa error dolore qui; eum amet, eos enim debitis dolor consequatur natus rerum incidunt omnis dolorem perferendis neque ipsum. Laudantium consectetur, error beatae voluptatum culpa assumenda soluta ut dolores labore quasi provident commodi sit. In consequatur officia rerum unde dolore distinctio ea soluta id nemo et qui dolorem provident? Repudiandae esse perspiciatis error repudiandae voluptate sit iste sequi fuga alias eaque ea ad molestiae. Ratione modi saepe recusandae vel quia distinctio non molestias nisi iste ut qui natus error!\r\nVoluptas sit qui unde reprehenderit, numquam sit optio voluptas et at quo iusto et similique. Sit minima illum dolor aliquid excepturi est et qui officia iste dolores nemo quidem adipisci. Necessitatibus soluta ut error minima qui, voluptatem soluta voluptatem eveniet voluptatem soluta voluptatem et impedit? Enim praesentium quia voluptatum beatae sapiente corporis labore ipsum cupiditate ratione facere unde, inventore dicta. Ipsum sed et non qui sit quis voluptate vitae perferendis omnis ex officiis perspiciatis alias. Omnis et unde nobis sunt odio est aspernatur quia repellat non voluptatem quia dolores tempora. Doloribus ab est sapiente exercitationem, voluptatum unde ducimus deserunt fugiat et cupiditate aut voluptate et; numquam eum blanditiis error aspernatur ab culpa laudantium vel natus sit sed maiores asperiores minus. Perspiciatis fugit molestiae animi voluptatum aut delectus sequi magnam ut blanditiis dolorum qui distinctio animi. Distinctio doloremque numquam harum repellendus commodi facilis quae et fuga veniam nesciunt ipsam itaque dolor. Accusantium architecto repellendus illo rerum harum aut vero sapiente earum dolores deserunt et voluptatem perspiciatis. Natus pariatur quos architecto ducimus amet molestias maiores aut, unde qui omnis ut aut voluptatem. Qui ut sit quasi eum, enim consequatur fugiat magni optio consectetur dolores voluptatem ab dolores.', 5519, 12),
(25, 'Supcessor', 'Alias magnam iste nostrum nulla repellendus, ut omnis iusto suscipit corrupti alias voluptas et aut. Iure exercitationem aut, iste dolor ut et quia est omnis nisi natus et fugit temporibus. Perspiciatis ut et, recusandae sapiente fugiat sunt quia quisquam consequatur eaque velit necessitatibus vitae alias. A rerum dolor natus aut ut voluptatum est dolores aut corporis accusantium eaque dolor itaque. Odit ipsum natus aperiam vel pariatur, aut vel aperiam expedita laboriosam blanditiis qui inventore impedit. Enim omnis reprehenderit nam nihil, libero numquam cum ullam doloribus perspiciatis quia earum molestiae consequatur. Neque quod quas illum aspernatur reiciendis modi harum alias harum ipsa fuga autem sint sit. Libero sunt est qui voluptatem voluptatum quibusdam voluptatem eum dolor et minus vitae laborum perspiciatis. Sunt minima et quae labore in aperiam explicabo et veniam aliquam qui explicabo voluptatem harum? Et impedit mollitia quos aspernatur quo dolorum sed minus quia, et obcaecati nesciunt beatae amet; quis qui, iste maiores nisi natus voluptas nobis magnam cum veritatis error quia maiores ab. Libero sunt, ut adipisci porro adipisci quia harum vero esse consequuntur incidunt ratione modi rerum! Deserunt et perspiciatis omnis ab deleniti eligendi asperiores odio incidunt eius maxime saepe vitae omnis. Eius dolor et blanditiis, voluptas quo debitis molestiae natus laboriosam mollitia velit nihil autem placeat. Molestiae obcaecati mollitia fuga, beatae non iste voluptatibus provident quis est excepturi et dolore molestias. Et cum, sunt incidunt et reprehenderit debitis quisquam odit sed non ut ullam quia voluptas! Earum aut distinctio repellendus et, vel sed et animi doloribus explicabo sed iste ut architecto. Dolorum perferendis nulla ut non est quia ullam nesciunt enim unde beatae error velit debitis! Deserunt consequatur et, sunt voluptatibus quia dolorem sed dolores quis sit explicabo possimus non natus? Eos autem omnis consequatur et dolores ducimus sed culpa voluptatem et error quae fugiat eaque.\r\nUnde quia repellat voluptates veniam similique magni minus voluptatem velit eum consectetur vero illum facilis. Ea temporibus voluptas ipsa voluptatum praesentium quaerat non corrupti omnis qui repellendus et ut qui. Quidem voluptatem obcaecati alias, ab ipsa omnis sit veritatis autem tenetur ex sit architecto amet. Non quis natus sit quo mollitia dolorem aperiam sapiente blanditiis laborum vel quia libero ut. Distinctio ducimus exercitationem omnis nihil ullam sit praesentium excepturi assumenda dolorem temporibus perspiciatis laboriosam ea? Reiciendis corporis est sit natus eum nemo soluta explicabo quae perspiciatis molestiae mollitia velit architecto. Nobis vitae assumenda omnis rerum quia ipsa nisi optio consequatur et sunt dolorem dolor magni. Nemo voluptas ipsum omnis fugit unde quisquam velit dolore voluptas sit numquam quasi neque odit; at necessitatibus excepturi nulla soluta, aut perspiciatis est explicabo quo veniam qui sed error porro. Ea quae labore neque culpa modi quia ducimus amet natus vitae consequatur dolor ipsum vero! Ex et quis nobis omnis et odio obcaecati et architecto id harum aut aperiam tempora. Dolor est aut rerum eligendi debitis suscipit praesentium alias aliquid quo, labore voluptatem iure natus...\r\nVeniam veritatis sit quis impedit laborum non similique atque est ex sed laborum dolor fugiat. Dolorum ut dolore et tempore est voluptatem enim cupiditate necessitatibus et quia in veniam accusamus. Perspiciatis voluptatem ullam illo autem, nisi aut nihil est similique et error omnis in iste! Quibusdam iusto ea error non recusandae dicta laborum adipisci doloremque cupiditate voluptatibus est ex debitis. Qui non perferendis dolores aut atque quod qui obcaecati et natus qui aliquid sit omnis? Minima distinctio saepe sit ea ratione quidem recusandae sed dolor inventore cupiditate aspernatur repudiandae error. Distinctio sit eum voluptatem autem voluptate a est totam fuga, esse odit dolor suscipit quo. Sed maxime sit, voluptatem laboriosam ex qui a quia voluptate officia quia error quod voluptas!', 548, 10),
(13, 'Cleanjectader', 'Aspernatur similique iste eum, cupiditate aut laudantium unde possimus molestias aut eligendi quos deleniti omnis. Iste suscipit aut reprehenderit et sunt omnis, qui quia omnis iste perspiciatis molestiae reprehenderit voluptatem. Sint perspiciatis voluptatem dolorum rerum ratione iste est ut et tempore, molestiae architecto tempora voluptatem? Et quia repellat eum ipsa non omnis aut maxime fuga natus molestias praesentium magni omnis. Velit dolorem, eius ea ex nisi quibusdam corrupti nam aspernatur saepe et distinctio iste quasi. Rerum id ullam sit ut, enim id nam veritatis eum aut natus repellat sequi necessitatibus. Ipsa quisquam nulla ipsa ea sit nostrum natus sit hic consequuntur accusantium sit est officiis? Consequatur adipisci aut cumque quia odit tenetur hic quidem laudantium vero cum vero assumenda libero! Magni consequatur nesciunt qui molestias ex natus sed eaque et quia cumque molestiae quia error. Et voluptatibus quasi qui ducimus et sunt modi in eaque quia nemo rerum alias rem? Dolorum unde et pariatur rerum cupiditate eos unde sed in saepe neque quia, minima et. Voluptatum omnis maiores sed et sit quis quibusdam qui voluptatem corporis sint dolor temporibus ea. Earum non sed alias reprehenderit voluptatem recusandae ipsum tenetur debitis et ad atque ducimus unde; error sit voluptatem, culpa sed modi omnis fuga non nisi et quia architecto facere voluptatibus. Est eos omnis rerum, nisi cumque dignissimos sed velit recusandae pariatur nihil ut sit facilis? Suscipit ut voluptate possimus, omnis ut rerum alias et soluta beatae ut atque natus sed.', 5853, 10),
(34, 'Amptopra', 'Laudantium id aut, et eum veritatis sed aliquid nobis ipsam modi repellat tempora error ex. Omnis voluptas, velit molestias et excepturi nihil consequatur aut et dicta eum deserunt laboriosam maiores. Eos ut qui totam, sit quibusdam temporibus autem eveniet id aut molestiae unde voluptatibus assumenda. Rerum quas officia, voluptatem et temporibus ipsum dolor tempora velit vel nihil consequatur accusantium omnis. Sapiente voluptatem eos porro doloribus velit dicta voluptas voluptatibus exercitationem vitae esse et neque laboriosam. Sit nihil obcaecati consequuntur rem pariatur cumque error accusantium animi totam omnis aut alias sed. Dolorem excepturi ab dolorem delectus et nostrum sit quia iste ad atque error unde rerum.', 9453, 13),
(19, 'Conmutar', 'Tempora eaque porro dolore ab ducimus natus est et, omnis asperiores quis recusandae vero voluptates. Explicabo distinctio, enim aut magnam dolor rerum quia quo reprehenderit fugit consequatur suscipit molestiae repellat? Aliquam aperiam reprehenderit dolorum est delectus repellat eos beatae ut officiis quisquam optio tenetur est. Quod eligendi et, qui sed ut odio neque voluptatem est quod quaerat voluptatem excepturi aspernatur. Nihil voluptatem voluptas blanditiis sit, doloremque consequatur recusandae earum sit autem aut omnis natus et. Voluptatem fugit ut corporis fugit cupiditate odio voluptatem animi natus ut obcaecati possimus necessitatibus qui. Voluptatum consequatur perferendis a atque rerum non dolores suscipit doloribus minus molestiae repellat repudiandae hic. Aut magnam quam et deserunt est sapiente error ut sit dolor ut modi nam excepturi!\r\nQui optio saepe ut error aut vitae officiis, dicta reiciendis ad quam alias aperiam dolor; doloremque et exercitationem doloremque eos, qui eos minus possimus voluptatem quo voluptate dolore commodi repellendus. Sit amet tempore dicta aut deleniti, rerum ut eius eos omnis alias cupiditate perspiciatis quae.\r\nIpsa assumenda quaerat dolor sapiente, officiis molestiae sed voluptates veniam fugit similique nesciunt consequatur pariatur; cupiditate consequatur maiores molestiae quia magni numquam odit cum autem soluta culpa atque iure nesciunt? Et corrupti quas rem vero natus et, magnam iusto eligendi temporibus beatae assumenda et ipsa. Temporibus maiores qui a aut asperiores harum quidem ut quis sit ipsam autem ut ea. Dignissimos iure sapiente officia modi ipsum quia temporibus sed qui eligendi cumque cum inventore qui? Voluptatem molestiae tempore sed sit unde ut natus laudantium sequi alias illo cum voluptas sed. Laudantium tenetur sed quasi enim fugit ut et magnam qui ea culpa ipsam id sapiente! Ipsa et omnis voluptatem omnis quasi non quia id accusantium aperiam voluptatum ipsam inventore eum. Recusandae inventore illum, aut ut magnam expedita unde ipsam ea et sed dolor aperiam aspernatur! Eius adipisci vitae qui iure iusto, dolores accusantium possimus soluta ratione cumque veniam omnis sit. Nemo sed sit officia explicabo unde iure est aut ullam, non nostrum facilis iste facilis. Quia ab quisquam qui totam, delectus omnis quis architecto ea eaque blanditiis cum eveniet dolorem. Ipsam cupiditate, neque et ut omnis sit dolores ipsam tempore voluptatum amet voluptas aut ex. Accusantium illum unde quia corporis repudiandae sunt eum unde facere animi voluptas voluptatem perspiciatis modi. Facilis sunt et omnis doloribus inventore, odit eaque doloremque quis vel sint unde officia ut! Est velit fugit, doloribus nemo vel laudantium illum voluptas et ut vitae autem provident distinctio. Et qui unde quia quis quibusdam velit ut quia illo et sit est enim magnam.', 4929, 22),
(40, 'Tetaer', 'Qui atque incidunt nesciunt accusamus sint cum aliquid totam modi eveniet harum consequatur ullam nam. Veniam eius eaque consectetur et non excepturi cum minus sit magni expedita saepe sed explicabo! Delectus sit et consequuntur nisi possimus rerum accusantium tenetur repellendus quis voluptate consectetur officia nihil. Minus unde eius et aut repudiandae ullam sed velit dolorem vitae obcaecati fugit numquam laboriosam; aut illo, fugit aliquam ducimus voluptatem unde a nemo omnis asperiores quibusdam magnam et cupiditate; ratione deserunt autem quia at ea repudiandae nam quas corporis ad quis aut consequuntur velit. Praesentium perspiciatis suscipit voluptas nulla est rerum eligendi sapiente veniam sed ab rem quo quaerat. Rem quis odit quia et est quae obcaecati et unde nam dignissimos sit ut qui. Iste iure placeat laborum minus libero voluptate eos repudiandae voluptatem dicta quos quis autem sint. Laboriosam omnis atque voluptatum totam natus dolor cum voluptatem et error sint ab reiciendis natus. Sed ea aut iusto natus consectetur corporis deleniti iure totam aliquid optio sit voluptatem iure. Placeat harum doloremque quasi magnam ipsam natus doloribus laudantium sit et ipsam minus ipsam id! Hic aperiam omnis natus aut nisi error et voluptatem tempora modi dicta qui eos fuga. Consequuntur officia omnis, eum ut excepturi sit ratione dolorem dolores et in sed dolores facilis. Ut et quia ad omnis voluptatibus eligendi aut quo cupiditate tempora voluptatum quo consectetur vel! At ut aliquam non sit earum quis quos quam voluptate natus assumenda minus sed et. Aperiam qui perspiciatis aut magni iusto magni eius voluptatem, et voluptatem non et consequatur voluptatem. Inventore id possimus quas est ut dicta dolor voluptas exercitationem doloremque dolor repellendus consectetur aspernatur. Sunt nesciunt dignissimos obcaecati aut eius natus illo veniam at id sit quia neque maiores.', 8041, 22),
(14, 'Tabcordlet', 'Ducimus labore ut consequuntur saepe sed et quo sit accusamus a deserunt est quas officia. Voluptatem magnam officia enim sit, aut amet tempora eos dolor laudantium id odio officiis omnis. Consequatur aperiam id voluptatem quo sequi distinctio nulla quam laudantium assumenda mollitia veniam fugit natus. Voluptatem illo, quod ipsum voluptatem atque alias omnis quidem explicabo natus unde officiis modi quibusdam. Ut nihil aut perspiciatis eum recusandae sit ut sit, labore consectetur explicabo animi deleniti ad. Ipsa rerum earum quia id dolores unde atque omnis sequi quo et aut voluptas et.', 5038, 18),
(35, 'Cartcordexphone', 'Eius officia sit voluptatem corporis tenetur vel ut accusamus enim quis error id consequatur est. Omnis assumenda eum doloremque exercitationem eveniet officia et accusamus eos iure nemo praesentium dolor voluptatem. Labore ut minima, et recusandae magni sit sed quasi modi labore dolores suscipit vel error? Nemo ut soluta quibusdam, nisi beatae et eos illo voluptas ad distinctio quibusdam distinctio voluptas. Quod voluptates aut quibusdam hic qui iste, dolor quo nemo ea quis repellendus cupiditate asperiores. Reprehenderit omnis aut, vel omnis illum alias quidem quasi saepe quia eaque sit dicta expedita. Est esse est veniam magnam enim dolores consequuntur ut, non voluptatem quia et enim vel. Nam a, aliquam illo quis soluta iure repellat asperiores exercitationem sed aut aliquid veniam excepturi. Molestiae labore architecto sed iste pariatur et rem et sit earum non, aspernatur est natus! At voluptatem voluptas, fugit eveniet assumenda voluptatem quam omnis blanditiis unde error rerum suscipit unde. Perspiciatis unde, commodi sint voluptatem soluta accusantium fugit sequi ut consequatur dolore nulla modi sed. Nemo est neque dolorem eum enim non voluptatem et, rerum praesentium iure atque obcaecati consequatur.\r\nVel voluptatem minima officiis eius provident quia aliquam nisi et impedit laborum ut temporibus natus. Assumenda quia ipsam ut amet necessitatibus incidunt facere ab autem molestiae autem ut non ad. Iste alias incidunt suscipit minima ipsam magnam consequatur dolores laboriosam necessitatibus debitis ut vitae ullam. Unde necessitatibus distinctio molestiae laborum assumenda, qui omnis doloremque velit quis eveniet et eos nihil; error iusto eos aliquam delectus sint, quia veritatis a quidem dolores qui doloremque voluptatem quidem. Quas enim ut temporibus perspiciatis quo nemo ex numquam sed unde ab maxime voluptatem atque. Aliquid perspiciatis aut minima incidunt id unde aut eos temporibus ex enim provident natus eius. Quis sapiente consectetur et perspiciatis odit fugit consequuntur vel fugit sed quaerat dolorem fugit quaerat. Enim omnis ut, qui ut ea et perspiciatis molestias quia ut sit ad accusantium et. Perspiciatis officiis exercitationem tempore est velit alias quos inventore vitae fuga unde minima perspiciatis sapiente. Voluptas dolor, quaerat incidunt est dolorem blanditiis labore animi error quia perspiciatis suscipit laborum aut. Consequatur aspernatur recusandae sunt tempore illo unde repellendus voluptatem dolor facere vel qui expedita provident; aut unde aliquam blanditiis minima omnis dolor distinctio aut quia libero ipsum et quia dolore. Exercitationem rerum quo magnam nostrum ipsum porro temporibus ipsam assumenda natus et adipisci alias omnis. Earum omnis ad voluptatem sunt esse quia sit veritatis a illum voluptas aut officia dolor.\r\nSuscipit molestias perspiciatis ipsum voluptatem non et voluptate magni voluptas omnis perspiciatis culpa quo nobis. Ad nihil nisi qui magni aut neque debitis ut tenetur natus sequi numquam in ipsam! Non unde quia perspiciatis est corporis et vel ipsa ad dolore nemo, iure veritatis sunt. Voluptate earum explicabo id sed nobis, accusantium corporis voluptates voluptatem ea doloremque ex mollitia enim. Amet reiciendis quia soluta, sit ut eveniet quaerat dignissimos id et voluptatem amet adipisci sequi. Sint voluptatem, soluta sapiente voluptatibus aut illum possimus ea quaerat et recusandae est qui dolore. Qui laboriosam voluptas est harum porro ea, tempora omnis unde beatae pariatur cupiditate ipsam rerum; eligendi eius odit nobis voluptatem aperiam delectus sit error sapiente tempora voluptatem possimus officiis nisi? Officia tempora ratione quidem dolores nostrum et perspiciatis sunt aut omnis amet ut omnis perspiciatis. Consequatur aspernatur et hic ea quidem dicta ex quisquam quaerat vel distinctio laboriosam non quia; recusandae nihil praesentium ipsa consequatur quia ut quis similique veritatis deleniti consequatur reprehenderit nam nihil. In ut omnis autem voluptatem nesciunt consequuntur dolores commodi sit quis quia temporibus sit molestiae. Reiciendis voluptatem fugiat ipsa natus distinctio esse fugiat ea quia odio aperiam nobis iste obcaecati; aut aliquid voluptatem quaerat, labore sint suscipit sunt quia quasi minima ullam error possimus unde. Tenetur facilis minima esse sed perferendis quaerat adipisci dolor quidem dolor aspernatur id consequatur error. Architecto earum quam suscipit porro eaque est quia labore qui et laudantium, et voluptatem eveniet; accusantium labore vel quis laborum est voluptate provident dolor laborum eius doloremque tempore et laborum. Sunt quas consequatur amet tenetur sed aliquam nihil perspiciatis mollitia facere quo sed excepturi nisi. Dolor aut velit quia cum ut soluta aut est non sed sunt quasi voluptatem inventore.', 1871, 24),
(31, 'Biholder', 'Dolores provident qui cum culpa voluptate cumque explicabo natus provident eius sit aspernatur aut voluptas. Et alias quae aut esse sit velit fuga unde ducimus recusandae quia officia esse sed! Quis consequatur dolorum, odio iste quo sapiente omnis et quas hic quod et praesentium unde. Est ut, doloribus voluptate nulla ea fuga et molestias sed quisquam ut soluta corrupti labore. Pariatur sequi doloremque molestiae dignissimos reprehenderit sit error dolorem nemo optio aut repellendus aut porro. Eum impedit distinctio fugiat non voluptatem hic illum sed exercitationem vero, corporis sed ut et. Eius quos alias omnis facere omnis at consectetur quis in repellat temporibus non omnis ratione.\r\nImpedit voluptatem ex aut, ut esse placeat alias qui earum ut est iste voluptates deserunt. Ducimus magni error illum omnis quae recusandae eum, et maxime fugit veritatis quia repudiandae aut. Exercitationem soluta ipsum molestiae, dolores expedita quisquam maiores commodi architecto voluptatibus amet ullam in minima? Ratione unde doloribus quia voluptas ipsum deserunt voluptas quo suscipit sequi eum facere veniam odit. Officia in ex nihil a est qui distinctio odio, ullam in animi sit delectus unde. Harum cupiditate eveniet sit reprehenderit sit ut quidem adipisci eum et necessitatibus maxime cumque veritatis. Facere sed est suscipit optio omnis temporibus inventore ut ad obcaecati deleniti, omnis consequatur repellendus. Autem commodi cupiditate officia voluptate sed iste et labore architecto, quae velit consectetur et quia. Eaque aut sit corrupti accusamus doloribus animi excepturi ut tempora est dolorum tenetur tempora accusamus. Magnam non quo veniam, unde reiciendis omnis consequatur omnis voluptatem quia culpa harum omnis accusantium! Enim tempore aut sint, odio numquam rerum dolores et est quisquam sed error quia corporis. Est autem sed est aut hic, quo natus debitis eos in laudantium ea nam error! Maxime fugiat facere aut aperiam et voluptatem rerum et consequatur fugiat consequatur ratione nobis ut. Omnis voluptatibus voluptas hic molestiae quisquam similique eum quasi nemo voluptatem unde iste illo blanditiis! Sit et, officia magnam quod ut voluptatibus vel aut nesciunt laboriosam repudiandae asperiores sint omnis. Exercitationem eligendi deserunt error saepe quae neque tempore sit nesciunt modi exercitationem sint possimus iste? Nobis a ut placeat quo esse, repudiandae id vel nihil eveniet aut nobis harum ut. Quidem natus facere ad accusamus quos animi laudantium vel sunt illo excepturi illum odio repudiandae. Voluptatem et ut illo sit omnis amet nobis commodi unde quia sed voluptatibus molestiae vel.', 7465, 19),
(41, 'Rejectefer', 'Voluptatem dolorum, minima repudiandae corrupti quae placeat quia error est cupiditate cumque dolores minus sed. Sed nulla et, nostrum sit enim et totam ut aliquid dolor dolores provident omnis debitis. Exercitationem et hic omnis modi quia officia et provident laudantium sit rerum modi neque est. Alias dignissimos quam rerum accusamus consequuntur est iste amet quis quam voluptatibus quisquam voluptates voluptatem. Suscipit soluta earum ea eos enim tempore asperiores provident quidem velit qui omnis sit assumenda. Numquam cupiditate voluptatibus dicta omnis modi exercitationem quia alias optio quis eveniet quos sunt deleniti. Aut et amet quia, doloremque qui non dicta sit pariatur mollitia magnam natus unde facilis. Sunt tempora rem, rerum ab omnis sit possimus maiores accusamus aut et molestias fugiat consequatur. Error quia doloremque obcaecati, praesentium odit qui ipsum mollitia natus doloremque dolorem autem qui iste. Aut recusandae perspiciatis, natus quia eaque est autem beatae enim veniam eaque eos consectetur minus!', 359, 24),
(8, 'Tweetmuter', 'Est dolorem temporibus iure adipisci vero facilis voluptatibus minima quia ab sit harum rerum repellendus.\r\nCumque aliquid deleniti iure quas et omnis exercitationem omnis est quaerat est ullam alias atque. Quia voluptatem ea incidunt omnis non, nisi officia ut vel quibusdam error qui voluptas voluptatem. Modi omnis illo provident tempora cupiditate enim dolor quia quisquam, commodi incidunt omnis sed ea. Nesciunt ratione voluptatem accusantium, ratione sint dolores reiciendis sapiente itaque et ad et iure sit. Veniam dolorem rerum excepturi sunt, pariatur delectus aliquid dolores ut accusamus sapiente molestias tenetur aliquam. Aut sapiente eius dolorem aperiam quia qui mollitia repellat error nulla harum totam facilis natus; sed et, distinctio minima vel perferendis unde dolores quae vel totam velit earum unde in. Doloribus qui quasi rerum aliquid voluptates rem earum quasi ad repellendus molestiae quia fugiat omnis! Est adipisci dolores non voluptatibus officiis sint ratione dolor necessitatibus quasi laborum perspiciatis ullam qui. Quia eligendi assumenda earum labore vel neque quae dignissimos inventore dolore illum ut et fuga.\r\nCorrupti temporibus aliquam minus sapiente laboriosam dignissimos vero ut voluptate quis totam rerum suscipit voluptatem. Reprehenderit quos cumque repellendus ea nihil excepturi maiores blanditiis et harum laboriosam pariatur dolores necessitatibus. Veniam omnis quia dolor quibusdam rerum sunt laudantium rerum quod rerum quia deleniti laudantium at. Suscipit hic quia illo ut aspernatur consequatur iure sequi exercitationem aut ab repellat expedita sint? Adipisci ullam tempore debitis aliquam porro et soluta ut cum ut in maxime maiores voluptatem. Expedita minus iste voluptatem sint harum voluptatem quia voluptatem fuga eum quibusdam voluptate quaerat voluptatem; ullam quis, asperiores ratione laborum ut quia quos molestiae aspernatur eum aspernatur error nostrum culpa. Odio enim, commodi enim obcaecati aut commodi sit explicabo sint ut iste eius dolore laborum! Qui dolor magnam et aut ut rerum, aut qui voluptatibus ipsum quidem natus eveniet qui. Suscipit perferendis, error unde vel obcaecati sit omnis et dolore quasi sunt est ipsum et; quia deleniti distinctio delectus fugiat laborum eligendi similique voluptatibus error magni sit consequatur quam repellat. Praesentium ut dicta cum eveniet sunt beatae nam id qui dolor aut, omnis ab non. Et ullam eligendi quae dolore tempora omnis doloremque dolore est minima dolorem unde architecto voluptatem. Rerum sapiente perspiciatis enim nihil quasi eum optio sit vero ut voluptatum commodi autem repellendus! Molestias sit saepe numquam aliquam cupiditate sed molestiae, quia et velit natus perferendis voluptatem molestiae...', 6130, 13),
(26, 'Concordar', 'Tempora magnam voluptatem, aperiam dicta minima repudiandae est minima libero quas unde magnam saepe perspiciatis. Reprehenderit dignissimos rerum nihil velit officia sed sint possimus ad dignissimos provident perspiciatis autem quia. Blanditiis voluptatibus pariatur asperiores quaerat aut sit suscipit pariatur accusamus ea perspiciatis sed dolor culpa. Fuga inventore magni modi ad dolorem tempora voluptatem perspiciatis qui cupiditate culpa suscipit impedit amet? Sunt enim, sunt aut omnis autem quam sequi accusantium unde officiis similique molestias repellendus distinctio. Neque dignissimos repellendus molestiae alias et doloremque delectus commodi sapiente esse autem blanditiis magnam perspiciatis! Consequuntur qui maxime placeat eaque sunt quia sit quo nemo nesciunt officia sapiente sit qui.\r\nMolestiae quia sunt molestiae consequuntur nostrum corrupti consectetur dolores iusto corrupti, ullam qui laudantium itaque. Est nobis voluptas et autem delectus est dolores reprehenderit maiores libero rem architecto tempora voluptas. Explicabo unde itaque, sit incidunt et sit ab ut et est recusandae enim fugiat labore.\r\nEa consectetur aperiam, incidunt quo temporibus optio ea necessitatibus numquam est doloremque nisi suscipit et. Architecto sit dolor natus omnis aut obcaecati dolorem dolores accusantium recusandae qui inventore repellendus aliquam. Pariatur veniam et doloribus praesentium numquam nemo voluptatem sint possimus veniam ut debitis eum sed. Sit beatae nam corrupti et, sapiente obcaecati aut nihil officiis quia vitae dolores tempore dolores? Magnam voluptatibus voluptatem cum aut labore, id deserunt eaque similique error asperiores voluptas ea rem. Recusandae natus perspiciatis quam mollitia, enim suscipit ut veritatis sit voluptate ut est ea consequuntur! Voluptatem dolorum officiis impedit non sit illo ut magni a molestiae ea eos molestiae rerum. Ducimus accusantium itaque, quo quis incidunt odit quisquam tempore consequuntur atque non saepe doloremque reprehenderit! Aperiam architecto nam et, omnis laborum beatae inventore commodi ut delectus consequuntur aliquam voluptatem ad.', 2532, 24),
(3, 'Armputphone', 'Omnis similique ea iure iste nihil sunt repudiandae, quae debitis fugit aut impedit fuga porro. Doloremque eum expedita quia officia molestiae ut, quaerat error totam voluptas corporis consequatur quae voluptate? Perspiciatis veritatis debitis est, ipsam sed qui fuga ipsa sunt quo ad sed ut architecto. Doloremque ut consequatur nostrum cum id natus aut ea vitae hic obcaecati earum non et. Necessitatibus culpa quis dolor ut, molestias accusamus autem qui nulla harum quaerat tempora cumque voluptas. Nulla ut, maiores harum possimus porro error dignissimos sed deserunt voluptas culpa qui vitae maxime. Unde repellendus nisi sit odio id unde soluta veritatis, praesentium adipisci est dolor doloremque sequi. Molestias quis tenetur natus consequuntur et similique nobis error voluptatem deleniti fugit culpa quia quaerat. Repudiandae minus sint explicabo cupiditate odit, incidunt ipsum quis numquam quidem expedita suscipit iusto voluptates. Quia tempora sed rem quae, repellendus iusto ad tempora esse laborum ea repudiandae totam nobis. Nemo quia et velit veniam unde perspiciatis modi consequuntur non vitae voluptatem magni impedit nihil!\r\nExplicabo in laborum a accusantium autem officia error necessitatibus consequuntur unde molestiae neque, quis praesentium. Commodi debitis ut non est fugit quia laudantium rem, et adipisci non aut ullam ex. Quia totam accusantium quo laboriosam totam exercitationem dolorem eos quia reprehenderit repellendus totam est in.', 2385, 12),
(9, 'Stereofindedator', 'Aut rem ipsa, dolorum unde ea blanditiis sit beatae itaque a aliquid iste alias perspiciatis.', 2854, 15),
(32, 'Tabtelladar', 'Asperiores qui asperiores explicabo ut maxime eveniet omnis aut quibusdam facilis esse omnis voluptatem ab. Saepe unde magni amet voluptatem quia et totam nobis pariatur, omnis et sint ut quis; ea possimus eveniet architecto cum itaque qui accusantium ullam quaerat officia nemo voluptatem vel et...', 2876, 24),
(4, 'Tablifior', 'Asperiores aliquam aspernatur consequuntur est autem sunt natus perspiciatis ab nemo iste consequatur ut voluptatem. Dolor ratione qui non aspernatur, numquam itaque non natus ad voluptatem dolorum excepturi ea omnis. Est veniam corrupti nobis aut necessitatibus corrupti qui nihil rerum est voluptatem vero commodi maiores. Reiciendis natus ut dolorem modi sit impedit, sunt modi et quam eos dolore aut dolore! Excepturi possimus et quidem unde quam et tempora enim non ipsa assumenda est at repellat; soluta magnam sit optio quaerat corrupti, atque debitis quis aperiam unde autem sint facilis veritatis? Dolorem qui voluptatem deleniti quaerat et qui vel accusamus commodi voluptatem amet nihil ut repellendus; eius sed unde, laudantium quia odit temporibus voluptatibus delectus enim et doloribus totam unde fuga? Officia maiores praesentium nihil fugit sit consequuntur provident rerum excepturi voluptatem quaerat veniam ducimus iste. Ducimus et beatae inventore officia pariatur sed excepturi eius, expedita quia sequi minima distinctio velit.\r\nMaiores eius qui consequatur voluptatum voluptates perspiciatis ut debitis provident architecto quia asperiores non natus. Quibusdam in repudiandae ut illo alias voluptatem tempora qui veniam unde necessitatibus qui deleniti fugiat! In dignissimos, pariatur aut unde obcaecati aut natus obcaecati pariatur delectus est non ipsum eos; voluptas aut cum optio voluptas rerum error, quis eaque ipsa ipsum dolore inventore error et. Ipsum quaerat consequatur sunt sint laboriosam quia, consequatur a aliquid beatae eius reprehenderit doloremque itaque; dolores voluptates enim quaerat non ut similique aliquid doloribus itaque autem voluptas vel doloremque dolores; consequatur ut dignissimos cum dolorem rerum sed ducimus quasi impedit aut aliquam, voluptatibus nulla sit.\r\nEt provident omnis ut minus a quo reiciendis aliquam ut dolorem inventore dolor sed id. Ipsam illo, perferendis unde qui odio tempore error officia aut perferendis sunt aperiam molestias ex? Voluptatem error molestiae ut expedita unde tempore nihil quis sint nostrum distinctio eveniet quod et.', 43, 10),
(10, 'Projectry', 'Id laudantium debitis, odit voluptates et ut molestiae assumenda aperiam reprehenderit porro odio velit natus. Sed repellendus quisquam aut aliquam nobis quis nostrum possimus ipsum qui cupiditate perspiciatis sapiente tenetur? Eius est aut nihil aperiam sit consequatur voluptas illum, quae maxime expedita voluptas necessitatibus velit. Et nesciunt facere, est minima voluptatem dolor autem ad eum neque laborum perferendis in aliquam. Et est excepturi cumque ut, perspiciatis ullam minima qui repellendus et veniam voluptatem nesciunt voluptas.\r\nUt error maxime iure dolores quod harum culpa a enim quod modi incidunt harum eius. Est fuga et aut adipisci, quo natus et officia voluptas veritatis doloribus ab necessitatibus in! Est modi consequatur alias incidunt quia consectetur molestiae sed officiis minus eos recusandae possimus consequatur. Corrupti delectus tempore natus, quisquam enim sed quisquam reprehenderit ratione enim rerum debitis ex quidem? Quos nesciunt nulla magni, ex sunt ut maiores illo molestiae asperiores sed pariatur quia error! Quaerat voluptas iste doloremque recusandae omnis provident deserunt qui impedit in neque et numquam perspiciatis. Animi quia iure dolorem amet fugiat corrupti facilis provident possimus eum voluptatem sit labore quasi. Sunt voluptatem dolor delectus quas voluptatum et dolor quia, esse asperiores sit qui molestiae expedita. Aliquam et ipsam consequatur quis temporibus ut id molestiae obcaecati, magnam enim cum laborum voluptatem? Ipsam voluptas unde sit et sed cum temporibus natus sit tempora, omnis ut iste quidem.', 8046, 13),
(5, 'Transculewra', 'Aspernatur necessitatibus et dolores ut eum laboriosam omnis soluta nobis nostrum iusto omnis nihil ducimus. Quisquam et voluptate dolor reiciendis nihil sint necessitatibus dolorum deserunt est sit provident fugiat in. Non quisquam, nam itaque unde distinctio atque rerum maiores quasi nobis omnis impedit rerum et; magni sit nisi dolorem ut id quasi vero inventore architecto sit dolores impedit sint porro. Sed aliquam cumque velit error necessitatibus perspiciatis velit porro rerum iusto quia aut nesciunt quod! Aliquam optio, illum natus voluptate dignissimos sunt ut tempore sunt consequatur blanditiis harum obcaecati quibusdam. Delectus officia cum quis nisi quia qui voluptas, facere dicta quae amet quibusdam et ut. Aut aliquam at consequuntur iste cum, aut dicta nulla id est nemo soluta ratione cum. Sequi sed nulla quia est maxime voluptatem dicta non ipsam maiores asperiores dolorem nemo magni. Quos sit ad quo ullam ut veniam sint, a nihil assumenda est aut sapiente iure. Animi vitae debitis maxime dolorem ea, sequi beatae atque incidunt in ut consectetur aliquid quidem! Deserunt voluptas ut, iste eos adipisci rerum ut et laboriosam doloribus unde modi rerum eveniet. Similique est excepturi placeat quaerat, voluptas sint debitis in blanditiis sapiente architecto deserunt omnis ut. Est omnis aut qui laborum quia tempora sint qui hic qui illum quis omnis sapiente. Magnam tempora aperiam unde non doloribus iure rerum a minima quae facere est recusandae voluptatem? Deserunt suscipit, officia ad et eos temporibus qui veniam et vel eius ut distinctio sed. Ut quisquam qui autem ut reprehenderit et quam recusandae reiciendis natus eum est voluptatem placeat. Quo quis aut accusantium ad ratione officia quis reprehenderit, qui sit aspernatur et ea voluptates.\r\nArchitecto aut non, modi et iure deleniti iste corporis et aut facere quia perspiciatis repellat. Neque fuga neque vel magni qui ut ullam et, error quasi nesciunt at id natus. Ut et aspernatur aut quis sit ut et in saepe magnam, amet aliquid ut quo? Qui et aut voluptatem nostrum voluptatem temporibus et sed culpa natus velit pariatur quia necessitatibus. Nostrum voluptatem, est ut consequuntur velit libero omnis voluptatum aut consectetur deleniti quos vero non; eius aut est aut dignissimos esse corporis ut voluptate quasi quaerat error et voluptas culpa. Cum culpa architecto vero fuga molestias consequatur quae et dolor autem est sed porro quia. Magnam et eos ipsa consequatur vero vitae laboriosam ut qui reiciendis autem quos commodi vel? Facilis non omnis voluptate laboriosam labore maiores et obcaecati itaque sint amet, est fugiat incidunt! Quo sapiente dolor quas fuga omnis est reprehenderit unde ad voluptas consequatur vel voluptate vitae. Omnis iste animi enim deserunt et nobis numquam distinctio veritatis ab ut qui inventore est. Eum quam sed ex voluptatum ut natus nihil et consequatur sit laboriosam inventore ut officia! Aspernatur est repellat expedita perspiciatis voluptatem ea non perferendis facilis sed explicabo atque quae excepturi. Iusto aut aperiam aut officiis voluptatem nulla et sequi nemo magnam laboriosam autem et doloremque!\r\nQuia doloribus eum non dolor odio doloremque quo modi accusamus quasi rerum sit velit quia. Id labore cum doloremque vero veniam illo perspiciatis ut optio quis, autem quia laboriosam totam. Tenetur et fuga ut sed ea in omnis et nesciunt impedit minus qui rerum minus. Et unde sint illum voluptatem repellat accusantium velit repellendus natus deleniti quia quo non quasi. Ipsum tenetur eius, commodi ducimus ut voluptatem optio totam iste nihil perspiciatis fugit id et. Sequi qui quia aspernatur deleniti qui est minus eveniet illo ut dolorem ut, in deleniti; nulla nesciunt beatae dolor consequatur quo omnis quidem rerum fugit est expedita quia et veniam. Voluptas voluptate quibusdam natus, inventore ut autem quaerat sequi ad doloremque iusto sint eum et.', 6895, 24);

--
-- Inserting data into table CustomerUseInventory
--
INSERT INTO CustomerUseInventory(CustomerTransactionID, InventoryID) VALUES
(13, 18),
(24, 1),
(50, 46),
(30, 11),
(19, 37),
(42, 6),
(49, 20),
(37, 20),
(9, 22),
(43, 32),
(38, 10),
(14, 16),
(25, 6),
(4, 35),
(44, 17),
(10, 13),
(20, 43),
(5, 8),
(39, 28),
(34, 34),
(31, 26),
(11, 45),
(6, 15),
(1, 45),
(26, 10),
(47, 44),
(15, 6),
(32, 34),
(40, 28),
(45, 25),
(48, 20),
(7, 11),
(21, 8),
(2, 8),
(35, 26),
(27, 28),
(16, 5),
(22, 20),
(8, 18),
(17, 6),
(46, 4),
(41, 26),
(36, 42),
(33, 33),
(3, 7),
(12, 18),
(18, 5),
(28, 34),
(23, 12),
(29, 49);

--
-- Inserting data into table EmployeeShift
--
INSERT INTO EmployeeShift(EmployeeID, ScheduleID) VALUES
(47, 47),
(9, 9),
(18, 18),
(4, 4),
(28, 28),
(50, 50),
(45, 45),
(48, 48),
(46, 46),
(23, 23),
(13, 13),
(19, 19),
(42, 42),
(14, 14),
(20, 20),
(49, 49),
(15, 15),
(37, 37),
(43, 43),
(21, 21),
(29, 29),
(38, 38),
(10, 10),
(16, 16),
(5, 5),
(11, 11),
(24, 24),
(30, 30),
(25, 25),
(22, 22),
(44, 44),
(6, 6),
(31, 31),
(39, 39),
(26, 26),
(32, 32),
(17, 17),
(12, 12),
(1, 1),
(34, 34),
(40, 40),
(27, 27),
(33, 33),
(7, 7),
(35, 35),
(41, 41),
(36, 36),
(2, 2),
(8, 8),
(3, 3);

--
-- Inserting data into table Equipment
--
INSERT INTO Equipment(InventoryID, BrandName, Description, PurchaseDate, PurchasePrice, Type, HoursUsed, EquipmentMaintenanceScheduleID) VALUES
(47, 'Retopor', 'Ut aut consectetur officia.', '2015-02-24', 509.78, '7', 54.7, 5),
(9, 'Playtinplry', 'Quis omnis ut sed eligendi.', '2017-03-12', 411.98, '9', 6425.6, 46),
(18, 'Tabtectedger', 'Similique voluptatem magni et.', '2017-10-01', 904.89, '4D', 244.7, 15),
(4, 'Ampcessupscope', 'Molestiae in illum tempora.', '2017-05-09', 467.73, 'B97NC', 1730.9, 10),
(28, 'Speakleefer', 'Magnam placeat dolores omnis.', '2019-02-22', 389.31, 'S5PN', 2571.8, 10),
(50, 'Tetinator', 'Iste aut officiis suscipit;', '2019-03-17', 725.34, '5G97WN', 9917.9, 19),
(45, 'Moncordedgra', 'Nisi dicta. Quia tenetur.', '2015-03-21', 421.46, '6M4IZKA09WI', 6128.5, 24),
(48, 'Tweetcyclridge', 'Omnis asperiores vero. Quis.', '2015-01-08', 366.86, '0O', 7, 34),
(46, 'Tabculewer', 'Sunt ut quaerat voluptas.', '2016-10-13', 589.08, 'ZX', 6627.7, 12),
(23, 'Readcordaquor', 'Qui tempora. Quis aut.', '2017-12-10', 833.46, '2839C', 2774.9, 47),
(13, 'Stereoculefator', 'Vero ratione ut adipisci.', '2016-09-13', 531.62, 'TCWVA48Y', 2110.2, 50),
(19, 'Reholdor', 'Alias magnam; sint ducimus.', '2019-04-16', 580.78, 'E8KKA0', 6305.4, 21),
(42, 'Carttingascope', 'Sed perspiciatis. Facere illo.', '2018-08-21', 514.44, 'J', 6059.5, 10),
(14, 'Tweettectator', 'Magni non. Non corrupti.', '2017-09-17', 135.39, '4', 6333.2, 11),
(20, 'Readlictar', 'Molestias doloremque rerum.', '2016-06-22', 302.88, '8', 538.4, 6),
(49, 'Bitopentor', 'Veritatis suscipit. Fugiat?', '2015-01-02', 351.54, 'X8Z8J2', 1.7, 16),
(15, 'Playholdridge', 'Magni error molestias sed.', '2018-03-22', 361.7, 'FPM06TNPC', 7080.8, 18),
(37, 'Stereolery', 'Quod veniam placeat.', '2020-10-25', 892.91, 'FMLA9U94XXY1UK69FX', 441.5, 12),
(43, 'Armholder', 'Unde rem est dolores.', '2015-12-28', 197.41, '55', 361.7, 5),
(21, 'Speaktinator', 'Sit consequatur. Velit ut.', '2018-11-17', 147.99, '14Q7QIT9T9UBH', 5559.9, 24),
(29, 'Transjector', 'Molestias excepturi.', '2017-02-05', 388.01, '2Y6JDQSM8', 3914.4, 13),
(38, 'Continon', 'Totam ipsum...', '2018-01-17', 536.01, 'D4W4Q87J82', 8666.9, 32),
(10, 'Armtaommer', 'Facere aut labore et autem.', '2015-01-10', 814.93, '6F0O24YU', 9, 20),
(16, 'Monocordphone', 'Facere ad aut tenetur.', '2018-10-20', 648.31, '5', 2424, 5),
(5, 'Cleancessentor', 'Natus debitis ad sed;', '2015-03-20', 415.19, 'TZ', 9506.7, 2),
(11, 'Ampbandinscope', 'Incidunt iste earum iure.', '2020-08-05', 427.03, '451XPK814R04IOG0', 59.5, 34),
(24, 'Recordplscope', 'Omnis est eaque.', '2015-02-16', 370.2, 'FO', 6810.2, 50),
(30, 'Speakbandra', 'Iure deleniti. Iste omnis!', '2017-05-29', 362.03, 'P0', 6796.6, 14),
(25, 'Cabmuton', 'Ipsa id sed atque.', '2020-06-14', 967.01, 'PT18', 4939.9, 38),
(22, 'Monocessator', 'Ab sed. Et aliquam.', '2015-01-07', 151.23, '3H1KQ0', 5143.2, 50),
(44, 'Stereotectaquor', 'Non et. Quam totam?', '2015-01-24', 544.44, '6', 23.8, 15),
(6, 'Speakfindfiator', 'Repellendus deserunt.', '2015-04-04', 804.32, '0', 93.9, 16),
(31, 'Comfindator', 'Nobis ut libero voluptatem et.', '2015-01-04', 828.58, 'P85', 3.2, 50),
(39, 'Tabputridge', 'Nisi totam. Aspernatur iure.', '2016-10-30', 492.26, 'O7', 668, 41),
(26, 'Amppickommra', 'Sequi natus odio non.', '2017-04-20', 177.06, '8H69ADVS5B43M0Z93', 9962.5, 26),
(32, 'Stereocessonentor', 'Aut est. Temporibus!', '2016-11-08', 343.28, 'A2GL6P', 261.8, 41),
(17, 'Miclictpler', 'Natus eum eos minima incidunt.', '2018-05-25', 666.56, '88W', 5924.7, 16),
(12, 'Micceivollar', 'Dolor repellendus ipsum.', '2015-01-08', 678.71, '0LJU397J4T', 1.6, 14),
(1, 'Speakbandexphone', 'Assumenda neque. Culpa.', '2015-10-09', 175.52, 'RF', 3766.6, 28),
(34, 'Rebandedar', 'Laborum amet odio adipisci...', '2017-05-20', 180, 'D9Z54UW1', 2576.5, 33),
(40, 'Stereolictridge', 'Sunt perspiciatis aut nihil.', '2017-12-02', 319.05, '6C80Y954C53OB1JVN66UP', 5865.7, 29),
(27, 'Tweetholdplphone', 'Itaque non tenetur dolore.', '2016-11-15', 675.24, 'B4H', 9319.1, 39),
(33, 'Recordra', 'Aut qui. Fuga unde.', '2017-11-22', 446.82, '3T', 797.3, 34),
(7, 'Computefar', 'Inventore qui; voluptatum.', '2017-02-20', 948.32, 'PD702Z3PIWM', 2847.9, 11),
(35, 'Cabtellor', 'Facere eum vero optio.', '2016-07-14', 864.29, 'V', 719.4, 18),
(41, 'Tweetniar', 'Veniam ipsum temporibus.', '2017-08-22', 298.84, '7', 5199.4, 39),
(36, 'Readholdscope', 'Maiores illo dolor corporis.', '2017-06-21', 873.28, '6D42DKV8K', 2776.3, 16),
(2, 'Comholdra', 'Animi ex; et harum.', '2017-08-25', 852.17, 'H1', 2.4, 10),
(8, 'Monocyclplra', 'Possimus dolorum et sit culpa.', '2015-10-13', 557.97, 'W', 9422.9, 10),
(3, 'Miclictor', 'Animi unde. Qui architecto.', '2015-10-26', 875.41, 'XV26B09K94HM', 3977.7, 26);

--
-- Inserting data into table Expense
--
INSERT INTO Expense(ExpenseID, ExpenseType, Amount, Date) VALUES
(40, 42, 82.82, '2016-04-26'),
(35, 6, 10.54, '2016-11-22'),
(11, 32, 57.14, '2015-09-14'),
(41, 24, 37.07, '2015-08-30'),
(50, 49, 56.84, '2017-03-29'),
(18, 46, 20.73, '2016-07-04'),
(26, 27, 67.85, '2015-07-08'),
(45, 3, 16.04, '2016-08-21'),
(13, 5, 5.48, '2019-09-05'),
(48, 3, 3.47, '2020-05-23'),
(6, 46, 46.22, '2017-02-01'),
(46, 26, 3.07, '2017-05-28'),
(36, 38, 72.87, '2018-09-26'),
(19, 38, 75.51, '2016-07-26'),
(42, 20, 63.81, '2018-04-14'),
(32, 1, 11.49, '2015-05-22'),
(1, 29, 33.78, '2020-06-06'),
(14, 43, 83.16, '2015-08-27'),
(37, 15, 25.32, '2020-10-27'),
(49, 34, 50.76, '2018-09-08'),
(43, 44, 69.2, '2016-02-28'),
(38, 37, 23.23, '2015-06-14'),
(27, 33, 25.65, '2018-12-10'),
(7, 9, 34.94, '2020-10-20'),
(44, 35, 57.09, '2016-10-28'),
(2, 35, 54.93, '2020-02-08'),
(33, 30, 64.09, '2015-07-28'),
(28, 36, 25.09, '2015-05-28'),
(8, 43, 50.29, '2016-04-13'),
(39, 7, 92.95, '2016-03-11'),
(47, 32, 24.34, '2015-09-05'),
(3, 32, 36.48, '2018-12-01'),
(20, 29, 27.52, '2019-07-31'),
(9, 45, 31.87, '2016-02-01'),
(34, 42, 10.15, '2019-05-18'),
(15, 8, 8.94, '2017-07-01'),
(21, 2, 87.6, '2015-01-09'),
(16, 7, 11.36, '2019-03-30'),
(4, 49, 2.08, '2015-10-31'),
(22, 5, 5.18, '2015-05-21'),
(17, 38, 45.5, '2015-01-06'),
(10, 23, 72.66, '2016-10-29'),
(23, 11, 9.95, '2016-10-15'),
(5, 6, 10.13, '2016-07-19'),
(29, 43, 44.92, '2016-08-20'),
(12, 31, 44.46, '2017-09-05'),
(24, 35, 48.82, '2015-12-28'),
(30, 45, 58.73, '2020-10-13'),
(25, 31, 44.4, '2018-03-21'),
(31, 2, 87.71, '2015-03-20');

--
-- Inserting data into table PaymentInfo
--
INSERT INTO PaymentInfo(CustomerID, CardNumber) VALUES
(47, '6221613562830570'),
(9, '39886795056388'),
(18, '6390655841968346'),
(4, '4913350645155893'),
(28, '6225980742353641'),
(50, '6205835360738289'),
(45, '5305924080718945'),
(48, '30267043031904'),
(46, '349850316598398'),
(23, '3565150506495708'),
(13, '6388773315602244'),
(19, '3535718975560199'),
(42, '30152675489580'),
(14, '3581444566615168'),
(20, '6201742176370279'),
(49, '5160515938946474'),
(15, '39850438519533'),
(37, '6223429920598777'),
(43, '6230137448055540'),
(21, '4405157305901739'),
(29, '4844479034223378'),
(38, '6390016490551372'),
(10, '340615271031100'),
(16, '6210202405752697'),
(5, '3540944595745977'),
(11, '6224940328865237'),
(24, '6391011372234691'),
(30, '4508322287112285'),
(25, '3531975775935120'),
(22, '6222224147078765'),
(44, '3576055839208552'),
(6, '3528254504174277'),
(31, '6393627584162269'),
(39, '6263173946550963'),
(26, '5396916760076016'),
(32, '5133952215177438'),
(17, '341020733325761'),
(12, '6261695269631337'),
(1, '4508226459162061'),
(34, '3534905070995633'),
(40, '6285757965407040'),
(27, '6232247142937030'),
(33, '4405061293232935'),
(7, '3565603087205730'),
(35, '5502150917120060'),
(41, '6371657658883165'),
(36, '6271433807946068'),
(2, '3576783011438610'),
(8, '6373113168221510'),
(3, '5555307101619135');

--
-- Inserting data into table SupplierProduct
--
INSERT INTO SupplierProduct(SupplierProductID, Name, Description, Price, SupplierID) VALUES
(34, 'Charniupor', 'Aperiam quis. Asperiores.', 484.4, 1),
(2, 'Tabtectedgor', 'Accusamus quis. Fuga ea qui.', 586.07, 2),
(18, 'Transjectefra', 'Quis vel; ullam aliquid.', 957.6, 3),
(45, 'Proculaner', 'Sint atque sit aut ratione.', 702.59, 4),
(48, 'Conceivgara', 'Perspiciatis laboriosam et.', 99.06, 5),
(13, 'Cleanleewer', 'Necessitatibus voluptate.', 163.18, 6),
(40, 'Cartcordator', 'Libero sit. In fugiat est.', 724.37, 7),
(50, 'Stereotaor', 'Dolor quisquam omnis.', 949.21, 8),
(8, 'Printbander', 'Itaque quibusdam.', 590.6, 9),
(19, 'Monplottepon', 'Voluptatem necessitatibus.', 695.7, 10),
(14, 'Playtinedgra', 'Sunt consequatur. Explicabo.', 943.44, 11),
(32, 'Stereolefiry', 'Aut in. Ut sed.', 657.15, 12),
(27, 'Carttinepar', 'Soluta suscipit omnis...', 776.43, 13),
(20, 'Stereocordentor', 'In non. Assumenda aut!', 196.81, 14),
(3, 'Cartleewor', 'Quidem numquam unde id.', 473.71, 15),
(33, 'Supculollon', 'Est culpa omnis. Voluptas.', 518.13, 16),
(15, 'Cleantaommar', 'Quidem omnis aut sunt.', 528.7, 17),
(21, 'Monoputar', 'Molestias at. Et aliquid.', 628.51, 18),
(46, 'Playholdra', 'Rerum sit iure porro.', 636.18, 19),
(9, 'Monleentor', 'Error sed. Sequi ut!', 348.16, 20),
(4, 'Playleon', 'Nesciunt molestiae.', 290.45, 21),
(35, 'Prolifiar', 'Autem vitae debitis.', 456.97, 22),
(28, 'Tableiner', 'Consectetur sit iste...', 134.43, 23),
(10, 'Subtaefphone', 'Alias aut corrupti.', 941.48, 24),
(5, 'Stereotinupor', 'Neque vero libero. Voluptas...', 601.26, 25),
(23, 'Tweetjectiner', 'Officia vero. Unde est.', 304.53, 26),
(29, 'Refindletscope', 'Suscipit voluptas. Libero?', 971.76, 27),
(49, 'Printleefer', 'Non quia nihil explicabo.', 938.5, 28),
(47, 'Subtinphone', 'Maxime sit ipsa quod.', 934.54, 29),
(24, 'Transmutar', 'Natus nihil. Non.', 970, 30),
(11, 'Supniar', 'Quis cum amet. Ut fuga.', 567.82, 31),
(16, 'Reholdphone', 'Et fugit nihil consequuntur.', 573.1, 32),
(22, 'Playcyclor', 'Odit id. Nostrum et.', 209.98, 33),
(41, 'Amptiner', 'Provident veniam rem; dolores.', 936.7, 34),
(36, 'Stereobandinor', 'Exercitationem commodi ut.', 807.03, 35),
(17, 'Micceiver', 'Sint consequatur blanditiis.', 99.73, 36),
(42, 'Cartputphone', 'Harum modi. Molestiae quo.', 120.6, 37),
(12, 'Conceivefar', 'Tempore error. Distinctio.', 434.27, 38),
(37, 'Cabholdedor', 'Quaerat laudantium. Veritatis.', 605.55, 39),
(6, 'Protectpler', 'Perspiciatis vitae.', 655.64, 40),
(30, 'Printplottentor', 'Eius necessitatibus. Ut hic.', 200.47, 41),
(25, 'Retaer', 'Est iste. Eligendi earum;', 677.07, 42),
(1, 'Tabwoofra', 'Unde non enim natus expedita.', 599.52, 43),
(43, 'Tabplottefer', 'Neque magnam unde iste.', 472.12, 44),
(38, 'Comtinar', 'Nemo quae unde et consequatur.', 687.6, 45),
(31, 'Tabcessicscope', 'Delectus voluptatibus unde.', 738.76, 46),
(44, 'Cabtara', 'Est sit voluptate eligendi.', 501.28, 47),
(26, 'Receivar', 'Eum nam sequi exercitationem.', 324.7, 48),
(39, 'Charcyclor', 'Unde ut. Voluptas sunt unde.', 490.78, 49),
(7, 'Concordentor', 'Nesciunt dignissimos.', 318.44, 50);

--
-- Inserting data into table SupplierTransaction
--
INSERT INTO SupplierTransaction(TransactionID, SupplierID, InventoryID, TransactionDate, QuantityPurchased, AmountDue, DueDate, DelivaryDate) VALUES
(1, 12, 16, '1989-05-14 21:57:25', 59, 67.34, '1994-11-08', '2009-11-19 17:56:52'),
(2, 25, 42, '2018-09-25 16:53:14', 2, 63.25, '1980-05-25', '1970-01-01 00:01:04'),
(3, 20, 44, '1980-01-04 11:54:32', 94, 27.22, '1977-07-31', '2016-06-14 16:59:10'),
(4, 15, 42, '1970-01-01 00:00:59', 58, 39.42, '1970-02-28', '2018-11-25 00:33:19'),
(5, 31, 24, '2008-11-15 16:13:51', 39, 75.69, '1970-09-19', '1984-04-17 23:08:24'),
(6, 40, 16, '1988-07-24 20:56:43', 62, 23.61, '2001-04-28', '1998-01-11 15:49:13'),
(7, 10, 49, '2005-08-24 16:00:49', 57, 84.59, '1977-01-17', '1970-01-01 00:37:23'),
(8, 20, 47, '1994-04-09 16:48:57', 32, 23.22, '1989-03-22', '2019-01-18 21:31:39'),
(9, 22, 41, '1977-01-14 00:24:38', 67, 94.9, '1987-02-20', '1970-01-01 00:09:06'),
(10, 37, 46, '1999-12-10 14:19:57', 49, 23.63, '1996-09-20', '1985-03-23 08:10:30'),
(11, 24, 45, '2013-05-29 15:52:41', 85, 6.87, '2020-08-27', '1990-06-02 20:05:04'),
(12, 43, 48, '1977-01-27 02:57:06', 18, 24.43, '1974-03-30', '1980-10-14 17:01:28'),
(13, 17, 28, '1987-12-03 16:23:06', 2, 90.57, '1979-05-13', '1970-01-01 00:01:03'),
(14, 38, 34, '1970-01-01 00:00:41', 40, 67.69, '1970-02-10', '1971-08-21 04:37:26'),
(15, 49, 45, '1970-01-01 00:00:08', 7, 37.15, '1970-01-08', '2007-11-12 08:34:09'),
(16, 28, 33, '1983-01-09 18:40:39', 33, 87.56, '1972-04-23', '1970-01-01 00:00:02'),
(17, 15, 47, '1970-01-01 00:26:02', 63, 84.82, '1974-04-11', '1994-10-31 20:00:39'),
(18, 14, 14, '1970-01-01 00:00:01', 57, 48.05, '1970-01-01', '1998-04-22 04:11:02'),
(19, 30, 28, '2012-09-08 20:09:13', 19, 94.07, '2020-02-29', '1970-01-01 01:21:22'),
(20, 13, 7, '2013-05-31 23:26:57', 43, 47.39, '2011-08-01', '1970-01-01 01:53:56'),
(21, 26, 42, '2006-08-20 06:52:49', 70, 5.51, '1993-07-02', NULL),
(22, 19, 23, '2016-02-22 10:14:31', 69, 88.02, '1986-04-06', '1970-01-01 00:00:10'),
(23, 12, 49, '2005-02-11 05:42:10', 39, 7, '2009-04-26', '1970-01-01 00:00:06'),
(24, 2, 47, '1994-04-01 22:43:40', 59, 14.95, '2014-11-05', '2006-11-25 03:01:34'),
(25, 3, 46, '1985-11-22 02:19:46', 31, 55.49, '1973-07-01', '1974-08-07 04:36:32'),
(26, 46, 16, '1984-02-13 23:31:32', 88, 6.49, '1998-01-02', '1992-12-20 19:21:29'),
(27, 22, 35, '2008-05-08 08:38:31', 1, 64.98, '1970-03-29', '2011-02-19 09:32:43'),
(28, 10, 37, '2002-05-04 09:59:27', 2, 77.51, '2007-06-26', '2017-12-22 15:24:24'),
(29, 20, 19, '1988-09-25 01:46:47', 57, 12.89, '2003-07-19', '1970-01-01 00:01:05'),
(30, 38, 46, '2007-04-25 08:17:56', 22, 35.58, '1978-07-03', '1992-02-14 02:31:09'),
(31, 31, 25, '1990-04-12 19:12:32', 58, 22.6, '2004-09-25', '2007-08-27 21:22:15'),
(32, 38, 38, '2011-09-20 20:54:41', 86, 92.92, '2017-06-11', '1982-12-02 20:43:00'),
(33, 12, 7, '1970-01-01 00:00:03', 9, 16.12, '1970-01-03', '1998-07-24 22:27:50'),
(34, 28, 45, '1998-08-07 00:42:29', 76, 61.47, '1983-10-04', '1996-01-01 05:20:45'),
(35, 29, 34, '2004-04-01 03:18:19', 49, 7.08, '1981-01-13', '2007-12-21 06:21:53'),
(36, 29, 24, '1970-01-01 00:00:08', 96, 81.42, '1970-01-08', '2015-01-28 12:50:50'),
(37, 18, 14, '1978-10-20 21:01:45', 47, 17.23, '1974-03-30', '1979-07-16 12:30:23'),
(38, 10, 44, '2005-08-20 01:22:59', 67, 98.41, '1999-03-18', '1986-12-02 01:24:09'),
(39, 42, 3, '1970-01-01 00:01:12', 56, 94.06, '1970-03-13', '2014-09-19 10:03:11'),
(40, 9, 14, '2013-09-05 03:02:16', 27, 86.77, '1970-09-20', '1990-04-17 19:37:19'),
(41, 48, 32, '1977-11-21 07:44:50', 18, 24.65, '1998-03-01', '1970-05-05 23:53:19'),
(42, 5, 12, '2008-04-03 19:32:18', 2, 49.61, '2004-03-20', '1970-01-01 00:01:27'),
(43, 40, 7, '1970-01-01 00:00:03', 63, 30.79, '1970-01-03', '1970-01-01 00:08:19'),
(44, 29, 13, '1970-01-01 00:01:04', 1, 94.27, '1970-03-05', '1970-01-01 00:06:20'),
(45, 31, 4, '2002-06-09 16:37:33', 95, 78.3, '2016-06-14', '1988-03-09 03:08:52'),
(46, 12, 32, '1970-01-01 00:01:36', 74, 18.1, '1970-04-06', '1991-03-09 00:04:22'),
(47, 38, 35, '1996-06-01 02:06:05', 18, 79.07, '1992-10-26', NULL),
(48, 34, 4, '1995-07-21 16:38:12', 57, 53.29, '1973-03-26', NULL),
(49, 4, 22, '1976-09-19 12:02:10', 60, 23.53, '2017-01-03', NULL),
(50, 43, 8, '1970-01-01 00:01:01', 23, 47.66, '1970-03-02', NULL);