--
-- Script was generated by Devart dbForge Data Generator for MySQL, Version 2.4.287.0
-- Product Home Page: http://www.devart.com/dbforge/mysql/data-generator
-- Script date 11/22/2020 4:50:44 PM
-- Target server version: 8.0.22
-- Target connection string: User Id=student;Host=localhost;Character Set=utf8
--



SET NAMES 'utf8';
USE CleanAndGo;
--
-- Delete data from the table 'SupplierTransaction'
--
TRUNCATE TABLE SupplierTransaction;
--
-- Delete data from the table 'SupplierProduct'
--
TRUNCATE TABLE SupplierProduct;
--
-- Delete data from the table 'PaymentInfo'
--
TRUNCATE TABLE PaymentInfo;
--
-- Delete data from the table 'Expense'
--
TRUNCATE TABLE Expense;
--
-- Delete data from the table 'Equipment'
--
TRUNCATE TABLE Equipment;
--
-- Delete data from the table 'EmployeeShift'
--
TRUNCATE TABLE EmployeeShift;
--
-- Delete data from the table 'CustomerUseInventory'
--
TRUNCATE TABLE CustomerUseInventory;
--
-- Delete data from the table 'CleaningSupply'
--
TRUNCATE TABLE CleaningSupply;
--
-- Delete data from the table 'Account'
--
TRUNCATE TABLE Account;
--
-- Delete data from the table 'Employee'
--
DELETE FROM Employee;
--
-- Delete data from the table 'CustomerTransaction'
--
DELETE FROM CustomerTransaction;
--
-- Delete data from the table 'User'
--
DELETE FROM User;
--
-- Delete data from the table 'Supplier'
--
DELETE FROM Supplier;
--
-- Delete data from the table 'Service'
--
DELETE FROM Service;
--
-- Delete data from the table 'Schedule'
--
DELETE FROM Schedule;
--
-- Delete data from the table 'Position'
--
DELETE FROM Position;
--
-- Delete data from the table 'Inventory'
--
DELETE FROM Inventory;
--
-- Delete data from the table 'ExpenseType'
--
DELETE FROM ExpenseType;
--
-- Delete data from the table 'EquipmentMaintenanceSchedule'
--
DELETE FROM EquipmentMaintenanceSchedule;
--
-- Delete data from the table 'Customer'
--
DELETE FROM Customer;

--
-- Inserting data into table Customer
--
INSERT INTO Customer(CustomerID, FirstName, LastName, Address, Email, PhoneNumber, Balance) VALUES
(1, 'Norris', 'Mclaurin', '3170 Chapel Hill Ave', 'NorrisCalderon@example.com', -8022, -1360574059),
(2, 'Lanny', 'Kirk', '28 W Sharp Hill Parkway', 'TaggartY@example.com', -617853697, -145350678),
(3, 'Darron', 'Pepper', '3853 W Monument Ln', 'JoeannPHuang@example.com', -611296160, -286315720),
(4, 'Adan', 'Mclean', '1514 Rose Hill Drive', 'Ada_Anglin6@nowhere.com', -1529059329, -2086140314),
(5, 'Trish', 'Mcclelland', '2270 NW Mountain Circle', 'LoydBranham258@example.com', -2074967167, -1906880373),
(6, 'Reyna', 'Perales', '32 Church Parkway', 'oytxgpgm.ebekzhq@example.com', -1351511751, -145864143),
(7, 'Lorene', 'Mclemore', '3097 N Fox Hill Lane', 'SamuelGunn@example.com', -1978680242, -56),
(8, 'Erin', 'Bronson', '346 Prospect Hill Rd', 'Burgos@nowhere.com', -42143390, -91),
(9, 'Chrissy', 'Kirkland', '38 New Fox Hill Drive', 'Moreno@nowhere.com', -1010250639, -716658829),
(10, 'Erin', 'Valle', '1770 Fox Hill Ct', 'GerryBarrow@example.com', -1198970815, -1821398907),
(11, 'Alphonso', 'Peralta', '644 NE Ski Hill Pkwy', 'tsredn9393@example.com', -1126720611, -443590315),
(12, 'Minh', 'Shelley', '3723 Monument Lane', 'Iliana.Acevedo52@example.com', -2132679197, 3098),
(13, 'Alina', 'Vallejo', '3066 SW Riverside Lane', 'FlorencioF_Marlow7@nowhere.com', -888759, -219604355),
(14, 'Ira', 'Mclendon', '3188 NW Ski Hill Street', 'Enoch_Tillery@nowhere.com', -92, -1105489138),
(15, 'Celia', 'Mcclendon', '87 NW Chapel Hill Pkwy', 'MorrisAbraham@example.com', -779709428, 1389),
(16, 'Archie', 'Perdue', '969 W Ski Hill Highway', 'DinoJaeger742@example.com', -1062906427, -923543739),
(17, 'Stefan', 'Gracia', '3721 Ashwood Lane', 'Rigby@example.com', -1025055090, -1497664312),
(18, 'Annalee', 'Dugger', '12 South Hope Parkway', 'Houser@example.com', -1198082057, -1748363887),
(19, 'Deetta', 'Mcleod', '714 White Fox Hill Court', 'AdanHuerta523@example.com', -385002188, 58),
(20, 'Lorenzo', 'Grady', '254 W Fox Hill Loop', 'CharlieNoriega688@example.com', -1617477340, -1874041020),
(21, 'Eugenie', 'Duke', '908 New Ashwood Highway', 'Abrams@example.com', -395624865, -8175),
(22, 'Nydia', 'Graf', '900 NW Riddle Hill Drive', 'fazsmgzr.vbbx@example.com', -1103051678, -343),
(23, 'Bryon', 'Shelton', '244 Cedar Tree Dr', 'Cota424@example.com', -248316457, -2046077599),
(24, 'Alexia', 'Pereira', '1701 3rd Avenue', 'kqavbr3100@example.com', -903010867, -6),
(25, 'Tyron', 'Mcmahan', '38 Riverview Lane', 'Brant.Abreu@example.com', -1450014244, -835213159),
(26, 'Abe', 'Kirkpatrick', '2641 West Brentwood Parkway', 'sneygl8904@example.com', -1507272580, -764043857),
(27, 'Lorrine', 'Valles', '34 White Glenwood Blvd', 'stnhpti6@nowhere.com', -1720299079, -295350700),
(28, 'Madeleine', 'Perez', '3116 NE Social Ln', 'Fortner@nowhere.com', -425689709, -317904159),
(29, 'Erwin', 'Mcmahon', '3962 Red Mount Blvd', 'Mccue@example.com', -1054381363, -838172443),
(30, 'Velia', 'Perkins', '604 White Hope Blvd', 'LeighP_Redding7@example.com', -28233071, -88606210),
(31, 'Jarrod', 'Shepard', '212 Farmview Way', 'Montoya@nowhere.com', -407956908, -713299118),
(32, 'Amada', 'Ambrose', '2582 Ashwood Pkwy', 'Abney@nowhere.com', -2043566585, -622),
(33, 'Ashley', 'Mcmanus', '1252 West Rockwood Pkwy', 'Zack_Mcnair199@example.com', -1747315778, -517309001),
(34, 'Darell', 'Mcclintock', '26 2nd Avenue', 'mlocd761@example.com', -1, -2073355062),
(35, 'Devon', 'Van', '2681 Flintwood Loop', 'Slone@nowhere.com', -1692066009, -206744491),
(36, 'Myles', 'Kirkwood', '2448 Riverside Parkway', 'Mac_Amaya79@nowhere.com', -1413, 40),
(37, 'Abel', 'Shephard', '1195 Prospect Hill Highway', 'Roush@example.com', -309902211, -1866501799),
(38, 'Brain', 'Brooks', '415 Riverside Ln', 'Acosta@example.com', -776196547, -9),
(39, 'Venice', 'Vanburen', '730 Market Parkway', 'Williford893@example.com', -435636308, -139476745),
(40, 'Alejandra', 'Shepherd', '796 Red Hunting Hill Road', 'AbernathyF@nowhere.com', -1785613075, -303119868),
(41, 'Alda', 'Mccloskey', '63 NW Edgewood Hwy', 'Baugh@example.com', -1006591735, 5749),
(42, 'Charlie', 'Kiser', '3979 Hidden Market Rd', 'Sharpe26@example.com', -1442076440, -3087),
(43, 'Brant', 'Vance', '2183 S Bayview Court', 'MichalEdmond@example.com', -1263665069, 5363),
(44, 'Doretha', 'Ames', '513 Prospect Hill Ave', 'Perryman455@nowhere.com', -22, -3),
(45, 'Cristy', 'Perreault', '60 NW Rushwood Highway', 'vbzbfpb0034@nowhere.com', -671772784, -2),
(46, 'Katheleen', 'Mccloud', '1518 3rd Parkway', 'Aguilera912@nowhere.com', 7, -1935617048),
(47, 'Alton', 'Dukes', '2541 Mountain Cir', 'Forrest718@nowhere.com', -46, -64894388),
(48, 'Bernardo', 'Mcmaster', '252 Deepwood Blvd', 'Drew_Brennan3@nowhere.com', 64, -1400082589),
(49, 'Sheldon', 'Sheppard', '2788 Riverview Avenue', 'Stiltner@example.com', 951, -2143181925),
(50, 'Adelaida', 'Perrin', '1193 Glenwood Rd', 'Rock@example.com', -283703309, -626890634);

--
-- Inserting data into table EquipmentMaintenanceSchedule
--
INSERT INTO EquipmentMaintenanceSchedule(EquipmentMaintenanceScheduleID, Name, NextMaintenanceDate, MaintenancePeriod, LastMaintenance, Cost) VALUES
(1, 'Burton92', '2011-03-20', -1432851621, '1977-08-16', 850.62),
(2, 'Andrade718', '2012-03-03', -1030416957, '1977-10-21', 702.93),
(3, 'Stacy1964', '2011-07-26', -1794334035, '1970-01-07', 571.89),
(4, 'Amaya5', '1975-02-11', -1925050876, '2012-01-17', 312.77),
(5, 'Ziegler1974', '2014-12-07', -997713899, '1978-08-01', 443.06),
(6, 'Abbie966', '2014-09-01', -1765423586, '2009-01-19', 333.43),
(7, 'Ardis759', '1980-08-06', -1157183679, '1972-03-12', 322.22),
(8, 'Alita8', '1970-01-08', 79, '2013-09-14', 648.61),
(9, 'Dung261', '1970-01-09', 87, '1974-05-26', 487.88),
(10, 'Aleta1974', '1972-01-28', -1377813044, '1983-09-14', 735.84),
(11, 'Adan1', '1972-09-13', -98, '2014-03-23', 878.53),
(12, 'Haggard354', '1992-05-22', -8177, '1970-01-10', 232.19),
(13, 'Abby9', '1970-01-01', 0, '1970-10-26', 757.36),
(14, 'Loper2', '2005-10-28', -1120600405, '1982-03-27', 506.74),
(15, 'Amos775', '1976-05-04', -231, '1987-08-27', 788.12),
(16, 'Chism1993', '1977-05-17', -269, '1995-10-10', 644.58),
(17, 'Mikki1989', '2016-11-15', -1487623419, '2010-07-17', 419.36),
(18, 'Hollingsworth1960', '1976-12-08', -1728225444, '1976-12-13', 403.5),
(19, 'Lauryn1995', '1985-05-06', -560, '1970-01-07', 989.13),
(20, 'Heller96', '2013-09-17', -499394584, '1984-01-12', 630.7),
(21, 'Andre1968', '1971-11-17', -68, '1995-04-11', 982.53),
(22, 'Alissa336', '1970-01-04', 33, '1977-02-28', 568.79),
(23, 'Tajuana4', '1984-03-17', -838133017, '1988-03-12', 194.56),
(24, 'Odessa2019', '1983-08-30', -2024878791, '1984-02-05', 761.27),
(25, 'Elbert135', '1985-10-22', -2089407047, '1996-09-26', 754.69),
(26, 'Myrtis1999', '1980-02-28', -371, '1970-04-11', 642.69),
(27, 'Forest2020', '1997-08-04', -1960726208, '2003-05-12', 793.61),
(28, 'Upshaw738', '1981-06-11', -164353808, '1996-02-22', 871.12),
(29, 'Galen39', '1970-01-08', 7, '1993-01-14', 113.31),
(30, 'Adolph94', '1970-03-17', 751, '1984-04-25', 412.74),
(31, 'Ramiro594', '1998-07-24', -890363848, '1977-01-14', 393.88),
(32, 'Jeanetta1992', '1992-05-26', -53701857, '1979-02-12', 135.4),
(33, 'Abel1975', '1992-01-01', -1769301196, '2018-11-08', 693.87),
(34, 'Sterling28', '1978-11-08', -1052188259, '2020-01-25', 528.5),
(35, 'Kylie2018', '2010-07-13', -326886560, '1986-05-30', 599.88),
(36, 'Matilda2028', '1985-06-10', -335207885, '1990-11-11', 614.46),
(37, 'Evers523', '2018-10-21', -807249409, '1993-11-15', 698.28),
(38, 'Jameson168', '2005-04-22', -674764348, '1972-01-31', 698.83),
(39, 'Saylor813', '1977-09-18', -497018496, '1992-06-29', 472.45),
(40, 'Marquis2014', '1971-03-13', -534726462, '2019-01-01', 429.22),
(41, 'Adan189', '2008-03-16', -1089280074, '2006-02-28', 320.27),
(42, 'Stillwell825', '1970-03-07', 6532, '1970-01-08', 556.13),
(43, 'Odette2005', '1970-01-01', 1, '1981-09-10', 147.83),
(44, 'Riggins2021', '2000-06-12', -102410662, '1987-09-01', 546.93),
(45, 'Tamatha139', '2013-08-08', -1640056529, '1995-10-08', 530.46),
(46, 'Rena2018', '1990-04-09', -1726512000, '1970-04-02', 988.3),
(47, 'Margarette849', '2012-02-13', -1740720387, '1981-11-08', 854.96),
(48, 'Adaline1972', '1996-08-29', -74693086, '2003-05-15', 831.77),
(49, 'Abraham5', '2005-09-03', -1595903923, '1982-01-31', 989.36),
(50, 'Turpin89', '1970-01-10', 9, '1971-04-21', 253.3);

--
-- Inserting data into table ExpenseType
--
INSERT INTO ExpenseType(ExpenseTypeID, Name) VALUES
(1, 'Laporte2020'),
(2, 'Corley1983'),
(3, 'Moody1953'),
(4, 'Abe1985'),
(5, 'Hanes777'),
(6, 'King8'),
(7, 'Ruben1956'),
(8, 'Muse176'),
(9, 'Jannet2001'),
(10, 'Marcel1988'),
(11, 'Aubrey2'),
(12, 'Schubert399'),
(13, 'Clement2008'),
(14, 'Kurtis148'),
(15, 'Pearline781'),
(16, 'Dana935'),
(17, 'Adolfo2006'),
(18, 'Kent348'),
(19, 'Candelaria2017'),
(20, 'Hawkins2028'),
(21, 'Wynne2004'),
(22, 'Linkous5'),
(23, 'Crawford1962'),
(24, 'Hanley2018'),
(25, 'Erline969'),
(26, 'Graig2012'),
(27, 'Hong1989'),
(28, 'Layman2006'),
(29, 'Francina2016'),
(30, 'Cary2019'),
(31, 'Cathleen2009'),
(32, 'Dane1956'),
(33, 'Sonja1950'),
(34, 'Boss1960'),
(35, 'Martine949'),
(36, 'Alton2019'),
(37, 'Max518'),
(38, 'Mchenry415'),
(39, 'Shin1'),
(40, 'Julian78'),
(41, 'Joshua855'),
(42, 'Zack381'),
(43, 'Manual448'),
(44, 'Nicolas1981'),
(45, 'Helm179'),
(46, 'Murray2026'),
(47, 'Karla422'),
(48, 'Mariella7'),
(49, 'Chantelle974'),
(50, 'Arnoldo2027');

--
-- Inserting data into table Inventory
--
INSERT INTO Inventory(InventoryID, InventoryCategory) VALUES
(1, 'Pharmacy'),
(2, 'Pharmacy'),
(3, 'Home'),
(4, 'Audible'),
(5, 'Office'),
(6, 'Pets'),
(7, 'Pets'),
(8, 'Movies'),
(9, NULL),
(10, 'Crafts'),
(11, 'Office'),
(12, 'Beauty'),
(13, 'Electronic'),
(14, 'Accessorie'),
(15, 'Electronic'),
(16, 'Audible'),
(17, 'Shoes'),
(18, 'Games'),
(19, 'Shoes'),
(20, 'Patio'),
(21, 'Shoes'),
(22, NULL),
(23, 'Accessorie'),
(24, 'Toys'),
(25, 'Health'),
(26, 'Clothing'),
(27, 'Jewelry'),
(28, 'Beauty'),
(29, 'Patio'),
(30, 'Gifts'),
(31, 'Books'),
(32, 'Outdoors'),
(33, NULL),
(34, 'Outdoors'),
(35, NULL),
(36, 'Accessorie'),
(37, 'Clothing'),
(38, 'Furniture'),
(39, NULL),
(40, 'Garden'),
(41, 'Music'),
(42, 'Books'),
(43, 'Pharmacy'),
(44, 'Sports'),
(45, 'Pharmacy'),
(46, 'Beauty'),
(47, 'Sports'),
(48, 'Accessorie'),
(49, 'Health'),
(50, 'Toys');

--
-- Inserting data into table Position
--
INSERT INTO Position(PositionID, Name, Description, HourlyPayRate) VALUES
(1, 'Abby1966', 'Corporis atque. Maxime.', -67717111.17),
(2, 'Folsom261', 'Error tenetur aut.', 13.65),
(3, 'Easter1964', 'Obcaecati sed fugiat sit.', -3268.9),
(4, 'Carmona618', 'Et dolorum. Sequi officiis.', -85851278.29),
(5, 'Terry2007', 'Eum reprehenderit ab...', -54044091.73),
(6, 'Zane413', 'Est vel vero est error.', -45.52),
(7, 'Massey695', 'Optio nisi voluptatem omnis.', -5607.18),
(8, 'Alston382', 'Aperiam voluptatem. Veniam;', -55915659.14),
(9, 'Alia5', 'Repellendus explicabo tempore.', 28912475.67),
(10, 'Montez424', 'Dignissimos ad...', 65955693.66),
(11, 'Ashby2002', 'Voluptatem beatae. Sed.', 2.84),
(12, 'Adkins1972', 'Veniam odio.', 30171517.95),
(13, 'Haley13', 'Voluptas voluptatem sed qui.', 75532790.18),
(14, 'Pike2003', 'Totam ea consectetur.', 98811008.74),
(15, 'Abe1960', 'Rerum qui sit. Corporis quia.', 31492553.05),
(16, 'Nicol2004', 'Iste doloribus. Reiciendis.', -99929024.75),
(17, 'Vesta543', 'Nulla sunt.', 81767667.82),
(18, 'Barker314', 'Velit unde. Necessitatibus?', 71321331.38),
(19, 'Rheba271', 'Ut officia et...', 105.07),
(20, 'Billye7', 'Fugiat ipsum.', -24652130.16),
(21, 'Brooks2018', 'Ullam enim a. Perspiciatis.', -47869279.53),
(22, 'Shaunna1994', 'Voluptates deleniti. Quia?', 51.13),
(23, 'Lorrie1956', 'Exercitationem animi.', -9.62),
(24, 'Tequila5', 'Itaque qui.', -37158073.08),
(25, 'Davies2016', 'Omnis error.', -70.71),
(26, 'Galen356', 'Sed dolorum. Sit id.', -78543089.18),
(27, 'Carrie1', 'Est suscipit; corporis itaque.', -58.46),
(28, 'Adam1', 'Non praesentium quia officiis...', 37801640.95),
(29, 'Shockley769', 'Facilis aut consequatur.', -72295439.12),
(30, 'Addie1951', 'A est voluptatum.', -45317799.61),
(31, 'Witt1955', 'Magni eveniet omnis natus.', -64084939.15),
(32, 'Wayne184', 'Quod velit numquam officiis.', 42103062.95),
(33, 'Dean983', 'Non suscipit eum quia labore.', -31046398.42),
(34, 'Piper544', 'Libero incidunt. Et deleniti!', 12670250.97),
(35, 'Theresia337', 'Aut doloremque; sint aut.', 804.46),
(36, 'Aguilar538', 'Qui aperiam perspiciatis.', 26039143.06),
(37, 'Alonso259', 'Sed ab voluptatem qui.', -96146509.16),
(38, 'Beauchamp721', 'Sunt qui. Omnis ipsum aliquid.', 53.65),
(39, 'Erick2017', 'Reiciendis et fuga magni.', 9.98),
(40, 'Anisa2027', 'Impedit quidem asperiores et.', 22368038.52),
(41, 'Rosalba1961', 'Ad odit iste natus.', 82758017.08),
(42, 'Cyndi6', 'Eaque dicta ratione.', 18663182.4),
(43, 'Alane868', 'Quisquam aut similique eius;', -17518133.85),
(44, 'Kathern1972', 'Ea illo. Id voluptas.', 29707563.98),
(45, 'Rochelle2023', 'Nemo quas earum.', -3114.51),
(46, 'Sammy2022', 'Suscipit iste magnam;', -23573867.77),
(47, 'Bayer2006', 'Nihil non. Voluptatem nihil!', 48984696.24),
(48, 'Sarah1958', 'Et expedita quaerat. Pariatur.', 16555077.13),
(49, 'Garth1967', 'Omnis sequi. Dolorem...', 18786104.09),
(50, 'Abraham1962', 'Et veritatis qui ut.', -43963742.88);

--
-- Inserting data into table Schedule
--
INSERT INTO Schedule(ScheduleID, StartTime, Duration, Day) VALUES
(1, '1970-01-01 00:00:41', '00:00:41', 87),
(2, '2002-12-24 10:52:06', '16:47:07', -13),
(3, '2010-09-25 12:50:58', '08:15:27', 76),
(4, '1970-01-01 00:00:07', '00:00:07', -122),
(5, '2015-03-29 19:21:21', '15:20:41', -56),
(6, '1970-01-01 00:01:03', '00:01:03', -105),
(7, '1977-07-17 11:31:28', '20:00:19', 46),
(8, '1996-03-23 20:10:57', '21:30:55', 21),
(9, '1970-01-01 00:01:15', '00:01:15', 121),
(10, '1978-09-29 08:22:42', '09:19:03', 93),
(11, '1986-10-04 16:57:29', '14:02:08', -5),
(12, '2008-07-25 21:57:39', '22:44:33', 7),
(13, '1970-01-01 01:11:44', '01:11:44', 76),
(14, '2013-01-02 06:15:57', '21:02:18', 94),
(15, '1989-07-07 00:14:03', '20:17:00', -53),
(16, '1970-01-01 00:06:02', '00:06:02', 24),
(17, '1970-01-01 00:00:09', '00:00:09', 122),
(18, '1998-04-16 20:36:15', '11:53:07', -69),
(19, '1970-01-01 00:12:05', '00:12:05', -126),
(20, '1972-02-24 21:03:58', '01:06:24', 22),
(21, '1985-06-06 03:05:00', '21:05:24', -43),
(22, '1971-09-25 23:50:48', '07:34:16', 20),
(23, '1970-01-01 00:00:53', '00:00:53', -90),
(24, '2005-11-28 07:02:12', '14:04:31', -32),
(25, '2003-08-26 16:36:23', '15:30:39', -12),
(26, '1993-12-14 09:11:19', '18:58:47', 39),
(27, '1974-12-29 00:46:03', '01:27:54', -4),
(28, '2020-09-11 20:12:20', '07:33:42', 65),
(29, '1974-04-08 16:13:24', '10:54:49', 117),
(30, '1970-01-01 00:00:07', '00:00:07', 47),
(31, '1977-02-14 00:22:06', '01:41:14', 22),
(32, '1970-01-01 02:45:14', '02:45:14', -10),
(33, '1971-12-20 08:47:42', '00:37:28', -46),
(34, '2004-12-23 18:55:57', '17:17:45', 87),
(35, '1974-12-30 06:04:01', '23:54:27', -3),
(36, '1970-01-01 00:00:04', '00:00:04', 32),
(37, '2014-05-23 01:28:58', '13:41:48', -76),
(38, '1970-01-01 00:13:02', '00:13:02', 56),
(39, '1978-03-07 12:56:30', '03:16:46', 121),
(40, '2013-11-04 16:24:26', '01:35:28', -95),
(41, '1998-09-03 19:40:32', '02:26:32', -3),
(42, '2011-03-26 18:34:30', '15:29:53', -106),
(43, '1986-04-25 22:09:32', '16:56:14', -13),
(44, '2014-10-08 17:55:46', '13:37:11', 86),
(45, '1992-11-05 15:13:51', '11:17:11', -92),
(46, '2008-10-26 07:49:04', '15:38:32', 35),
(47, '1994-06-10 11:00:33', '06:40:20', 69),
(48, '1970-01-01 00:15:51', '00:15:51', 64),
(49, '1970-01-01 00:08:19', '00:08:19', 1),
(50, '1970-01-01 02:16:36', '02:16:36', -9);

--
-- Inserting data into table Service
--
INSERT INTO Service(ServiceID, ServiceName, Description, RateCharge, Duration) VALUES
(1, 'Stock1993', 'Est ut voluptatibus, dolorem et saepe sed quisquam at ex omnis inventore id eligendi corporis. Quis voluptatem aut velit eaque accusantium perspiciatis error soluta ut perferendis et voluptatem sit dicta! Sequi quibusdam nihil mollitia sint ipsam ab perspiciatis sapiente eaque hic illum vero ut dolores. Voluptas fuga sed labore sed omnis in quidem molestiae culpa qui eligendi enim et sit. Inventore harum laudantium cupiditate reprehenderit sunt ducimus debitis unde fugit sit nisi saepe sint facilis. Necessitatibus dolore obcaecati dicta et dolore error consequuntur dolores et maxime architecto illo obcaecati dolore! Voluptatum totam dignissimos explicabo eos repellat ut quidem quia error, dolor consequatur laboriosam ipsa non. Et corporis facilis omnis laboriosam veniam rerum voluptas non impedit sequi magnam possimus dicta eveniet. Dolor sed error, perspiciatis repudiandae perspiciatis incidunt quo voluptatem ullam labore qui omnis eum corporis! Sit numquam, alias maxime explicabo dignissimos odio debitis ut quis ipsum non excepturi et accusamus. Dolores suscipit esse consequatur nostrum voluptatem dolor blanditiis reprehenderit velit ab velit eligendi aperiam error? Doloremque dolore consectetur at obcaecati nesciunt sit officiis sed quia dolores iste ut qui assumenda; et dolores iste laboriosam, itaque tempore dolorum mollitia ut deserunt sed autem esse iste aut. Tenetur modi ut veritatis ut quo numquam dolorum et in fugit vel vitae unde dolor.\r\nCulpa corporis a velit magni iste ipsum ut distinctio inventore veritatis nihil alias quaerat ducimus. Non iste, maxime ipsa ducimus fuga mollitia ipsam et vero nobis facilis est exercitationem nostrum. Quo quia in perspiciatis dolores qui quisquam et quis odit ut perferendis ut est eius. Eos beatae, sed non molestiae enim fugit odit natus optio aut et natus officia quas! Molestias assumenda et ut porro omnis soluta nesciunt voluptatibus ut commodi labore deleniti autem labore. Unde facere vero voluptatem et qui est dolorum et labore dolores quaerat ipsa laboriosam qui. Soluta dolor inventore ut unde fugit sed doloremque est neque dignissimos necessitatibus saepe a iusto! Modi et nulla rerum, deleniti neque iste perspiciatis laboriosam veniam perspiciatis tempora tempore voluptatum unde. Natus repellat voluptatem deleniti qui fugit et repellendus aliquid sed mollitia exercitationem sint beatae velit; tempora quod id aut nihil impedit ea natus ullam minima possimus unde omnis explicabo et. Eaque cum enim repellendus quis labore nisi, rerum harum mollitia similique quia suscipit sit ut; debitis error omnis in perferendis distinctio maiores quia sit ipsam, quidem et consequatur unde voluptatum. Ipsa sit soluta consectetur dolor vitae autem aut qui laboriosam maxime fugit fugiat iure alias? Voluptatem voluptas sint corporis magni cumque vitae expedita vero maiores qui corrupti quisquam fuga ut.\r\nSaepe sunt enim molestiae eum rem saepe rerum cum hic quia et labore laudantium enim. Nemo soluta magni aliquam exercitationem quasi sequi modi, eius quae qui recusandae eveniet qui dolor. Voluptatem eaque ut dolor ut dignissimos ullam, sed molestiae dignissimos aperiam facere dolorem repudiandae tenetur! Quae aliquid commodi ipsa unde debitis sed dicta et facere ipsam odit placeat deserunt consequatur. Dolor qui libero ea perferendis iste impedit autem molestias aut minima tempore totam omnis excepturi. Recusandae consequuntur beatae harum qui veniam et dolores ut veritatis quas eveniet praesentium rem dolor. Et quo qui dolorem nostrum ut excepturi quia quos asperiores aut omnis maxime, repellat numquam. In ut nesciunt, quo omnis odio sed eius aperiam provident laudantium omnis assumenda quis sit. Quasi aut, quisquam omnis maxime eligendi eos est dolores aut unde omnis illo enim officia! Aperiam iste repellat maxime perspiciatis qui dolorem error qui ut mollitia error fugit facilis praesentium.', -9742723.26, '20:48:19'),
(2, 'Kimberely724', 'Nemo aliquid ut natus hic est laboriosam veniam reprehenderit dolores sit voluptas neque dolorem quaerat. Facilis ipsum voluptatem hic est unde et quis, est deleniti perspiciatis aut placeat ut velit! Voluptatem quo harum aut eligendi omnis voluptatem ex ut aut ut sed dolores natus in. Dicta et, laboriosam quos consequatur illum vero aut maxime et aut sunt quae aut quisquam! Voluptas nobis, sit ut at laborum voluptatem fugiat vel animi ducimus porro voluptatem saepe quos. Delectus nihil voluptatum et qui perspiciatis asperiores odio sed dolore esse obcaecati ea est dolor. Perferendis aut vitae accusamus ipsum consequatur repudiandae vel aut nisi sed accusamus cumque similique et! Voluptas est dolorem aut blanditiis unde saepe nobis quas facilis natus non quo perspiciatis quia. Molestiae necessitatibus ullam atque architecto facere natus laboriosam eos inventore non sed architecto et eos. Nostrum eos cumque et sit quia ullam dolores voluptas impedit numquam pariatur placeat sed unde. Amet odit cum qui iste perspiciatis et tempore fuga omnis culpa qui quidem cupiditate et? Exercitationem molestias unde non nihil tenetur ea consequuntur nobis sit dolores ut necessitatibus in laboriosam; eos voluptatum inventore qui, omnis esse praesentium iste voluptas consequatur et nobis nihil magnam dignissimos; odio eum exercitationem necessitatibus, a eum rerum quis suscipit aspernatur error non neque ad omnis. A libero voluptatem sit nisi et beatae aut velit officia dolores voluptatem deleniti numquam recusandae; omnis assumenda non dolor magnam deleniti natus ducimus officia error ut laudantium consequatur nihil sed.', -519812.53, '16:57:09'),
(3, 'Jamison1985', 'Ut consequuntur voluptas et, quod ipsum expedita saepe eum dolorem dolore sunt nulla et error. Omnis quas numquam qui nisi qui suscipit et, sunt maiores voluptas sequi vitae aut molestias! Quis molestiae perferendis voluptatum error atque repudiandae consectetur dolores nobis et delectus omnis aut cumque. Aut ipsum quidem aspernatur sed voluptatem soluta optio voluptas non sapiente alias neque animi aliquam; unde animi velit possimus nesciunt eum architecto consequatur tempora ut iste quisquam eius saepe ullam? Facere sapiente quidem sit necessitatibus ipsa quo voluptatibus architecto voluptatem sint consequatur doloribus non accusamus. Harum enim, nihil repellendus molestiae qui reiciendis quia voluptate fugiat voluptatibus modi adipisci tempore iste. Sunt sint deserunt modi error sequi omnis sit quis vero eos debitis et iste ut! Officia labore cumque enim dolor omnis possimus magnam quia vero et earum dicta in nisi. Assumenda doloremque voluptas necessitatibus unde sit dignissimos dolor corrupti aliquid ullam quasi doloribus ut blanditiis. Sit fugit, ratione unde quae magnam nam voluptatem et unde autem cupiditate eum harum nulla. Et quidem velit voluptatem, earum non voluptate ut sunt sit perspiciatis et sit recusandae sunt; ex repellat omnis sit quibusdam dolores earum asperiores architecto quas consequatur obcaecati aut maxime beatae. Repellat id sed aut aspernatur praesentium accusamus nesciunt vel error ea autem rem ipsum adipisci. Sed nemo natus sed, quam est dolore hic facilis omnis vitae repudiandae consequuntur ad vero. Nisi sed eum adipisci omnis sunt placeat ex ut placeat fugit qui tempora iusto maiores.\r\nVeritatis iste eligendi unde quos quia animi maxime distinctio aperiam numquam minus sit minima aut. Ratione velit magnam molestiae reiciendis, et voluptatibus mollitia officiis accusantium sit facere dolores consequuntur quo. Eius molestiae, iste voluptas et qui numquam et error enim libero cum est distinctio dicta? Quae quia exercitationem dolorem perspiciatis quam, impedit iusto voluptatem omnis officiis quasi incidunt consequatur doloremque. Molestiae error asperiores nihil itaque fugit magni natus autem enim sit aut sed repudiandae et! Sed aut, sed rerum nesciunt sit repellendus saepe unde ut voluptatem velit id dolorem dolores. Et enim, quia minima doloribus omnis quia voluptates quibusdam est cumque dolor perspiciatis dolorem eum.', 29458432.8, '18:22:57'),
(4, 'Allan63', 'Atque recusandae voluptas ut, voluptatem eius error maiores minima vel ullam ratione libero voluptatem facere. Ad quos amet, aut consequatur et nobis eos labore at assumenda id sint nihil sit. Nisi sed ad aut sit fugit distinctio est perferendis ipsum ipsam earum tenetur illo odit. Tempore dolor consectetur ducimus dolores et qui ea consequuntur vel quis dignissimos autem ipsam non. Consequatur dolorum, provident omnis nisi nesciunt repellat molestiae doloribus natus velit inventore necessitatibus esse voluptatem. Omnis ad quis facere ab autem aut unde enim architecto eius omnis quis fugit fugiat. Ullam nulla delectus vel fugit voluptas non, placeat voluptatem voluptas est ipsa corporis rerum quasi. Doloremque quibusdam error adipisci nulla sit error rerum omnis in laboriosam vero ducimus error vero! Dignissimos iste eos sit eaque accusamus velit qui est voluptas enim reprehenderit nesciunt ut qui. At quis voluptatem tempora eum et perspiciatis recusandae, laudantium sed et dolor molestiae consectetur est; optio cum hic consequatur ad voluptatem consequatur est minima natus unde hic neque molestiae accusantium. Voluptatem natus qui quis optio repellat in ut reprehenderit voluptatem vel dolores deleniti ipsa dolores. Enim perferendis in nisi sequi, totam repellendus sunt ipsa cupiditate rerum illo error aut eaque! Voluptatem beatae quo quia, quis accusamus sed iure rerum culpa voluptatem veritatis nulla dolor reiciendis. Nemo dolorum consectetur sint amet dignissimos rem perspiciatis id dicta non consectetur iste ut veniam. Quae omnis et qui blanditiis est amet ab, at tempora porro ea accusantium ut quisquam. Qui non sed fuga voluptatibus et expedita quod amet rem consequatur libero et aut in. Unde quo eum enim in adipisci, repellendus est numquam possimus sit sunt alias laboriosam dolor. Illum omnis sapiente in recusandae doloribus et non fuga ut a temporibus debitis enim error...', -97933407.57, '08:10:16'),
(5, 'Leigh853', 'Deleniti enim qui iusto officiis porro ea labore quidem eum amet sit rem ut non. Odit eaque, et dolorem molestias repudiandae beatae sed quis magni voluptate voluptates minus earum animi. Dolor quam quisquam voluptatum et illo iure sint sunt quae eveniet accusantium sunt sint eum. Et exercitationem dolorem est laudantium cumque repellendus provident blanditiis explicabo incidunt sit sed nesciunt culpa. Enim minus quis sunt enim error ut quia quaerat eos eveniet unde accusantium eligendi illum? Labore aut unde consequatur odit doloremque soluta eligendi beatae et aut quos natus vitae totam! Aliquam eos quia sunt necessitatibus libero est voluptatum molestiae ut tempora nisi dolor ipsam sed...', -34926774.49, '02:05:25'),
(6, 'Andrew24', 'Aliquid assumenda rerum ab quibusdam voluptatem sit vitae voluptate nisi quisquam aliquid quia labore est. Eligendi totam est earum tempore officia aut, delectus dolore omnis officiis non accusantium molestiae velit. Omnis veritatis veniam sed alias ut suscipit ullam iste mollitia eos necessitatibus numquam minus quia; aut perspiciatis eos enim nulla architecto doloribus doloremque debitis ad iste quam aut rerum ut.\r\nIste error magni beatae rerum iusto ipsa eos amet quia distinctio sunt dolor consequatur corporis. Ut sit, similique quasi odio labore deleniti illum dignissimos explicabo quia nam consequatur vero ipsam? Dignissimos magni error perspiciatis consequatur consequuntur et vitae libero nostrum eius cumque rerum consequatur eos! Ex dolores unde sit enim unde quod quibusdam aut qui consequatur officiis sed itaque in. Vero eos consequatur quo, eum itaque totam omnis sed natus excepturi est aliquid molestias sit. Tenetur perspiciatis qui quis voluptas sed quia laboriosam alias fuga qui vero incidunt doloremque sit? Voluptate sunt ut necessitatibus et labore at adipisci aut ipsum rem voluptatem non ipsam accusamus. Temporibus ut rerum a sequi qui voluptate voluptatem et quibusdam ad atque inventore neque quo. Sit tempore illum, enim et qui ut fugiat voluptatem omnis suscipit quia iure dolor eius! Odio laudantium rerum assumenda facilis quas assumenda eum quis et corporis in quam eum assumenda? Molestiae cupiditate veritatis eligendi et modi incidunt vel atque ex voluptatem est quaerat excepturi quia! Doloremque eligendi perspiciatis et rerum eligendi molestias explicabo aliquid ducimus itaque omnis temporibus inventore sed. Error magnam nostrum qui ex aut iusto est similique nam facilis omnis non quia omnis; qui consectetur necessitatibus qui dolores error sunt velit est qui necessitatibus numquam voluptas non aspernatur. Cumque dignissimos rerum ipsa voluptate ipsum ipsa, laboriosam dolore error quibusdam dignissimos inventore dolor doloribus; eveniet eum id hic provident distinctio assumenda totam, autem in doloribus error minima sed animi. Sed nesciunt saepe odio et, consequatur incidunt non atque ex natus veritatis et atque facilis. Sint et omnis qui, maxime officiis ut cumque nostrum fuga blanditiis odio veritatis quis velit. Exercitationem autem, id quae aliquam consequatur vel enim non distinctio aut hic animi natus dicta.\r\nLibero unde repellendus et, voluptatem esse quos velit amet fugiat provident sed doloremque omnis illo. Laboriosam rem, est unde qui suscipit nihil consequatur assumenda voluptates ea deleniti eum sed incidunt; dicta magnam qui ut, dolores quis odit laborum deleniti natus quia quibusdam est ab voluptas. Veniam cupiditate voluptatem esse aliquid accusantium mollitia et id qui placeat quae sit est dolores; eaque non necessitatibus et soluta rerum qui labore laborum incidunt sed voluptates quibusdam molestias sit. Alias soluta ut quidem laudantium nihil quia ut excepturi eius ex sequi nihil debitis placeat; voluptatem ad aut ut tenetur inventore possimus ipsam, et quia ad repellendus quidem perspiciatis expedita. Ut cumque, tenetur dolor et cum et nostrum est ab aspernatur error neque nisi veritatis. Voluptatum suscipit totam quisquam nemo inventore id quidem totam vero dolorem et ipsam nihil minus; ad velit nam dolores ex cumque vitae dolores consequatur ut reiciendis omnis et libero quia. Quis quia dolores tempore est quis iste aliquam vero doloribus sit molestiae officiis iure nam.', -46.22, '00:07:46'),
(7, 'Hadden1999', 'Nam magnam voluptatem sint cumque, quia sed maxime error qui ut hic saepe quia iste. Aut eligendi, ut quia nisi tempore qui beatae omnis quo eum aperiam veniam qui et. Ea et assumenda exercitationem perspiciatis vero temporibus tempore totam eum rem nesciunt rerum voluptas ab. Expedita consectetur aperiam blanditiis iure omnis similique error enim rerum voluptatem aut voluptatem ad voluptatem. Accusamus ipsa et illum sit, blanditiis quia sapiente unde laboriosam eum ex error autem perferendis! At omnis voluptatem et consectetur, necessitatibus id quaerat est dolores incidunt dignissimos labore ut dicta; enim eaque porro sed ad voluptas sint eligendi cupiditate modi expedita veritatis dolorem hic sed? Excepturi iste asperiores omnis provident delectus repellendus ut vitae id est id sit itaque voluptatem. Sequi corrupti soluta natus quas ut odit sit nihil iure non, quibusdam pariatur tempore eos. Quis cumque impedit quos voluptatem est consequatur natus quaerat debitis error nam mollitia laboriosam neque. Eum qui et, harum nostrum magni error unde voluptas expedita sint dicta quis quia saepe. Voluptatibus unde perspiciatis voluptatem et neque aut rem quisquam doloremque est sint ipsam architecto qui! Sit iste voluptas ratione ab itaque vero sunt sed pariatur illum a neque soluta dicta; sit neque voluptatem eveniet architecto alias, illo et laborum cumque et vel deleniti distinctio eaque. Maiores sequi quis atque omnis dolorem sapiente molestiae dicta rerum aut numquam omnis aut qui. Ut perferendis quisquam sit cumque reprehenderit ut et esse qui sit sed ut voluptatem nisi. Quam voluptatem porro fugiat enim libero ducimus quae nisi eum earum vel porro aut sunt.', 47697871.9, '22:28:37'),
(8, 'Faustino29', 'Iste perspiciatis ab quos commodi, ipsum possimus sint perspiciatis ex qui magnam et incidunt natus; ipsum illo et eos soluta commodi aspernatur facilis quis id autem aut voluptatem in ullam. Molestiae ut animi voluptatum ipsum est praesentium sit, tenetur optio obcaecati et sit quisquam totam. Qui corporis omnis saepe ut rerum minus aliquid ad accusantium neque eius aliquid minima vel! Unde et, adipisci sed est perspiciatis nihil corporis architecto sit dolor omnis consequatur officia in. Qui ipsum exercitationem beatae amet laudantium ipsam animi sit quod ipsam eveniet tenetur delectus autem. Blanditiis consequatur eos quia placeat maxime veniam enim ex unde iure perspiciatis veniam voluptatum possimus. Repudiandae eveniet natus sunt suscipit natus velit error in numquam quia ex voluptatem velit sed? Et vel sit quo, quis unde id ut autem omnis quidem perspiciatis facilis quia sed. Omnis eligendi quis autem architecto amet laboriosam quasi quam veniam voluptatem veniam dolorem officia dolorem! Ab accusamus sed porro quam deserunt unde beatae voluptatem eligendi beatae iste molestiae ut in. Culpa pariatur eius totam qui perferendis est nihil consectetur dolorum animi facere ea autem quisquam? Mollitia autem ut voluptatem impedit eaque enim minus consectetur, repellendus ipsum sit sunt corrupti eligendi. Doloribus harum id, dolorem rem labore inventore odio distinctio neque perspiciatis quibusdam libero reprehenderit recusandae! Totam corrupti velit ad, eligendi quisquam aliquam molestias ducimus vero est fugiat ratione consequatur voluptatem...\r\nEius vel et rem magnam culpa itaque nisi nam dicta tenetur sint labore magni non; iste assumenda ea facere voluptatem consequatur porro maxime sit ut rerum ut voluptatum ea enim. Commodi exercitationem vel nulla consequatur nihil omnis inventore delectus vel aut vero tempora quia ipsa! Aut tenetur corrupti ipsam ipsum molestiae accusamus quia possimus saepe veniam est perspiciatis beatae qui.', -92061646.94, '05:32:57'),
(9, 'Alexis176', 'Praesentium dolore est iste molestias autem ut est qui ad fuga quaerat quia dolor culpa. Quo iste tempora vel aspernatur itaque sunt qui, voluptas eveniet vel ex ea impedit asperiores. Autem ipsum vero velit est tenetur labore aut doloremque et tempora molestiae temporibus cum vero. Eum a repellat optio omnis earum dolore quas reprehenderit laboriosam enim facere quia, perspiciatis explicabo? Dolor qui, sed tempore id quisquam magnam vero reprehenderit enim alias ad ducimus voluptatem iste. Quisquam aut, et rem pariatur cupiditate dicta sed enim quas cum vero saepe quibusdam et...\r\nExercitationem odio sed odit et dolores cupiditate velit similique sunt ut totam magnam quis unde. Quo corporis ipsum sit omnis deserunt possimus voluptate dolores voluptas quis assumenda voluptatem esse nisi! Dignissimos commodi, non in dicta a dolores sint dolores error consequatur ad veritatis accusantium dicta. Quisquam porro aut quis ex iure excepturi magni esse est molestias unde eius doloremque iste. Non ea magnam rerum nesciunt tenetur consequatur omnis tenetur voluptates dignissimos eum excepturi deleniti provident! Harum dolor similique eaque illo optio praesentium nam reiciendis, nesciunt repellendus obcaecati quis repellendus sed. Voluptatem sed perspiciatis natus voluptatem error accusamus omnis enim porro quis amet dolor quia voluptatem.\r\nSit temporibus nisi nulla assumenda aut unde qui in est, sit molestiae rerum et fugit. Omnis et unde omnis temporibus est totam quaerat quia magnam perferendis ut beatae iusto vero! Ipsum fugiat quaerat et corporis, dolore molestias ea eligendi exercitationem eos sit fugit odit officia. Sed qui exercitationem perspiciatis nihil ut inventore molestiae optio quod incidunt velit enim voluptatem odit.', -99.78, '00:16:33'),
(10, 'Derick965', 'Cumque in ad velit dolor sequi rerum et corporis eum ut sit aut et unde. Perspiciatis beatae facilis, corporis iste voluptas neque iste quasi maiores debitis porro illum qui sit? Perspiciatis saepe totam natus voluptatem corporis ut rem adipisci vero a magni eius odio aliquam. Commodi iste ut nisi quia ab perspiciatis illo, recusandae autem illum incidunt sed quos est.', 79424193.17, '08:13:14'),
(11, 'Daniela4', 'Eaque aut reprehenderit totam qui nam est labore voluptatum tempora sit qui laborum consequatur aut. Quis iste reprehenderit ullam quas sed reprehenderit fugit eos qui consequatur officiis accusamus ut inventore? Omnis ad id autem animi suscipit quia illo provident culpa unde mollitia at hic labore! Non sit, est dolore quidem recusandae esse illo voluptatem maiores laudantium in vel sit cumque. Dolores est, voluptas eaque exercitationem facere quam iste aliquam deserunt ut aperiam voluptatum voluptate nobis! Harum fugit dignissimos natus ut ullam dolore nesciunt, non labore minus suscipit atque quo quis. Asperiores iste natus temporibus deserunt et qui fugit autem deserunt fugiat inventore beatae consequuntur harum. Eaque sed a perspiciatis animi dicta qui aliquam omnis error cum reiciendis repellendus harum magnam? Voluptas est veritatis aperiam doloremque quia culpa dignissimos consequatur, sit praesentium voluptatum nesciunt sed eaque. Qui recusandae omnis iusto sequi quis quibusdam quo natus magni laudantium nemo in commodi et! Consequuntur id est consectetur reprehenderit aliquam officiis unde dolor et accusantium beatae excepturi corrupti labore. Repudiandae ab dolor dignissimos unde quia nostrum dolor atque est eum error repudiandae totam autem; et iste iure porro, aliquam est fuga qui blanditiis in temporibus magnam voluptatem illo sed. Repudiandae quis unde sapiente exercitationem aut ut eos sunt quam ea voluptatem quia voluptatem sit. Quaerat sit et sed corporis iure sit impedit culpa suscipit sit saepe eveniet nulla nihil? Dolore ut fuga culpa eaque et dolor dolores assumenda libero accusantium doloremque aspernatur et ut...', 33121795.81, '06:40:44'),
(12, 'Dowd356', 'Modi facere aspernatur explicabo aliquid, exercitationem debitis aliquam odit eum sunt recusandae ipsum architecto eveniet. Officia asperiores amet sed molestias nesciunt praesentium vero corrupti natus molestiae repellendus vitae dolorem est. Quae est aliquam velit, qui vel error voluptatem reiciendis ea libero placeat quam excepturi debitis! Voluptatem amet omnis architecto ratione qui laudantium ipsa eaque earum sint saepe porro consequatur amet. Ipsa aut et sunt suscipit velit placeat voluptas iste quia tempore sunt repudiandae dolor perspiciatis. Placeat iusto nemo aspernatur qui ad totam nobis natus quibusdam libero natus magni voluptatem rerum. Modi ea aut eum sed rerum cumque harum voluptatem aut temporibus fugiat similique qui sit! Nemo sequi esse iste omnis sint quibusdam sed nemo eos tempora alias porro fugiat rerum. Debitis labore ipsam quia maxime nemo possimus dolores error rerum harum veritatis perspiciatis ut nihil. Omnis unde molestiae voluptatem fuga optio corrupti perspiciatis maxime ducimus accusantium aliquid voluptatibus minima voluptatem. Doloribus reprehenderit porro est aut maiores aut laudantium laboriosam et dignissimos exercitationem culpa sed qui. Quisquam eos sed iste voluptatem quam totam alias minima cupiditate iure non sed dolores autem; amet reiciendis exercitationem ex quis totam maxime sed in eveniet aut ut sit ut eum. Commodi accusamus dicta impedit et, at consequuntur unde ad earum sit quo amet autem voluptatem? Tenetur dolor ut adipisci eligendi natus minima voluptatum, et quod perspiciatis enim nam deleniti voluptas. Ab ex et quo ipsam facilis nostrum aliquid adipisci reprehenderit consequuntur natus velit ut optio.\r\nSed illo libero voluptatem et sit, fuga voluptas repudiandae itaque perspiciatis sapiente quia rerum voluptas. Et repellat sint vero nisi saepe, provident voluptates modi ut ratione blanditiis sed maxime perspiciatis. Tenetur ea magnam quo laboriosam ut sed nihil culpa dolore debitis provident suscipit magni enim. Reiciendis tempora iste nemo incidunt cum maiores eaque ut enim animi rerum veritatis natus dolores! Et atque et in atque numquam eligendi ut corporis perferendis vitae alias eum consequatur ut. Rerum ut, rerum voluptatibus voluptate explicabo ut et exercitationem magnam voluptas modi maiores consequatur et! At qui ipsam quidem eum quibusdam commodi dicta error facere sint rerum error sed et. Quos est aut ut delectus, ratione magnam quis incidunt dolor quis ut dolores sit animi. Natus adipisci voluptatem et magnam temporibus accusamus molestiae impedit dolorem ut nostrum repellat maxime velit. Assumenda qui non fugit tempore error qui aut tempore esse libero velit et magni omnis. Voluptatem adipisci est repellendus id quidem repellat voluptates sint sequi accusamus dolores quis perferendis unde. Voluptatem molestiae eaque quia omnis tenetur placeat, fuga perspiciatis a neque eveniet nihil sunt minima. In temporibus, labore qui perspiciatis commodi ratione blanditiis qui unde qui iure qui est dolores! Obcaecati assumenda hic unde eum voluptate qui ab inventore omnis unde alias odio ducimus quis. Et rem, aut temporibus sit quas sint reiciendis tempora totam maiores quam repellendus porro distinctio. Quis sed delectus quaerat aut voluptatem sapiente accusamus quidem et voluptate quis expedita sunt dolores. Ea optio quibusdam illum error sit repellendus quis voluptatibus mollitia totam repellendus cumque necessitatibus harum. Est quos quia ipsam perspiciatis necessitatibus similique illum distinctio in molestiae ipsam aspernatur qui eligendi. Voluptas nam sed expedita similique dolores modi et sequi officiis ut quia magnam veniam fugit.\r\nAccusantium suscipit tempore, et quidem dolores nostrum amet sit in sed vel aperiam cupiditate est. Quia reiciendis voluptas vitae ea beatae omnis voluptas et obcaecati aspernatur reiciendis ipsum ipsam quis!', -83133092.52, '15:05:19'),
(13, 'Alisa1987', 'Tempora cumque consequuntur architecto, aut ratione reprehenderit eum qui placeat sequi unde impedit officiis officia. Quod nisi obcaecati quia tempora beatae est ut porro tenetur omnis doloremque fuga explicabo est. Quasi ut non, illo recusandae ducimus temporibus tenetur culpa vitae modi ut sunt dolorem voluptas. Perferendis ut nam maxime consectetur sapiente et libero aut similique iure fugit beatae consequatur suscipit! Aut quia deserunt eaque quisquam ipsa quo corporis incidunt corrupti omnis quam commodi dolorem doloribus. Repellendus aut et minima ab reprehenderit quia tempore accusantium culpa fuga possimus ipsam sint quia.\r\nFacilis omnis aspernatur voluptas qui iste ut et blanditiis eum qui aperiam reprehenderit iste dicta. Delectus hic explicabo dignissimos mollitia illo libero provident quisquam, voluptas voluptatem vero id maiores ipsam. Reprehenderit voluptatem et perspiciatis accusamus dolorem repellendus, autem iste rem est aliquid eum qui est. Tenetur cumque dicta quis dolores eius perspiciatis nesciunt fuga tempora tenetur nostrum esse quia quo? Amet consectetur et nesciunt quaerat repellendus ipsam voluptas autem sunt sed iste molestiae minus tempore. Ut libero, soluta dolorem et aliquid odio omnis sit et id qui eum doloribus inventore. Natus omnis voluptatibus a saepe ea ad omnis fuga et ipsum ex magni id vel. Voluptatem id quasi, quos exercitationem autem perspiciatis pariatur possimus eveniet earum cum aspernatur et voluptatem!', -25626211.56, '19:59:50'),
(14, 'Shaffer1969', 'Harum et, incidunt iste explicabo qui numquam eaque perferendis assumenda accusamus aperiam sunt voluptatem est; tempora sed sint ut eum ab obcaecati beatae quas nulla et non qui error et. Iste incidunt unde et ut eum amet quia aliquid reprehenderit accusantium amet aliquam unde et. Inventore quisquam, aut animi amet ipsum minima laboriosam error aliquid aut magnam id possimus iusto. Sunt modi quasi perferendis iure autem unde sapiente totam magni sit magni adipisci quas vero.\r\nPraesentium eius voluptatem debitis blanditiis error et quod iure quia cupiditate voluptas similique voluptate numquam. Blanditiis at delectus, enim et consequuntur fugiat libero sed necessitatibus vel voluptas est quasi laudantium. Porro repudiandae eos blanditiis accusantium eveniet mollitia molestias quo aspernatur ut error aperiam repellat voluptatem? Error architecto inventore quis ex aut molestiae illum aut sit excepturi et aut quia fugit. Quia id eum esse sunt deleniti labore sit tempora id vitae quia sint perspiciatis tenetur. Quae eligendi earum voluptatum omnis quis corporis aut nemo explicabo recusandae, dolorem cum non magnam! Deleniti id natus obcaecati omnis, consequatur ad sit eveniet maxime quibusdam qui quis quia voluptatibus. Tenetur et eveniet et omnis unde consequuntur aut dolore ex qui sint qui et dolor. Quis voluptatem velit tempore consequatur adipisci aut omnis rerum sed provident rerum iste natus deleniti. Enim doloribus natus rem possimus exercitationem enim fugit amet quasi et beatae libero est quia. Minus error qui dicta rerum debitis, alias possimus sit enim autem iusto quibusdam nobis neque. Unde iste odio sit rerum dolor aperiam soluta perspiciatis molestias molestiae doloremque dolor fuga quas. Cupiditate vitae accusantium aspernatur error tempore quod dolores maiores sed et maxime explicabo ipsam omnis!\r\nId voluptatem quam voluptate dolore molestias aspernatur fugiat doloribus est et corporis sunt voluptatem quisquam. Quis consectetur et, voluptas consequuntur rem consequatur ipsum sed ut quisquam quia aut nisi eveniet; quisquam commodi maxime minima facilis ut sunt nisi nesciunt consequuntur est earum aliquid odio enim. Ut et non quisquam eius non porro et nihil et aspernatur voluptatem sint sit laudantium. Modi maiores quasi quaerat, non soluta unde aperiam doloribus molestiae dolorem autem sunt maxime sit; ratione impedit et quia quo vero saepe nulla aut blanditiis sint laboriosam, quia voluptatibus autem. Neque nostrum et nostrum perspiciatis recusandae neque doloribus ullam, sed et quas qui quae natus.', 15295124.76, '17:16:51'),
(15, 'Pitts168', 'Nam error amet est perferendis non ut sint omnis dolores recusandae sed incidunt nulla sint; cupiditate doloribus, consequatur soluta assumenda numquam natus perferendis corporis temporibus veritatis id beatae sint voluptas. Rerum aperiam sed doloremque molestiae voluptas ad suscipit sequi perspiciatis cum obcaecati quia et quia. Facilis est, repellendus minima omnis tempore corrupti aut ipsum veritatis et voluptate ab fuga expedita. Magnam soluta illum aliquam ea quia et sunt nemo voluptatem sed dolor doloribus quibusdam perspiciatis. Pariatur deleniti totam est qui ut placeat voluptatem magnam eaque suscipit beatae excepturi ut dignissimos! Hic consequatur eum adipisci eius ab id nostrum quis et iste distinctio perspiciatis est architecto. Praesentium iste, et laudantium atque eum tempore quis maxime rerum quia harum perferendis veniam iusto.\r\nLaboriosam natus magni unde voluptatem modi numquam eos unde numquam dolor distinctio error quo error. Et rem omnis sit non repellat sit omnis quis aut quos dignissimos a similique est. Adipisci aut vel natus labore et eaque optio dolor consequatur voluptatum blanditiis id quidem delectus. Sint saepe aut velit omnis qui consequatur officiis nulla eos eum quod libero illo nihil! Culpa numquam ut sit culpa error sint, recusandae voluptatem mollitia tenetur praesentium sed deleniti eius. Et minima aperiam ut repellendus mollitia voluptatem est ut maxime id odit aut repudiandae reprehenderit. Et adipisci non tempora voluptate dolores quod autem vitae non enim sint repudiandae qui deleniti. Amet totam temporibus voluptatem nostrum, qui alias itaque iste laudantium sequi consequatur nulla quas soluta. Repellendus nobis, magnam omnis neque ducimus reiciendis architecto quis perferendis numquam quas ea veritatis et; totam unde aliquam consequatur sequi iste unde dicta porro qui nisi sed eligendi quo illo. Rerum perspiciatis et illo, incidunt ipsum est eum suscipit nesciunt ex voluptatem dolorem nisi est? Nobis in praesentium omnis unde sed velit et iste veniam illum aut aperiam ut illum. Rerum natus hic qui odio autem culpa odio voluptatem est officiis numquam sit corrupti ut. Et non commodi sit autem natus aut natus doloremque a tempore ut est nisi nostrum. Ipsa qui ipsum consequatur suscipit velit aperiam nulla rerum est odit cum iste ab quos? Nostrum sit incidunt laudantium quia dicta ut ullam quod possimus est sapiente veritatis et quibusdam! Earum eum qui, quo unde quos autem natus reiciendis aspernatur officiis veniam et quo vero. Eveniet odit dolores commodi ad inventore voluptatem et at perspiciatis reprehenderit earum doloribus exercitationem dolorem! Veritatis sint obcaecati doloribus perspiciatis rerum architecto doloribus modi vitae sed modi sapiente dolorem sed. Itaque et, temporibus earum eligendi accusamus temporibus aspernatur voluptatem tempora laboriosam commodi velit adipisci veniam...\r\nDolorem facere eveniet est ad necessitatibus, neque ut minima libero eum omnis itaque consectetur sed. Molestias vero dolor aut optio tempore omnis dolor est obcaecati tempora earum autem incidunt aut. Laborum quidem repudiandae accusamus aliquid in neque ea tempora praesentium dolor est sequi provident perferendis. Sed et, ipsam porro consequatur quasi tempora omnis sunt exercitationem harum magnam obcaecati quisquam magni! Iste voluptatem excepturi ad a vel at autem voluptatem laudantium earum est dolorem enim sunt. Exercitationem dolor explicabo ullam exercitationem animi ullam omnis consequatur voluptatem iste magni tempora ut error. Impedit error maxime numquam maiores veniam est consectetur quis quibusdam voluptatem deserunt unde debitis harum. Perspiciatis delectus fuga culpa perspiciatis omnis recusandae quos dolorem error tenetur dolore quam dignissimos omnis.', 13290909.12, '07:36:53'),
(16, 'Janene2', 'Iste aspernatur iste numquam quo praesentium autem tempora omnis aut provident ipsam corrupti quae consectetur. Alias rerum impedit a natus tempore id accusantium qui pariatur, alias vel reiciendis ut ab. Dolores minima, iure ipsum inventore omnis ipsam enim facere temporibus iste modi veritatis voluptate molestias. Iusto architecto quia rerum ut ea nostrum assumenda ad enim quae assumenda omnis ut est! Et odit et unde nemo minima sed quos nisi laudantium esse maxime repudiandae velit vero. Omnis quia, sit asperiores sit cumque quam et ipsa facere voluptatem et incidunt quia possimus; sit aperiam cumque tempore facere accusantium sapiente natus officiis consequuntur qui maiores magni est enim. Voluptas explicabo unde quia necessitatibus id dolorem rerum sunt molestiae sunt necessitatibus labore suscipit saepe? Corporis iste illo hic recusandae debitis iste eos ea quia molestiae a perspiciatis error impedit. Quod quae enim eum quis quas non, quia sed neque vero beatae eum unde et! Et consequatur est ut rerum, est unde alias dolores doloremque sit facere id et labore; harum qui ea illo, dolores dolor sunt quae in nulla earum assumenda illum doloribus iste. Et eaque velit sapiente quo velit est, officia sed quas in nisi rem nesciunt perspiciatis.', 59773528.86, '04:32:24'),
(17, 'Branda2013', 'Iure quia voluptates ut et sed eaque et possimus praesentium quia ipsum repellendus sint sed. Cum ut tempora quo accusamus, et ex qui expedita laborum rerum voluptatem alias quia sed. Excepturi sit et sit dignissimos, pariatur omnis modi et ea omnis sint id accusantium quia. Facere natus consequatur veritatis nihil cupiditate quis porro iusto amet sequi est qui voluptates praesentium. Veniam laudantium nobis culpa eaque qui aut quasi est saepe sint itaque consequatur et facere!', 98377094.62, '01:16:06'),
(18, 'Deann1977', 'Quibusdam blanditiis qui iure et, aliquid sed unde quas voluptatibus et beatae doloribus unde saepe. Ab quo est, nobis qui eius illum ut dolores est voluptas suscipit laboriosam ex omnis. Ipsum nobis quaerat soluta natus consequatur sit laborum ut et voluptas laborum laudantium illum aliquam. Id eligendi sint necessitatibus quasi quae porro voluptas aut ad suscipit error natus nam et. Molestias itaque minima, explicabo quod voluptate omnis quis eius ut rem architecto dolor error praesentium. Voluptatem vel quo est rerum, exercitationem perferendis veritatis amet molestiae dolores nesciunt aut neque ea; enim quis ut ex consequuntur eum in, labore beatae cum architecto aut tenetur ad ut. Aut molestiae provident qui sit maiores eius molestiae, nam itaque minima fugiat delectus quae praesentium. Architecto asperiores, beatae mollitia voluptate velit culpa doloribus provident harum tempora architecto unde voluptatibus necessitatibus.\r\nIllo dolores, id et expedita aliquam odit exercitationem deserunt aut non voluptas quibusdam quo eum. Vel ut voluptas facere labore ipsa cupiditate veniam qui dolores animi quae eius unde vitae. Beatae perspiciatis eius omnis dolore, cum quis et deleniti in dolore consequatur saepe omnis quae. Deserunt nemo soluta qui, necessitatibus sunt libero quia ut est dolore ea at perferendis voluptas. Deleniti ut, veritatis quae sed ipsa asperiores rem ea placeat eligendi aut autem magni quae. Repellat quasi eius iste molestias dicta error et omnis ad qui corporis iste et earum. Sequi illo nemo qui impedit eligendi magni nesciunt voluptate beatae distinctio voluptas sit rerum ab.\r\nImpedit tempore in natus consequatur eius voluptates quia voluptatem ea illo nam ut explicabo ut. Cumque aut est dolore quo atque aut corporis enim hic quia asperiores magni pariatur sit! Error autem nihil laborum quo sequi adipisci impedit qui unde et perspiciatis esse est reprehenderit. Iste ut aut ullam consequatur ut id eum consequuntur aut repellendus natus ipsum necessitatibus voluptatibus.', 56635198.95, '21:03:35'),
(19, 'Jon523', 'Doloribus dolorem quia, aspernatur nihil veniam odit quo doloremque numquam odit error ut qui nulla; facere porro officia ut et voluptatem et tempore quo rerum qui voluptate ut quis mollitia. Rem omnis non, omnis sed officiis omnis recusandae non sit rem perspiciatis quod nihil rerum? Et nostrum veritatis ut similique iusto voluptas incidunt nostrum sed voluptatem ullam quia ut facilis; perspiciatis qui porro a veniam et ducimus quo enim eos et hic ad consequatur reiciendis? Ut amet non, eos et alias neque explicabo quidem nesciunt qui ipsa aliquid suscipit commodi! Cupiditate est obcaecati, eos iste tenetur est soluta id eveniet est et aliquid doloremque porro? Natus vel ipsum hic harum quae id beatae molestias eos illo quisquam hic non ex; quam officia et officiis est id officia et, illo a possimus ea molestias assumenda deleniti.\r\nEum debitis, tempora sit quibusdam nam dolorem aut explicabo sequi atque voluptatem nulla distinctio quis.\r\nNihil repudiandae et sit dignissimos, explicabo sunt nam eum perspiciatis quod animi omnis placeat sed. Delectus dolor quia ut cum totam magnam ea earum nostrum dolorum nisi ex voluptatem omnis. Error amet placeat velit sit voluptatem est velit amet unde autem nemo iste ipsa dolorem! Voluptatem voluptas soluta ut sit in quas ut voluptatem ullam molestiae est quam ex cupiditate. Unde sed ea recusandae, dolores illo aut iste beatae sit voluptas sequi corporis voluptatum ipsum. Consectetur nihil perferendis aperiam laudantium tempora consectetur at sit doloremque ut odio sint nobis necessitatibus! Consequuntur illo laudantium dolores ut ipsum totam ipsa minima qui sed, minus ipsam non porro; sequi quasi eos aut fugiat vero cum natus totam recusandae magnam quos in rerum vitae. Magni et praesentium nesciunt, veritatis natus sit maxime ut officiis non illo ut sit illo. Pariatur nam omnis nulla cupiditate quaerat eligendi libero est accusantium praesentium laborum unde vel nesciunt! Nobis facere unde dolor repellat exercitationem accusamus aut ipsum provident aut nulla aut eveniet laboriosam. Quam aut vel molestiae repellat eveniet sunt sapiente exercitationem fugit dolorem nam ex eum quis. Consequatur quaerat autem repudiandae odit rerum sequi dolores architecto ut perferendis maxime ad est corporis.', 67489163.01, '07:51:09'),
(20, 'Beau676', 'Non voluptas unde fugiat voluptas ut exercitationem et beatae omnis sit enim suscipit ut laborum. Voluptas non saepe aperiam dolor laborum iste porro animi odit aut aspernatur praesentium quasi culpa. Qui minus aliquam ipsam repellat veniam nemo natus et ut omnis harum aut iure optio. Distinctio aliquid voluptatem, magni expedita vel doloremque voluptate iure et omnis sed pariatur quod molestias. Quas in saepe soluta commodi et qui ut eligendi est odio possimus aut reprehenderit ullam. Ut illo suscipit nisi quisquam est eaque dolores molestias ratione saepe unde minus reiciendis quam? Porro excepturi voluptatem consectetur perferendis ut tenetur vero voluptatem debitis consequatur autem sed ea error. Aut incidunt, omnis deserunt iste et deleniti nam consequatur sed excepturi autem ut placeat quasi. Atque exercitationem repellendus neque natus ut dolorem, inventore quod autem qui velit quaerat omnis quibusdam. Quis ex alias, natus hic saepe sed excepturi qui at id velit iste repellat quis. Omnis doloribus tempora facere sit quia omnis incidunt corrupti saepe aut impedit ut voluptatem in! Consequuntur consequatur fugit minima facere et consequatur debitis ipsam placeat sunt ab voluptas veritatis sit. Tenetur amet sed itaque, est nihil provident consequatur fugiat deleniti qui vitae magnam iste fuga. Sed dolorem laudantium, aut totam nostrum voluptatem quia quaerat consequuntur et asperiores hic esse ipsa. Sit veritatis omnis doloremque distinctio quam obcaecati consequatur praesentium officia dolorem ut necessitatibus sequi et? Enim qui sed aut laudantium qui unde quia ut et iste est neque ea necessitatibus. Repudiandae minima eum et ut laudantium maxime sit dolore aliquam id earum praesentium facilis laudantium? Cupiditate consequatur voluptatem nihil vitae eum sequi voluptatum, rem fuga nobis sed debitis culpa sit! Quod corrupti sit blanditiis dolor laudantium iste delectus ut et iure culpa voluptatem necessitatibus quia? Omnis fugiat sed aut hic ea quia rem nobis accusantium, qui sit velit quia eum.\r\nEt ea dolore quo nemo neque sit ipsa esse quia tenetur fuga ut alias quia. Non sapiente qui, molestias inventore blanditiis est ad asperiores voluptas aut blanditiis velit voluptas qui. Est illo alias deleniti eveniet et reprehenderit accusantium voluptatem et ipsam ipsum voluptatem obcaecati labore. Fugit rem nihil, voluptas enim a maiores est non veritatis hic error quibusdam quam quia. Dolorem ea error officiis dolorem modi ut nesciunt assumenda inventore explicabo provident unde vel et.', -83.83, '00:13:54'),
(21, 'Lakisha1993', 'Id sed dolorem omnis iste omnis voluptas nisi repellat, nemo est officiis ipsum deserunt voluptatem. Nemo non ullam vel, at aspernatur illo labore rerum maiores sit voluptatum molestias voluptatem sint! Earum reiciendis, sit ut et maiores ea alias dolorem sunt dolor aperiam sed delectus nostrum; sit laboriosam sit fuga et quo accusantium necessitatibus aspernatur aut aliquid error et consectetur minima. Ut molestiae et voluptas sed quam sed sit sapiente cum dicta sed laborum et aut. Facilis non consequuntur rerum consectetur aut sit placeat corrupti perspiciatis aspernatur recusandae id voluptatem ea. Nostrum qui dolorem soluta, nesciunt dolorem voluptatem ut obcaecati quia aperiam natus nam ut quaerat? Ad qui, eos sunt rerum et nemo est ut corporis omnis iste obcaecati voluptas quos. Corporis rem et ut quis aperiam consequuntur velit quia repellat ad nostrum laudantium quo debitis. Vel hic, et placeat esse eum reprehenderit eius enim voluptatem impedit et eveniet id est! Ut omnis delectus et atque non dolorem neque exercitationem quidem ut vel et inventore architecto? A quia, ut quibusdam adipisci nihil quaerat recusandae quia autem expedita sit ut sed quasi. Obcaecati voluptatem maiores natus quia voluptatum, doloremque dicta cumque perferendis rerum et cupiditate vel esse! Tempora nihil reiciendis cum reiciendis quos culpa impedit dolorum earum cum et error eos expedita; nemo nihil commodi praesentium sequi sed suscipit nihil repellat, accusantium labore quia possimus et doloribus. Maxime fugit facere dolor voluptatem tempore exercitationem quia sit corporis odio, quia consequatur eaque commodi. Et in non, aspernatur maiores voluptas cumque et unde quasi ullam placeat eaque natus et; dolores iste et fugiat perspiciatis, unde autem consequatur laborum ut nemo provident eius accusamus est.\r\nFugiat a voluptatum ea voluptate omnis dolores fuga ex eius impedit facilis laudantium perferendis nisi; non magni eius sed non sequi omnis est consequatur explicabo itaque et aliquam quia sit. Perferendis odit laboriosam maxime et quaerat eos eius commodi est dolores vitae assumenda voluptatem est! Tempora reprehenderit ullam sunt eligendi voluptatem adipisci aliquam commodi repellendus autem sapiente voluptas architecto voluptas. Voluptatem sed et quae velit maxime delectus qui aspernatur nostrum voluptates temporibus eius consequatur architecto. Magni quia sequi autem ea alias ut nisi est necessitatibus consequatur quia ut autem quaerat! Officiis praesentium soluta consequuntur iure voluptatem sapiente incidunt aut recusandae quia consequatur autem odio architecto. Ea sed laudantium adipisci totam sed eligendi nam impedit rerum harum eligendi omnis iure et; et voluptatem commodi quia omnis impedit praesentium voluptatibus aperiam qui quia delectus qui unde quo? Tempore qui incidunt, esse nemo in omnis sit sed natus ullam dolorem excepturi eius vitae. Perspiciatis amet at, voluptates modi rerum et qui unde aliquam consequuntur minus nobis voluptas nobis? Quia quis iusto obcaecati mollitia numquam ut inventore ullam sed unde consectetur unde quibusdam porro.', -37916081.8, '01:35:50'),
(22, 'Moya393', 'Qui in error commodi dolore iste sit aliquam ut beatae iste aut natus libero voluptatum. Sunt ut ad ex, consequuntur enim vel modi sunt omnis unde ad exercitationem facilis quis! Fugit maiores pariatur enim sit minima facilis aspernatur ad cupiditate est natus omnis vitae esse. In quidem eius atque quibusdam asperiores nesciunt totam exercitationem magnam alias voluptatum est sed qui. Laudantium vel ea est nam quae doloribus aliquam aut est repudiandae ab qui id natus; tempore minus natus ut quam ducimus maxime ut nam perspiciatis aliquid cum delectus iste architecto. Aut totam tenetur illo aspernatur explicabo, obcaecati nesciunt quod cum ut ullam quisquam et sed!', 1590, '00:00:16'),
(23, 'Adell2025', 'Tempora eius molestiae vero quia facilis saepe, alias sed quisquam nihil eos aut perferendis accusamus. Molestiae facilis, quis consequatur est odio laboriosam fuga nihil qui vitae tenetur earum magni qui. Magni qui sit necessitatibus natus accusamus molestiae voluptatem similique error consectetur id sit voluptatem eos! Iste nisi velit, id a aut hic autem qui dolorem eaque autem fugit error corrupti. Voluptas et ex placeat qui perspiciatis architecto assumenda sed provident, velit sit reiciendis sed explicabo. Sed est ut explicabo rerum iste ad molestiae qui fuga voluptates aspernatur minima aut consequatur? Voluptates odio ut enim aut voluptatem beatae unde rerum dignissimos delectus in omnis est repellat. Voluptatem id nisi fuga voluptatem id doloribus necessitatibus et voluptatibus dicta quae distinctio architecto iste.\r\nTotam nulla cum amet consectetur quia perferendis id provident libero sit ullam temporibus molestiae quis. Et quis qui consequatur labore dolore sed veritatis harum temporibus voluptas cumque voluptatem sit corrupti! Ut similique, aut nisi ut dignissimos sit nihil aut fugit quia porro autem ut quas. Suscipit quaerat maiores aut quia est cumque hic dignissimos vel ea consequatur iste aut omnis! Molestiae aut at excepturi repellat deleniti in vero enim similique odit id odio sed provident. Doloremque totam perspiciatis sed earum tempora omnis delectus labore tenetur rerum, numquam sed labore dicta! Soluta sit sequi, itaque dolorem ipsum et omnis similique consequatur quia doloribus dignissimos sit et. Obcaecati itaque est obcaecati ipsa voluptas ratione dolorem dolor ad eum ut provident alias enim. Neque error laborum magni cumque voluptatem minima earum esse est asperiores quia natus repellendus fuga. Tempore ipsum voluptatem, aliquid porro natus cumque doloribus harum ipsum vel aspernatur maxime asperiores praesentium. Sunt voluptatibus ea sapiente aut non, suscipit rerum quasi voluptatem impedit quis officia aliquid iste? Molestiae aut et eos aliquam aliquid quis repellat molestiae nemo error veritatis et dolor repellat. Ex voluptatem voluptatum corrupti ipsum architecto asperiores unde est ullam adipisci corrupti dicta autem inventore! Voluptates quae incidunt delectus vitae omnis quam commodi ducimus aut vel quas odit error quae. Cumque laudantium aut qui, consequatur unde veniam iste fuga aspernatur debitis culpa esse placeat quia. Qui eaque omnis est recusandae voluptatem dignissimos sequi qui aspernatur nostrum reprehenderit enim et ipsam! Velit consectetur recusandae temporibus libero velit a inventore quo dolores qui aut quaerat velit optio. Id perspiciatis doloremque et aut sunt ut qui ut id at distinctio unde similique ut. Qui dolorum quaerat et a dolorum sint necessitatibus, tenetur et ratione atque eaque sint ullam.', 33744649.88, '11:35:36'),
(24, 'Holbrook1954', 'Beatae ullam dicta ut aliquid qui ut voluptatum possimus magnam consequatur eaque voluptate eos quis. Iste aut ut omnis officiis magnam voluptatem nemo est quia delectus et recusandae minus consequuntur! Esse qui dolore ut et perspiciatis soluta est recusandae laboriosam velit voluptas nisi tempore at. Exercitationem ipsam aut ipsam ut excepturi repellendus iste ipsa et unde libero corporis deserunt quisquam; enim optio non aliquid unde natus quis est iste optio distinctio numquam nostrum temporibus voluptas. Iste reprehenderit veniam unde dicta mollitia laudantium aliquid eius laboriosam dolore et eveniet nemo non; ut nihil rerum molestiae reprehenderit cumque perspiciatis eos impedit eum id laboriosam libero inventore quo. Qui nemo accusantium deserunt magni eaque non est eaque labore quis natus est veniam voluptatem. Et aspernatur corporis modi placeat ut eum ipsam voluptatem expedita minima officia pariatur molestiae et! Quo officiis incidunt qui ut maxime voluptatem, sapiente aliquid praesentium error optio accusamus quas rerum. Et quo eveniet sit quis, molestiae eos cupiditate sint aperiam corrupti qui fugiat ipsam sed; iste maiores molestiae vitae natus autem voluptate accusantium cumque non expedita debitis iusto dignissimos sint; suscipit ullam et velit est nostrum sit fuga et fuga repellat mollitia cupiditate asperiores dolores. Non modi sit ipsum sed nihil consequatur obcaecati eligendi qui consequatur accusantium voluptatem sunt magni; sequi delectus iste aut ipsum veritatis eligendi aliquid, asperiores neque iste libero voluptates sunt ex.', -14743435.46, '14:01:04'),
(25, 'Suzy361', 'Aliquam fugit recusandae quasi cumque enim possimus et maxime omnis accusamus laborum unde in quisquam. Numquam commodi alias omnis obcaecati reprehenderit aperiam praesentium est illo dolorem tenetur totam sint labore. Explicabo nulla sequi qui tempora sapiente numquam aperiam voluptatem, accusantium mollitia illum ut et exercitationem. Et dolorem reiciendis exercitationem quia, dolor praesentium dolorum dolores blanditiis sint iste ullam dicta excepturi! Alias repellat molestias est commodi porro nisi eius reiciendis voluptatem molestiae ducimus aut qui sapiente. Assumenda quas et eligendi vel iste fugiat debitis deserunt vel sit quo amet dolorem ea. Itaque et doloremque voluptatem qui quidem debitis corrupti voluptatum porro distinctio minima omnis temporibus officia! Sunt perspiciatis id dicta placeat repudiandae quia, quae totam non possimus accusamus ea sed et. Qui omnis qui et voluptatem velit, quasi quia eos eaque animi rem quibusdam iste nostrum. Illo ut labore amet quisquam ab dicta itaque eligendi recusandae et repellendus et eius non!', 39576047.36, '01:00:49'),
(26, 'Maurice2017', 'Nam autem unde temporibus est exercitationem vero consequatur culpa tempora possimus totam qui commodi natus; ut in rerum velit unde qui natus illo ut accusantium nostrum porro veritatis non temporibus. Totam unde impedit, natus eaque laboriosam ut molestiae iusto molestiae sint est natus cupiditate quae!\r\nCumque omnis aliquam quia facere rerum id architecto aperiam, dolorum quisquam nihil consequuntur aut est. Aut dolores temporibus tempore nostrum, iste omnis voluptatem impedit quisquam ratione eaque excepturi natus explicabo. Provident recusandae temporibus voluptatem error nisi expedita ut voluptates, et rerum sed maxime voluptatem amet. Vel ipsum non, perspiciatis unde sed praesentium et dicta in unde aut corrupti voluptate sit! Voluptatem est architecto molestiae culpa dolore omnis consequatur velit cum qui provident explicabo repellat perspiciatis. Et iusto rerum, omnis provident enim dolorem dolores vitae quam illum deserunt qui nostrum molestiae. Consectetur natus culpa perferendis quaerat sed et nesciunt ea minus, voluptatibus quisquam non distinctio assumenda.\r\nAlias obcaecati consequuntur ex sit sed hic quidem et reprehenderit quidem quo qui aut est. Quo esse aspernatur animi quia maxime eaque, sed nulla officia consequatur voluptas inventore eius expedita? A ab cum est aut reiciendis, quas nihil quaerat dolor autem cum praesentium laborum tempore! Dolor porro saepe voluptatem architecto pariatur quia et repellat ipsum consequuntur natus eos sed perferendis. Eos et omnis qui minima et, iste beatae odio rem ad maiores quis necessitatibus sed. Non nam unde aut magnam veniam quasi omnis voluptatem cum impedit delectus reprehenderit porro minima. Laboriosam est natus quod, reiciendis quod sint laborum laudantium delectus ad dolorum et est eum. Rerum sunt debitis minima harum a eaque error et illo sed qui corporis consectetur dolorem. Unde omnis porro adipisci quae laborum accusantium ea unde quod aut doloribus nisi et incidunt. Voluptatem quia quae modi consequatur dignissimos adipisci, quam consectetur at repellat ut placeat cum debitis. Et rem eum porro reiciendis totam consectetur magnam molestiae voluptatem qui incidunt voluptatem accusamus adipisci! Architecto rerum earum autem vero, accusantium aperiam tenetur nobis maiores nihil dolores voluptatem sed consequuntur. Repellat repellendus maxime, dignissimos quasi magnam non officiis consequatur ut soluta sapiente dolor quia aut; repellendus earum incidunt, et suscipit eum animi esse ipsum nulla veniam debitis et veritatis exercitationem. Est blanditiis sequi ipsum numquam iste sed totam repudiandae aut quia facere iste qui ex.', -8728387.94, '16:36:11'),
(27, 'Martin136', 'Sint hic, ea consequatur qui et nobis cumque aut qui suscipit autem et maiores quam. Omnis ut aut, rerum culpa consequatur exercitationem unde eum deserunt at architecto odio quis est! Harum error quod, enim explicabo perspiciatis iusto in aliquid sit sed est id omnis non? Illo aut nobis quo necessitatibus sit hic provident fugiat incidunt similique voluptatem voluptas sed qui. Minus praesentium sint non laborum soluta ut sed rerum sequi modi numquam laboriosam dolorum ullam. Quia ut, autem velit voluptatem rerum labore ab fugiat qui ut sed saepe accusamus voluptatem. Aut natus possimus ut unde nihil quibusdam distinctio quo natus quia sunt aspernatur nostrum minima. Veritatis sunt doloremque sed quo iusto natus velit rerum necessitatibus iusto obcaecati commodi iste mollitia! Iste obcaecati ea tempore rerum reprehenderit quo non nam et dolorem sunt, soluta dolores aut. Ut et atque illum hic sit sequi et quo consequuntur hic vitae id eius debitis. Rem suscipit libero dolorem, magni consequatur reprehenderit voluptatem rem laborum necessitatibus suscipit nemo rerum commodi? Consectetur omnis harum deserunt et perspiciatis amet ipsum eum in, qui ab molestias ipsa est. Hic repellendus iste dolor voluptatum sit laudantium eaque et hic in natus dolorum quis ullam! Facilis ut molestiae dolorem sed consequatur possimus et numquam, voluptatem fugit ut repellat et quam.\r\nUt qui modi cumque et eum ducimus ut corrupti odio harum commodi aut est obcaecati. Et est voluptatem magnam, officiis rerum modi iste placeat qui sit enim blanditiis recusandae quia. Id fuga voluptas voluptate facere ut quae dolores et libero, voluptatem perferendis veritatis rem veritatis? Reprehenderit sit quia rerum eum maiores voluptatum soluta totam perferendis dolore repudiandae sed non aperiam.', 77577547.12, '14:14:03'),
(28, 'Gurley966', 'Esse maiores voluptates facere ad voluptas autem perspiciatis rerum consequatur sit voluptas sed quas ullam. Aut pariatur sit temporibus nostrum quis aut sequi saepe temporibus rerum asperiores distinctio perspiciatis inventore. Optio nulla labore minima ab illo non est quia et consequatur tempore suscipit amet consequatur. Officiis sunt, qui sint perspiciatis aut eos modi in quod voluptatum perspiciatis at necessitatibus ut. Numquam ea omnis soluta deleniti et omnis laudantium tempore quidem consequatur sit laudantium rerum ad. Quas sit possimus quo qui expedita repellendus aut quis commodi labore est rem eveniet animi? Quae et consequatur odit est quo molestiae sit aut et odio culpa modi voluptatem unde; qui minus asperiores sed, blanditiis molestiae magni reprehenderit rem dolores veniam est omnis voluptas nulla. Rerum impedit unde ea quam vel repellat qui et non ut aspernatur architecto quia consequatur. Facilis unde praesentium inventore ea qui commodi numquam repudiandae esse totam molestiae blanditiis reiciendis omnis. Mollitia dolor obcaecati voluptas pariatur quos veritatis natus eligendi id aut animi repudiandae atque iste. Molestiae natus harum est nulla excepturi assumenda ut nostrum doloribus nesciunt et fugit cumque in. Corrupti exercitationem quia assumenda quae sed quia sed est veritatis nisi doloribus facere cupiditate ut. Incidunt suscipit amet natus aspernatur quia, animi voluptatem sed deserunt et voluptatem ut quam et...\r\nEaque quas dolor ut repellat voluptas quas incidunt qui tenetur iste rem unde nisi debitis; sit numquam non qui est ex unde neque placeat sint distinctio eos culpa ut vitae. Recusandae adipisci illum distinctio officia quod aut maiores error obcaecati harum distinctio aut eum vel? Non voluptas voluptatem reiciendis error inventore omnis, dolore voluptates consectetur nulla libero et ipsam ut.', 5.45, '00:00:01'),
(29, 'Serina1963', 'Ipsam perferendis non iusto in illum quo rerum sequi ipsam quibusdam veritatis qui modi blanditiis. Enim officia perferendis, hic omnis consequuntur vel laboriosam ut consequatur ab quis similique et laboriosam? Ratione non, necessitatibus ullam voluptas nesciunt soluta accusamus sed et voluptatem atque dolor eius consequatur. Qui laudantium consequatur debitis totam debitis accusantium quos sint beatae incidunt laborum pariatur illo incidunt! Similique quisquam unde sit sint, maiores qui unde qui molestiae impedit optio ea qui reprehenderit.\r\nVoluptas aut est quis maxime nesciunt eligendi pariatur et suscipit veniam optio adipisci quos quia; vel enim ad aut nulla, nisi corrupti eius harum debitis rerum recusandae et facilis dolorem. Qui dolore architecto dolor ipsum aliquam ad ea iste vel sit est et sed architecto! Sequi praesentium vitae reiciendis ullam animi velit quisquam praesentium officiis placeat et in voluptas voluptatum. Sed vero perspiciatis excepturi repudiandae dolor omnis sit saepe est laborum qui voluptatibus magni nihil? Ut veritatis non sed, a neque doloremque tenetur et facilis quia inventore aliquid expedita soluta; deserunt dolor, veniam voluptas sed obcaecati qui et qui unde amet quia delectus natus unde. Culpa voluptatem quo pariatur in vitae qui, laboriosam sit culpa sed accusamus vero omnis ea! Iste magni, natus ut qui ut nisi inventore rerum laudantium perspiciatis eligendi voluptatem ipsum quo. Qui praesentium est libero consequatur sed ut, officia doloribus ducimus modi et eius ullam culpa. Fugiat placeat aspernatur eveniet, voluptatem explicabo officia pariatur perspiciatis quo dolorem odio molestiae rerum architecto! Praesentium consequatur sint repellendus quia modi velit mollitia eligendi enim et incidunt nostrum eaque quia? Labore quisquam ipsa, dolore doloremque accusantium unde quas recusandae sed quae dicta quis consequatur molestias. Quae vero provident iste inventore asperiores obcaecati natus iure et dolores, delectus quae perspiciatis rerum! Quia asperiores voluptas perspiciatis sunt ut sunt, deserunt est sequi officia quibusdam rerum iste eius. Libero sint et odit rerum, ipsam et ab quidem et fuga in sit aut nobis!\r\nLaborum hic est vel quia tempora officiis inventore aut quae est et unde qui et. Atque necessitatibus sed voluptatem, ut adipisci omnis sed quis qui dolores veniam laborum alias qui. Ut id unde natus, quia ut harum accusamus repudiandae omnis excepturi rem obcaecati explicabo amet. Culpa ab id iusto ducimus ut quas suscipit dolorem ut laboriosam a neque quaerat unde. In labore perspiciatis quidem laboriosam esse quo dolorem eum voluptatem voluptatibus doloremque molestiae voluptatum consequatur? Et sit, voluptas ipsa porro voluptate et dicta quae cupiditate ea minus esse eum aut. Ut ipsa, illo nam perferendis a incidunt explicabo cum labore provident officia perferendis sunt blanditiis. Omnis non quia incidunt nemo perspiciatis hic molestiae illo voluptatem iusto laudantium ullam debitis necessitatibus. Perspiciatis quisquam est atque sunt, id nihil nobis labore excepturi quis eaque eos quae non! Voluptatem ex, quia eos libero et laborum qui et ut doloribus qui deleniti adipisci voluptatibus; est beatae corrupti sunt excepturi vel repellat voluptatem maiores qui cumque laudantium quos tempore eaque. Ut quasi recusandae reiciendis voluptatem soluta nihil facilis dolor inventore velit qui, quidem recusandae error! Voluptatem eligendi est neque incidunt nemo temporibus molestias incidunt unde error in velit eos ipsum.', -20748055.69, '02:49:26'),
(30, 'Holiday1953', 'Consequuntur nisi repellendus natus qui ea distinctio qui sed exercitationem qui sunt est iste nihil. Quis illo sequi dolores eligendi perspiciatis accusantium doloremque et sed fugiat repellat quo iste voluptatem; est beatae culpa quia enim reiciendis amet ratione cum culpa expedita qui sit aut dolor.', 73761151.8, '21:31:14'),
(31, 'Davidson2021', 'Qui corrupti reiciendis mollitia sit alias natus dolorem, alias ipsa earum vel et sed voluptatem. Quam omnis vitae voluptatem non consequatur laudantium est repellat impedit voluptatem dolores quasi consequuntur et? Dolores reprehenderit, aperiam et aut omnis inventore at a aut ut doloremque assumenda illo corrupti. Nesciunt voluptatibus unde dicta aliquid nisi est excepturi accusamus rerum accusamus nisi ipsam illum voluptate! Id iste non atque odit ut, quis maiores voluptates quo molestias quibusdam alias sit cum. Magnam unde possimus amet in nam non aut natus vitae eum quia voluptate voluptatem qui. Voluptatum sunt illo est aut omnis nostrum eveniet quo adipisci culpa adipisci voluptatem ut voluptas.', -68.05, '00:11:26'),
(32, 'Acker793', 'Dolorem fugit in explicabo rerum omnis aliquid quia earum qui voluptatem cumque aliquid vitae labore. Sunt officiis doloremque neque qui commodi error cum, unde reiciendis explicabo reiciendis asperiores nobis vero! A nam iste, est et corporis suscipit nesciunt unde excepturi deserunt optio debitis dolores sit. Quia voluptatem rerum quisquam alias quos molestiae amet ut eius molestias accusamus et voluptate aut. Voluptatem quo nisi error voluptatem inventore voluptatem nobis, itaque accusantium et illo et est voluptate! Quidem adipisci obcaecati autem, inventore rerum ea consectetur iste odit autem iusto quos ea laborum. Cum est, inventore assumenda et voluptatem aut a dolorem vitae aperiam natus iste assumenda est.\r\nVoluptatem ab eum vel et, eligendi culpa totam veritatis numquam accusantium ut qui voluptate voluptatem. Sed sit reprehenderit voluptatem accusamus et aut et sapiente blanditiis dolores officia dolores beatae ut. Enim aut, sed dolores voluptates laborum qui rerum voluptate ut dolorum et ipsa rerum nisi. Voluptatem ut omnis voluptas repellendus aut et nesciunt ipsum ut, officia aut nostrum aspernatur tempora. Eum et qui debitis ut quis quos sit modi inventore numquam, corrupti quis magni enim. Sit nulla atque illum distinctio ad eos consectetur illo et asperiores omnis ipsa molestiae rerum. Ullam voluptas soluta voluptatem facere repellendus modi laudantium rerum ut qui sit pariatur corporis omnis? Exercitationem et ut laborum et quibusdam magni suscipit sit ea dolor eius error nihil suscipit. Deserunt ut nihil, est iure eum quas sed vel possimus minus iure ex magni asperiores; laboriosam iusto aperiam quia sit nisi iste reiciendis aut impedit placeat aut iste aut quidem. Sed aliquam esse laborum et eos omnis molestiae tempore quas dolor alias laborum ad voluptatum! Nobis aliquam commodi rem suscipit voluptate aliquam perspiciatis et qui culpa dolorem et nostrum dolorem. Perspiciatis aliquid nihil consequatur quo aperiam omnis fugiat dolor voluptatibus, alias natus magnam voluptatem dolores.', 30883535.96, '01:12:11'),
(33, 'Manual1961', 'Facilis non sed dignissimos corporis, quo sed non ipsa error sed amet dolores ipsa est. Voluptatem asperiores enim, architecto aliquid aperiam itaque eum itaque sit incidunt rerum est sit earum! Aspernatur et odit ullam nemo delectus id rem error qui culpa consequatur repudiandae aut earum; harum ad, fuga maiores aliquid omnis soluta reiciendis voluptas quidem omnis temporibus excepturi in sit. Ut cum mollitia, itaque culpa est vitae sit voluptatem eaque consequatur dolorem rerum eaque est! Totam qui adipisci perspiciatis eos veniam culpa voluptas perferendis modi nisi ab error iusto cumque. Quo non quas ea reprehenderit rerum dolorem eaque optio ut non sed nisi officia sint! Doloremque ut fuga iste nemo, error aut voluptatem et sed maxime praesentium rem ut dolore. Adipisci ipsa commodi ipsa laboriosam est sit dolorem consectetur deserunt quia sint similique id numquam! Quo aut itaque qui quos sit sequi omnis in rerum voluptatum porro autem laudantium voluptas. Numquam aliquid laborum, labore ab voluptas voluptatem consequatur doloribus natus sapiente saepe error itaque ipsam. Et eos ea voluptas qui amet tenetur laborum sequi perferendis perspiciatis ipsum autem quidem quis! Laboriosam cum labore magnam sit sequi voluptatem iste ea culpa voluptate nulla maxime quia similique. Autem dolores omnis mollitia nesciunt qui laboriosam enim unde quaerat cumque maiores quo rerum ut? Quos esse illum, placeat qui aut debitis odio consectetur perferendis deserunt ut aspernatur a voluptates. Deleniti voluptatem culpa omnis corrupti eligendi consequuntur quis est perspiciatis corporis non doloremque repudiandae nisi. Voluptatem mollitia eius aut animi eveniet architecto ut voluptates et recusandae perferendis eos cum facere. Architecto necessitatibus et dolores sit iste, sint dolorum odit magni doloribus repellendus obcaecati fuga et! Consectetur mollitia impedit accusamus deleniti officia et quia odit, et eos maiores voluptas voluptatum temporibus.', 54859827.58, '20:37:11'),
(34, 'Jody24', 'Facilis hic provident quasi, inventore sunt ipsum quasi maxime qui eaque sint iure natus omnis.\r\nPariatur et ex cupiditate impedit cum sint eligendi aut cum perspiciatis at non perspiciatis doloribus. Rerum beatae harum voluptatem sint tempora quam neque dolores voluptas perspiciatis sit temporibus voluptatem omnis. Hic sed ut provident eius quo dolores ut accusamus laboriosam impedit dolorem est rerum temporibus. Dicta eos nemo, possimus est asperiores dolor voluptatem qui eligendi officiis consequatur neque repudiandae aut! Et unde commodi tempore voluptatem tenetur cumque incidunt iusto corrupti nihil alias dolorem eveniet nisi. Dolor recusandae velit omnis, natus aspernatur aut natus et corporis dicta qui ut distinctio esse! Nobis eaque non exercitationem ex voluptatem velit tempora officia debitis error perferendis sed aperiam est. Optio et at qui ut quas ut velit et qui sapiente quo error quibusdam aperiam.\r\nVelit sed et error quae magnam repellat ut obcaecati ut iure iste aut quis voluptatem. Incidunt et unde inventore dolore rem cumque incidunt ex dolor velit exercitationem sunt aut nobis. Ea dolor quidem iste id eos suscipit sunt sapiente neque eaque quam et aut odio. Exercitationem voluptatem vel natus culpa, incidunt velit dolor error omnis impedit hic sapiente rerum est; sit repellat maxime et dicta dolorem non maxime quae eos libero impedit temporibus aliquam ea. Omnis quae, omnis et qui repellendus aut quae consequuntur aut perspiciatis voluptatem quibusdam eveniet quaerat; eius dolorem numquam ut velit ea quae quam consequatur eum sunt voluptatum iure eaque dicta. Unde ducimus optio expedita omnis cumque eligendi commodi quod fugiat molestias nihil quia quis eius. Minima quaerat tempore corrupti velit exercitationem ea aut omnis dolorum unde sint et eum earum; nostrum tenetur temporibus, eaque et voluptatem ea adipisci ipsam qui dolores sit quod nobis omnis; quis non velit eos totam quaerat ex, consectetur et vero eum nisi eaque perspiciatis facilis. Suscipit quo quis sed officia impedit voluptatum dolore expedita modi sit aut unde recusandae et. Ut aut nemo fugit dignissimos sint voluptas repellendus, aliquid reprehenderit aut harum est ratione suscipit? Corrupti sed, nulla et ab natus sit doloremque hic natus autem ut corporis quam est. Perspiciatis modi sed deserunt, ab quia quasi qui illo nihil dignissimos omnis odio aut error; nulla eius autem quidem repudiandae velit itaque sed ipsa quae nulla et aliquid rem praesentium; debitis voluptas, obcaecati non error numquam ut laborum sit atque quia at excepturi tenetur voluptate.', -3765588.45, '00:52:22'),
(35, 'Chas5', 'Beatae possimus sequi dignissimos fuga est tempora consequatur repellendus eaque perspiciatis vel error sed labore. Porro quas, id perspiciatis asperiores illum et delectus sunt omnis nihil iste tempora velit molestias! Delectus dignissimos, repellat natus quia doloribus officia corporis non officia molestias eligendi enim voluptatem inventore. Est et cumque rerum mollitia voluptatem, impedit quidem inventore similique et totam mollitia corporis cupiditate. Voluptatem et corrupti omnis molestiae consequatur fugiat atque, at unde doloribus est non impedit esse; facilis sapiente id voluptates aliquid voluptatem asperiores voluptatem minus autem et ipsam distinctio repellendus blanditiis.\r\nCorrupti maxime omnis culpa voluptatem obcaecati quia dolorem neque soluta dignissimos beatae ipsa culpa molestiae; et iure eaque labore nulla voluptas nostrum et odit mollitia et velit architecto voluptate et. Quam itaque ullam est et sit culpa sed blanditiis perspiciatis dolorem quia mollitia rerum id. Et nihil dolore molestiae porro, consequatur et quis totam quis eum nam error sed doloribus. Libero natus soluta neque non, obcaecati sit placeat quis repellat quia vel ut dolorem rerum? Et nisi consequatur quaerat omnis molestias fuga reprehenderit provident temporibus libero error blanditiis aliquid consequatur. Perspiciatis rerum iure, nesciunt error eum perspiciatis autem natus quidem dolores deleniti quasi voluptatem reprehenderit. Repudiandae quia quibusdam non reiciendis error est consequatur voluptatem velit vero sequi tempore in asperiores. Assumenda fugiat qui ipsam, tenetur perspiciatis veniam repudiandae necessitatibus veniam et impedit sed ut voluptatem. Quam suscipit dolorem aut, suscipit voluptate ipsam odio eos qui praesentium explicabo quasi fugiat ipsum.', 45577261.7, '20:36:52'),
(36, 'Albertine2014', 'Eligendi sed eos vel ipsa, eveniet ut eveniet cum ut eligendi qui nam aut nisi. Et sed iusto sint sequi, rerum aut voluptatem et veritatis corrupti commodi eum magni velit. Voluptate vitae sequi iste animi, earum similique cupiditate quia aperiam odit vitae saepe non quia; molestias deserunt est placeat, rem magni non recusandae eum in voluptatem dolorem iure esse deserunt. Quas omnis quia temporibus velit, omnis sit aliquam adipisci labore et error quisquam ut fugiat! Quae qui enim dolores rerum nemo ut nesciunt velit dolor reiciendis quia ut architecto ut. Sed error omnis sint qui iste autem illo ut in accusamus quis voluptatem fugit ratione.', 51742454.61, '13:02:32'),
(37, 'Bacon112', 'Facilis sed dolor ex ut nisi officiis cupiditate ut sit molestiae tenetur minus nobis quis. Commodi ut maiores quisquam ipsam voluptates eligendi magnam quasi molestiae fugit ut odio eligendi harum.\r\nPossimus animi omnis eaque et, dolores pariatur et inventore aspernatur quisquam sit dignissimos sequi omnis. Quae enim voluptatem, facilis quis omnis soluta consequatur porro cum eaque sit ad et unde.\r\nSit aliquid accusantium unde, perspiciatis consectetur illo perspiciatis quia est rerum dicta sit et error; ea doloremque accusamus ut sunt sit accusamus obcaecati earum eum delectus sed excepturi corporis consectetur. Eligendi itaque sit qui sed rem vel minima dolorem perspiciatis asperiores fugiat atque tempora nostrum. Quaerat voluptatem sed hic veniam optio doloribus amet qui rerum unde omnis facere amet voluptatem. Corrupti quo quibusdam aliquid magni officiis qui est fugit harum nam quisquam asperiores maxime consequatur? Ipsam molestiae doloribus culpa aut sint nostrum vel voluptatem unde aliquam expedita et fugiat omnis.', 86.5, '00:00:09'),
(38, 'Lorine1962', 'Quidem aliquid impedit exercitationem praesentium enim unde consequatur et maxime sed doloremque non aut dolores. Assumenda quia ut voluptas et ad natus cupiditate provident et ratione ipsam ipsum omnis deleniti. Ex obcaecati nesciunt rerum labore odio quia fugiat consectetur quia et sunt ab in unde? Unde aliquid consectetur non ducimus quia commodi assumenda et qui labore beatae quia consequuntur enim. Eligendi deleniti doloribus tempora ut aliquid est vero quae vitae neque soluta aliquid ipsum est. Quam sed dolor id, et est maiores quod eum in dolor repellendus eos enim obcaecati. Facilis qui ullam ipsum quia eveniet sequi consequuntur perspiciatis commodi facere ut provident a ut; modi sed et perspiciatis et ex distinctio consequatur et, consequatur molestiae sit magni perspiciatis iusto. Facere dolore natus similique est labore sequi dolorem sed ut distinctio est omnis consequatur ut! Necessitatibus enim, accusantium velit dolorum distinctio facilis consectetur ullam doloremque inventore ea unde cumque corporis? Reprehenderit aut labore nemo placeat similique sit consectetur non voluptas, ut sed ut et quia. Dignissimos dolorem ab ut possimus deleniti adipisci eum laborum voluptatem error voluptatem magni illo sequi. Aliquid tempore dolorem modi quo officiis aliquid blanditiis qui unde distinctio aut cupiditate voluptatem eum. Quidem maxime sint, cumque dolorum fuga aut sunt ab neque quasi repudiandae sed eos qui; sapiente eos doloremque non perferendis voluptatem nostrum odit qui maxime sed cupiditate repellendus dicta corporis. Consequatur sit officia aut neque itaque sapiente ab aut architecto sunt officiis odit et natus! Maxime hic nihil minus culpa est ut dolor minima velit omnis incidunt et ut aut.', -33.87, '00:05:37'),
(39, 'Gabriel1986', 'Amet et quaerat et ut perspiciatis omnis quis iste pariatur culpa nihil ut rerum et. Sunt enim dolores omnis, deleniti dolorem architecto accusamus eum eaque modi omnis perferendis rerum aliquid; sed maiores velit eos asperiores inventore similique placeat sed ut dolorum dolorem sunt consequatur eos. Est blanditiis dolores consequatur expedita, rem modi ad exercitationem quo sunt sit et rerum et. Vero quos quia voluptatem, ut reprehenderit placeat velit ex ullam perspiciatis repudiandae enim eos alias. Assumenda modi distinctio ut, sit rerum blanditiis vitae ipsam placeat ut voluptatem hic est velit! Ut ipsa, et illum laboriosam dolores id recusandae atque id qui sunt necessitatibus quidem eius.', 61320519.6, '01:39:28'),
(40, 'Amos1985', 'Earum sint, temporibus nemo sunt doloribus iste quis non nisi vitae consectetur laborum et ut. Et inventore aliquam doloribus nisi et quasi, nisi commodi autem doloribus ut sed eum esse. Exercitationem omnis natus amet quia sed odit sunt sed est nihil voluptas a atque architecto? Aperiam magnam eveniet accusantium sunt, illum repudiandae praesentium dolores qui veritatis ut vero ut voluptatum! Explicabo consequatur a, voluptates non rerum magni quasi odit aliquam pariatur rerum ducimus iste expedita. Nam sit qui nisi sit ratione veritatis quis eum iste voluptas iure quae ex totam. Sed voluptas dolore voluptatem quis iste earum sit incidunt id provident et aliquid ad ullam. Ut qui ipsum doloremque voluptas perspiciatis, veritatis quisquam consectetur perferendis corporis aperiam eligendi quis corporis! Aperiam est earum dolores est natus sit nihil maxime laudantium repellat consequatur magni ut itaque. Doloremque similique inventore voluptatem ad quas est voluptatem consequuntur illo eos itaque iste labore explicabo. Non perspiciatis et sit quod et autem enim iste eligendi est sed provident et officia. Cum architecto, consequatur quae vel distinctio fugiat accusamus sed provident itaque nesciunt sequi suscipit optio. Assumenda totam sapiente nam ex, ut officiis quidem est commodi molestiae minus harum animi eos. Enim et, unde voluptate saepe voluptas et expedita voluptatem a voluptatem officia perspiciatis aut id; consequatur incidunt est error laborum placeat maiores quia odio minus aliquam rerum maxime sed assumenda.\r\nSed ullam et atque, ut perspiciatis asperiores exercitationem ratione sit ut autem laboriosam iste quia; quo eaque minima accusantium placeat et ut autem expedita, perspiciatis omnis error cum similique doloremque. Dolorem ut ipsa accusantium voluptatibus necessitatibus rerum sunt laudantium aut est tempora illo odio aliquam! Quia ut velit provident optio possimus et ducimus rem atque voluptatem officiis excepturi in repellendus. Voluptas nihil error aut et similique natus id enim dolore accusantium eos quas, neque totam. Voluptas qui laudantium quo ducimus omnis error est vero quod et quia iste officiis iste. Mollitia molestias tempore, ex quam ut aspernatur aut explicabo error repudiandae quas reiciendis rerum odio! Cumque magnam rerum esse numquam natus eaque ab est eius saepe ea maiores unde qui. Porro est quae dolor unde nam perspiciatis quod dolorum aspernatur est dolore odio neque nam. Sed qui quam tempora explicabo nesciunt qui autem ut officia aut repellat modi libero suscipit! Laudantium labore porro quis adipisci consequatur voluptatem dolorem nam omnis asperiores et deleniti quis nobis.\r\nLaboriosam qui placeat magnam est voluptas quis sed voluptates non ut velit aut nihil ipsam.', 7.66, '00:00:08'),
(41, 'Adrian746', 'Maiores consequatur natus possimus maiores ipsa voluptatum quis error, exercitationem illo quo voluptate sint ipsa; aliquam velit quis exercitationem aliquid a quisquam consequatur sed fugit cumque illum facere voluptatem natus? Omnis ad sed in, ex debitis error id illum ut et quisquam eum ut et. Ut voluptatem neque saepe dolor, molestias nihil sit error velit quod beatae consequatur rerum similique. Non minus labore dolores consequuntur quibusdam numquam impedit laboriosam voluptates iste rerum temporibus consequatur laboriosam! Accusamus veniam non omnis quia id porro sint in natus sed consequuntur tempore dolorum ut. Nisi error, voluptas nam sequi sed esse sit at nulla magni omnis illum magni laboriosam. Obcaecati reprehenderit impedit et velit facere, ea at necessitatibus eius corrupti temporibus quae ut quia. Ea cupiditate sunt ab molestias est suscipit sunt dolor iste doloribus repellendus sequi reprehenderit incidunt! Maxime dolorum dignissimos mollitia culpa et voluptates id vitae voluptatem omnis nisi inventore voluptas est. Voluptas quae ab et cum rem aut necessitatibus sit vitae id ullam veritatis quia minima. Reprehenderit et id sunt omnis unde soluta et omnis quisquam tenetur consequatur repellat ea corporis. Odio sequi unde numquam, sit praesentium et natus exercitationem nostrum asperiores ut harum aspernatur et; exercitationem accusamus eum sequi cumque at iste voluptatem unde sit excepturi sunt cupiditate sint velit. Quae magni odio veniam vel qui nulla fugit accusamus dicta veritatis provident labore praesentium est. Ut temporibus rerum autem maxime minus aut unde aspernatur ratione eius maxime aut et error. Dolor in dolor odio ut nulla ipsa quidem maiores doloribus id iusto omnis voluptatem impedit. Itaque iste sit vel amet et ut ipsum aut et laboriosam possimus fugit eum sit...\r\nNecessitatibus adipisci incidunt totam ut sit voluptas aut rerum sed quia dolorem quis odit corporis. Maiores autem, libero autem enim deleniti assumenda quo suscipit veritatis sit beatae et exercitationem atque! Impedit natus eius inventore ut nisi, et laudantium sed est maiores esse enim est aliquam. Quibusdam rerum ut natus, labore deserunt magni alias et qui consequuntur fugit cumque eveniet repellat. Expedita aut et, facere error possimus omnis libero maiores dolore officia eius vel temporibus nam. Laboriosam omnis quaerat sed assumenda dolor excepturi et culpa dolores et non ullam rerum omnis. Necessitatibus est obcaecati sit ullam non corporis aperiam voluptatem nihil vitae eveniet ea eaque et? Aut dolorem eius eos repellendus voluptas quidem sint, culpa laborum rem et perferendis quia modi...', 37668281.52, '17:20:23'),
(42, 'Rosenda299', 'Et vel ratione natus voluptatem aperiam architecto esse error dignissimos eum vel neque incidunt aspernatur. Delectus voluptatem et dicta ut illo pariatur numquam quidem qui suscipit eum sed, iusto iure! Unde saepe, sequi quis est quibusdam odit est magnam et dolorem voluptatem ut non nostrum. Corporis natus a, dicta omnis quia quisquam excepturi est eum quia corrupti nesciunt eveniet eligendi. Corporis sint et atque, ut eius reiciendis repellat consequuntur accusamus sapiente aliquid libero aperiam sunt. Recusandae non optio, sed quos eveniet id saepe aliquam iusto reprehenderit laudantium ut et quod. Asperiores quia nihil quaerat amet ut debitis ut quo placeat eligendi ut quae aspernatur totam. Ipsa reiciendis laborum error corrupti quod repellat sapiente quae consequatur sint minima sapiente voluptatem et? Dolorem aut at ea in neque debitis unde animi quis excepturi enim unde odit natus. Voluptatem fugiat qui ipsum, consequatur et aspernatur harum ullam fugiat accusantium aperiam eos possimus adipisci! Explicabo aliquam vel quia ut omnis est blanditiis dolores beatae fugit, et sed non quia.\r\nSed commodi tempora natus aut dolorem cupiditate laboriosam magni sunt sit consequatur iste beatae nihil. Quasi provident vel sit blanditiis, aliquam et vitae doloribus illum voluptatem voluptatibus natus nihil consequatur.', -380.19, '01:03:30'),
(43, 'Marisa2010', 'Perspiciatis dolorem tempora repellat nesciunt, quaerat quam harum quas quis voluptas voluptatem omnis quia qui. Rem et quod sit, error et dolores ipsa veniam illo cupiditate harum ducimus cupiditate nulla. Ut sed iure omnis rerum sint amet id facilis eius dolorem cumque autem harum autem! Dolorum earum accusantium dolor commodi aut et enim quidem eligendi voluptas perspiciatis consequuntur unde omnis. Non maxime voluptatem molestias ut aut et vero culpa possimus eaque eos, recusandae voluptatem reiciendis? Nesciunt ab magnam laborum est dolor odit sed vel in odit nemo eum qui omnis; omnis expedita ipsa qui ut aut aspernatur qui voluptatem molestiae cupiditate vero voluptatem labore qui. Ut dolorem atque nostrum amet voluptate non quia repellendus eius atque, iste id voluptatum eum; et magni temporibus fugit sapiente, vitae rerum dolorem voluptatem non reiciendis nobis ut enim obcaecati. Dolorum sit molestias dolore quis aut, sit asperiores sit natus molestiae mollitia at laudantium iste. Dignissimos id eveniet qui dignissimos minima soluta et vitae itaque voluptatibus corrupti numquam neque est. Omnis veniam inventore eveniet quae id ipsum, recusandae est aliquid voluptas laudantium aliquid amet ullam. Rerum cumque ratione ea officiis voluptatem sit nam in totam ut nisi soluta doloremque et. Qui esse, est dicta dolorem aliquid porro aut voluptatem aspernatur iste debitis voluptatum rerum sequi. Sint dolorum sit, corrupti laboriosam nisi aut dolorem aperiam nihil nostrum tempore quo beatae voluptatem. Odit vero laborum repellendus deserunt, totam ut error dolor ipsum illo soluta sint in laboriosam? Eaque non dolores omnis beatae accusantium quo vero qui quaerat quam aut perspiciatis aliquid accusantium. Iusto natus quisquam natus fuga et cum quas ipsam ea illum officiis sit voluptas natus! Impedit fugit officiis voluptatem eum consequatur doloremque odio voluptatibus deserunt ex veniam a nam quis.\r\nBeatae explicabo ad, et qui eaque ut unde commodi ipsum quia voluptatem iste eveniet omnis. Et quisquam voluptas voluptatem et neque eos voluptatibus accusamus doloribus error qui sit quia qui. Quis nobis voluptatem eaque veniam aut at temporibus est nesciunt quas aut dolor rem ut? Odit sit est quia aut sint ipsum dolores fugiat aut nemo minus cum sunt rerum. Amet ut doloribus voluptatem ea nemo incidunt omnis ut modi blanditiis nostrum recusandae velit quae. Aut illum, reiciendis vero sed impedit perspiciatis consequuntur qui voluptatem possimus totam eligendi et velit. Accusamus sit magnam impedit repudiandae dolore qui eos, voluptatibus sunt omnis dolores ea quia eum. Assumenda nisi unde ad quisquam quis sed placeat, aut necessitatibus qui hic consequatur fugit et. Rerum dolore dolores quo dolor quaerat quae, molestiae iure sequi alias qui minus exercitationem dolorem. Corporis earum dolor labore totam eius et omnis eius earum quia repellendus et nemo veritatis. Omnis quia dolores modi quibusdam non quo adipisci velit ut a enim ducimus est aut. Qui molestiae quis recusandae praesentium excepturi sit fugiat, error eum hic iste sint corporis corrupti; sit aut et explicabo reiciendis aliquam, error assumenda sit a odit provident accusantium laboriosam est...\r\nEa quia labore voluptas doloribus, veniam necessitatibus repellat rerum tempora cumque odio soluta et dignissimos; corrupti earum ab in ipsam ipsum atque tempore dicta ut quas et dolor et voluptatem. Hic non ut laudantium et, non et expedita rerum et sunt natus enim unde iure. Id est ea voluptatem iste sequi qui fugit deserunt eligendi dolores laudantium eligendi omnis molestiae? Aliquam voluptates necessitatibus harum error illo sunt eveniet id nulla et magnam consequatur est voluptatem. Iusto dolore error ullam quo ad voluptas vel et a incidunt qui odit aut omnis! Sint quia error est dolorum eum in tenetur consequatur atque qui sint doloribus quia iusto. Animi eum vitae nesciunt ex molestiae alias, nihil quas consequuntur voluptas facere rerum id aliquam.', 25723000.03, '23:47:34'),
(44, 'Windy2', 'Aliquam nulla maiores est sunt natus laboriosam dignissimos sint dolores autem ut quos ab quae. Voluptatem fugit repellendus commodi qui officiis ut omnis dolor dolores et ut eos blanditiis velit. Omnis maiores velit natus vel iste voluptates modi magnam quae quia unde iste odio qui! Animi quibusdam non numquam omnis alias provident quia quidem assumenda necessitatibus saepe voluptate exercitationem et. Iusto veniam ducimus voluptas beatae voluptatem esse, laboriosam dolor recusandae a cupiditate dolorum aliquid fugiat! Quia qui sequi, debitis voluptates sint qui in ut dolore nam nihil sit id sunt. Qui est, earum et modi est aliquam distinctio eaque ut doloremque autem consectetur temporibus totam; laudantium temporibus nihil, error voluptates ratione eius illum temporibus qui et ut quod voluptates error. Quas suscipit non qui, omnis ut aut id in facilis excepturi dolorum enim necessitatibus asperiores. Dolorum officia qui aliquid atque quibusdam fugit quo et similique adipisci et nemo omnis voluptas; et accusantium id quo iste omnis id nisi enim est dolore quo reprehenderit voluptatem ipsa. Optio quaerat cum quod id et voluptatum unde quo magnam vel magni nesciunt sunt doloremque? Qui tempore natus officia illum aperiam id iste sit, et sed ducimus quam et odit; natus nihil velit sed ex error unde est soluta esse nostrum aut corporis nesciunt modi; sint sed non iste, non earum reprehenderit sit dolore voluptate magni cupiditate suscipit explicabo aut. Provident consectetur maxime, et omnis voluptates possimus illo explicabo accusantium quia ut est nesciunt recusandae! Et excepturi eum quidem esse magnam cumque blanditiis placeat quia ut sed deserunt vitae sed.', -25787020.96, '08:40:38'),
(45, 'Marcotte8', 'Atque quasi autem sequi ex voluptatum doloribus incidunt et sit repellendus adipisci quis tempora doloremque. Officia aut quod aut aperiam, ut culpa voluptatem magni ut voluptas vero natus fugiat nobis! Sed quam debitis ut, est in voluptatem veniam quae similique culpa repudiandae dolor unde sit. Enim ratione nihil hic sit, architecto maiores animi excepturi labore facilis laborum est ut consequatur? Amet consequuntur dolor reiciendis deserunt non excepturi sint debitis, natus quibusdam ut aut suscipit neque. Vel debitis aut qui quia itaque qui itaque ut tenetur et quo ipsam molestiae harum! Esse earum enim sunt iure a ut velit amet quae voluptatum quisquam perspiciatis quasi ab; dolores ea voluptatem necessitatibus nostrum sit sint voluptates laboriosam nostrum pariatur eos soluta natus est. Reprehenderit accusantium molestiae dolore perspiciatis ut laudantium, ipsa et iusto omnis recusandae explicabo distinctio aliquid! Voluptatum rerum voluptatem suscipit, praesentium repudiandae qui quod ut dolorem perspiciatis sapiente non eaque quaerat; natus est similique, nam vel inventore fugit veniam sed veniam est eum voluptatem animi quibusdam. Nesciunt maxime, impedit neque vel ut autem iste est quia hic enim labore minima est! Sapiente totam porro tempora sequi quod qui ut enim omnis iure unde neque maiores molestiae. Sed deserunt quo et ex rem alias sapiente velit corporis in officia quae fugiat rerum. Vel est distinctio voluptas nulla quia dolores repellendus qui assumenda praesentium porro quo et non. Officiis ea expedita veniam cumque laboriosam error nemo est cumque ab officiis et numquam amet! Eum libero et fuga minus molestias sapiente provident ipsam in rerum eveniet neque rerum ea. Maxime nostrum ex veniam expedita est laborum explicabo obcaecati est repellendus fuga cum error in. Sit tempora iste aliquam ratione fugit eum dolores libero aut provident debitis dolorem aut molestiae.\r\nTemporibus debitis ducimus sunt molestias accusantium tempore perferendis incidunt ut et eos enim laborum natus. Voluptas dolor quia omnis et est qui ipsam modi consequatur suscipit voluptatem saepe labore facilis. Error expedita sit qui voluptas laboriosam omnis repellendus eaque sed expedita deserunt neque voluptatum dolorum. Necessitatibus praesentium ipsum est fugiat nihil illum saepe soluta cumque labore quod laborum aliquid recusandae? Cum doloribus aut voluptas, error dignissimos reiciendis dicta nobis impedit rem libero est blanditiis ullam. Eaque mollitia odio, rem laboriosam necessitatibus adipisci ut modi officiis animi officia qui quia rerum! Asperiores voluptate beatae nisi necessitatibus facere praesentium ut eius sed magni est enim quia sint. Id corporis ipsam nisi natus eum natus doloremque repellendus explicabo mollitia aspernatur deserunt cumque beatae. Expedita qui, corrupti fugit et error sed eveniet ut unde est sit minima non autem; error iusto delectus consectetur, tempora natus optio cumque veritatis et officiis dicta cumque atque sint. Molestias sunt dolores nisi non aperiam est totam non, omnis totam et tempore omnis enim. Illum maiores ratione qui consectetur, aut aliquam id sit rerum neque qui assumenda ut enim.', -27447167.46, '00:47:44'),
(46, 'Lennon1954', 'Voluptatem vel eos similique voluptatibus fugiat sed reiciendis inventore perspiciatis facilis quis iure perspiciatis quia. Cum voluptas cupiditate dignissimos eaque eum eligendi, ipsa ipsam tempore fuga distinctio temporibus incidunt mollitia! Maiores qui voluptatem quidem dolorum aperiam magnam dolorem eius possimus voluptatem nihil sed id quibusdam. Sint cum non qui voluptatem nihil aliquid dicta velit sunt excepturi error exercitationem illum est!\r\nQuibusdam voluptatem unde molestias est molestias voluptas laboriosam dolorem corporis et nulla iste dicta obcaecati. Omnis nesciunt non, eos unde illum vitae sit non natus illo quos vel consequatur voluptatem! Dignissimos laborum architecto hic eius natus tenetur illo omnis possimus optio qui non et consectetur. Tenetur illum iste aliquid iste voluptatem qui voluptatem tempore enim et sit deleniti dolor eos. Quibusdam magni sunt fuga non exercitationem est sapiente ut hic molestiae saepe dolorem iste accusamus. Velit iusto qui, labore unde atque error quae sit hic ullam eaque aliquam facere facilis. Voluptas illo labore possimus dolorem qui nemo fugiat ducimus unde et sit obcaecati fugit enim.\r\nSed eligendi consectetur et esse quia explicabo voluptas voluptatum error quidem laudantium sit aut aliquam. Sed quis tempora non accusamus molestias omnis cupiditate doloribus modi hic dolores in facere possimus; nisi voluptates omnis sed, eligendi obcaecati voluptas ut quia eum tenetur totam labore dolorem et. Aperiam perspiciatis officia mollitia reprehenderit est neque quibusdam ipsam voluptate architecto deserunt dolorem numquam ab. Velit adipisci ratione voluptatem expedita provident accusantium sunt in sunt reprehenderit nihil unde omnis officiis!', 54216705.73, '03:47:35'),
(47, 'Clemencia2002', 'Fugiat repellendus, aliquam ad culpa harum perspiciatis et cumque cum numquam dolorem voluptatem dolor minima. Minus et ut iste sint error rerum et reprehenderit quibusdam itaque consequuntur magnam ratione unde! Eos omnis voluptas itaque consectetur ea sunt fugit molestias quo sed voluptatem nam repellendus facere; aliquam nobis molestiae iste ut maxime reprehenderit harum repellendus et deleniti animi unde et iste. Repellendus corrupti blanditiis et iusto dolorem dignissimos, aut numquam aut sed hic ipsa ea eos. Facere velit illum est rerum et error, similique et beatae dolores porro repellendus qui incidunt. Itaque veniam cupiditate magnam dolorum et eius unde mollitia doloremque sint sunt vero sit et? Ipsa at earum repudiandae magnam enim est iste ut non sequi aut ea repudiandae nulla. Ea voluptatem id inventore, omnis aliquid sed qui quia aut vitae obcaecati facere illo aut! Velit sed ducimus explicabo quaerat quasi incidunt consequatur ipsum dignissimos exercitationem, natus doloribus dicta voluptatem. Sequi libero, perspiciatis ad rem dolor sit quia sit rerum quibusdam non et atque omnis...\r\nCommodi consequatur voluptatem asperiores mollitia saepe nihil sit tenetur temporibus et sed qui voluptas repudiandae. Sit odit ut cumque tempore ut voluptatem rem a itaque, est neque velit nihil quam! Consequatur repudiandae laborum voluptas vero sit, porro rerum ad natus et aut quisquam qui reprehenderit. Commodi vel quibusdam accusantium doloribus tempore beatae consequatur ut similique voluptatem quam ab quis sit. Ut ex sunt impedit, rerum voluptatem ad qui asperiores impedit beatae iure vel voluptas harum. Et quo perspiciatis illum consequuntur vel iste consectetur voluptatem magni sed perspiciatis ut, esse incidunt. Omnis qui sit et ad voluptatem veritatis hic minima facere pariatur facilis voluptatem aliquam natus. Autem ab sed, error eius non omnis temporibus magnam quam minus molestias deleniti consectetur numquam. Ratione maiores iste eos molestias quod corporis id et iste accusantium autem temporibus libero ratione. Illum accusantium sit est hic architecto corrupti veniam accusamus culpa officiis dolor iste autem error. Omnis ut in ratione possimus accusantium rerum nisi dolorem doloremque explicabo vitae iure tenetur laudantium! Enim obcaecati, error aperiam voluptatem et quos hic repudiandae dignissimos officia recusandae ipsam magni provident. Doloremque voluptatem et quaerat aut alias dolorum enim quia distinctio voluptas iure eos sit ipsum. Aut iste, quia unde molestiae aut tempora voluptas quaerat ipsum et mollitia dolorum ratione deserunt! Aut architecto, hic exercitationem sit natus aut atque sit inventore beatae molestias ex totam fuga. Aut quibusdam voluptatem ut cumque sit iusto adipisci aut officia et error autem sunt iure. Ut numquam ab est optio non, voluptatibus quos numquam eos qui aut natus ut consequatur!', -26795458.66, '04:36:58'),
(48, 'Beau1957', 'Pariatur et rem officiis est, quis ut hic fugiat voluptates est omnis quod accusantium consequuntur. Et debitis ea totam unde perspiciatis, quidem natus ut et tenetur ea a ipsa quia. Nihil et unde similique et voluptatem aspernatur et voluptatem ipsa sed, molestiae maiores maxime quae. Et provident fuga iusto provident est nisi excepturi aperiam sed, repellat minus unde dolorum ex. Corporis est, sed natus consequuntur quis debitis illo odit iure est nam hic natus sit! Ad et sapiente ut perspiciatis id consequatur commodi et explicabo eveniet mollitia aliquid veritatis sed. Ipsam aut et, qui non ut aperiam ipsa eveniet ut eum harum veniam quas totam? Perspiciatis suscipit qui voluptas eum quos corporis et nostrum at repellendus veniam autem error voluptatem. Ut consequatur beatae et animi cumque ipsum soluta tempore repudiandae debitis fugit voluptas omnis et!\r\nPerspiciatis iste quidem quia officiis sed sunt tenetur nostrum perspiciatis tenetur laudantium repellendus omnis laborum. Accusamus dolorum voluptate natus sed quia qui omnis odit tempore error vero saepe voluptatem voluptates. Assumenda ipsam, est ab quia aut rerum qui iste reiciendis ipsum animi labore dolores omnis. Maiores quisquam iure voluptatem nostrum quod cum sint fugit sint qui sint nulla quo eligendi! Cum sit, mollitia quae quam est dolorem aspernatur qui placeat et neque odit omnis sed? Sequi sit molestias deserunt perspiciatis consequatur corrupti maxime tempora possimus placeat sit qui at similique. Alias odio in ullam autem ipsum molestiae pariatur neque omnis facere ea rem aut sit? Dolor saepe nulla expedita pariatur voluptatem iusto earum qui autem consequuntur sit in et amet; sequi eum fugit dicta sint animi et, sint earum culpa dolorum autem eius ut aliquid? Amet sunt molestiae maiores dolore reprehenderit dicta iusto accusamus dolor recusandae sed porro inventore similique; odio est ut vel praesentium sint recusandae fugit tempore dolorem nostrum sint sed delectus asperiores. Rerum sapiente quas vel natus voluptas voluptatem aut similique sed itaque dicta labore non et? Qui nemo impedit ipsa vero maxime, sed velit hic rerum necessitatibus quia qui dolores voluptate; et error unde quia ut laudantium delectus iste natus sint et numquam ut illo aut. Iusto illo molestiae natus in enim laborum et esse illum non corrupti perferendis in blanditiis. Sit nobis, aliquid unde deleniti et sed non repellat delectus sed minima pariatur assumenda repellat. Provident sunt velit fugit laboriosam repellat laboriosam illo veniam tempore qui et, quaerat exercitationem commodi. Dolores aperiam placeat iure tenetur veniam voluptatibus, minus soluta voluptas voluptates natus ut sed placeat.', 33835868.53, '04:48:17'),
(49, 'Marylin1970', 'Aspernatur quae earum in cupiditate unde iusto praesentium delectus aut fugiat dolores nostrum nobis quibusdam. Illum error fugit, atque exercitationem in iste provident soluta reiciendis sit ea non inventore sit! Ut sit ad sit illum veniam nobis veniam ut nobis nisi placeat et velit iusto. Inventore est dolor voluptatem magni maxime necessitatibus quaerat doloribus architecto nemo dolorem nostrum quisquam autem. Non sed maiores esse quo non eum eius praesentium modi velit in qui dignissimos perspiciatis.\r\nIste aliquam ullam rerum enim distinctio beatae natus fugiat temporibus nam non molestiae beatae tempore. Est qui esse quam voluptates error possimus animi deserunt eligendi natus nulla at neque aut. Error voluptatem quod in sit corrupti ut alias est voluptas quod alias facere omnis eveniet; obcaecati qui perspiciatis aliquam sequi neque qui et eius omnis qui accusamus consequatur omnis ducimus. Perspiciatis beatae soluta esse ad sequi maxime deleniti omnis harum, id dicta modi fugiat doloremque. Veritatis ad tenetur voluptas et voluptatem corporis eligendi et eaque eos ut repellendus sequi unde; quas perspiciatis est quidem atque ut recusandae et aliquam veniam accusamus perferendis laudantium possimus debitis. Debitis aperiam eveniet vero culpa quos velit animi ab eaque maiores, ab ut sed eveniet. Pariatur omnis dolorem vel possimus accusantium earum voluptates et aspernatur, dolorum tenetur sint laboriosam ut.', 90726946.67, '16:28:11'),
(50, 'Barksdale2021', 'Voluptatibus illum quis unde sequi voluptatem iste, repellendus nostrum iusto unde est quia est ut. Dolor sit commodi ea nemo adipisci libero qui sunt magni ut sapiente ad est tempora; delectus incidunt, unde temporibus quo ut error delectus sed deleniti omnis placeat dolores magni est. Error voluptas dolores non quo ea, sunt esse accusamus suscipit voluptas facere distinctio eveniet et. Natus provident quos consequuntur ex quod esse culpa voluptatem quibusdam vero nostrum repellat omnis perspiciatis. Inventore nulla, quidem suscipit id laboriosam dicta temporibus excepturi molestiae vitae aut ut quos deserunt? Eum molestiae est maxime pariatur quod et qui culpa impedit, ipsa unde ratione quidem nobis! Tenetur sit iure vitae et consequatur cupiditate dolore, magnam omnis modi sit optio error eaque. Sit ea ut explicabo et odit repellat quidem ipsam officiis at voluptatem quisquam at quo...\r\nAut porro et voluptatem temporibus deserunt laboriosam qui quia, rerum minima voluptas rerum dolorem aut. Unde voluptates vel nobis aut sed voluptates maxime omnis et, sint qui ipsa laboriosam sed. Natus est et odio dolore, eos aperiam blanditiis voluptatibus id aperiam soluta et exercitationem minus.', 6874239.7, '10:00:06');

--
-- Inserting data into table Supplier
--
INSERT INTO Supplier(SupplierID, Name, AddressID, Phone, Balance) VALUES
(1, 'Emelda2017', 1, '(675) 807-3824', 50969270.16),
(2, 'Carson2005', 2, '(369) 407-1646', -71934724.2),
(3, 'Batista2018', 3, '(916) 760-7727', 7691.7),
(4, 'Elizabet2011', 4, '(959) 531-2195', 65085762.53),
(5, 'Racquel2027', 5, '(165) 721-8789', 50736952.21),
(6, 'Tommie1', 6, '(828) 426-7811', -2881.38),
(7, 'Overstreet2020', 7, '(263) 316-3708', -64772097.8),
(8, 'Shanta888', 8, '(717) 108-6962', -17676443.07),
(9, 'Lester1959', 9, '(684) 597-6749', -6776617.02),
(10, 'Peter714', 10, '(245) 593-2303', -97385200.79),
(11, 'Groce1', 11, '(117) 786-0659', -96848185.37),
(12, 'Whitley1973', 12, '(862) 112-6427', -45510576.9),
(13, 'Akilah772', 13, '(764) 093-7727', -96751122.19),
(14, 'Barrett231', 14, '(723) 493-1032', 2816.41),
(15, 'Damon6', 15, '(476) 040-9572', -78320152.07),
(16, 'Steven783', 16, '(885) 204-7547', -20828257.9),
(17, 'Mcgehee2009', 17, '(136) 589-6011', 13.57),
(18, 'Bruno2014', 18, '(951) 076-3780', -21881709.62),
(19, 'Green1950', 19, '(153) 586-7448', 55943368.87),
(20, 'Couture889', 20, '(836) 061-0486', -594.79),
(21, 'Abernathy913', 21, '(558) 958-0351', 14.17),
(22, 'Domingo666', 22, '(235) 465-9743', -37291598.71),
(23, 'Acevedo48', 23, '(825) 152-5325', -27957069.26),
(24, 'Agustina1974', 24, '(270) 720-3255', -37513010.38),
(25, 'Lucio1976', 25, '(160) 668-1799', -19501107.74),
(26, 'Clarke2012', 26, '(725) 367-0378', 6.58),
(27, 'Aiken136', 27, '(778) 329-7665', 89375794.68),
(28, 'Adolph39', 28, '(457) 935-4952', -15262997.69),
(29, 'Keck2027', 29, '(945) 752-1984', 59948118.64),
(30, 'Benjamin1976', 30, '(556) 322-5070', 71276253.71),
(31, 'Maness238', 31, '(137) 962-0443', -92926184.63),
(32, 'Deandra688', 32, '(543) 177-2454', -24166464.45),
(33, 'Elmer1991', 33, '(188) 702-2495', 60649261.26),
(34, 'Borges914', 34, '(616) 389-1073', 3256.07),
(35, 'Abreu478', 35, '(138) 945-6952', -5.61),
(36, 'Addie685', 36, '(821) 784-2252', -99311502.59),
(37, 'Akilah358', 37, '(976) 248-2648', -7975.43),
(38, 'Lynnette1989', 38, '(913) 038-0456', 97.74),
(39, 'Rochel848', 39, '(964) 220-7648', 40246210.58),
(40, 'Tim873', 40, '(105) 749-0490', -41022645.2),
(41, 'Lyle1961', 41, '(802) 077-8941', 24551771.76),
(42, 'Abney1972', 42, '(352) 549-7941', -64.39),
(43, 'Buck1999', 43, '(467) 235-9355', -89945833.54),
(44, 'Carolann2018', 44, '(450) 431-4016', -126.96),
(45, 'Thao361', 45, '(673) 865-2918', 53528795.32),
(46, 'Chance1972', 46, '(438) 688-6511', 20906021.79),
(47, 'Freedman722', 47, '(301) 857-8271', -85081073.53),
(48, 'Cherri264', 48, '(401) 793-0904', -6.31),
(49, 'Bobbi2014', 49, '(207) 259-4229', -42045155.08),
(50, 'Abraham22', 50, '(486) 255-5123', 524403.4);

--
-- Inserting data into table User
--
INSERT INTO User(UserID, Username, Password, Salt) VALUES
(1, 'Goforth2012', 'O9K4M1R', 'N7'),
(2, 'Obryan1976', '1YK986', 'LF2HW8D63B414X2H2'),
(3, 'Bellamy1971', 'SBI', 'RTL'),
(4, 'Danner8', 'L', '1'),
(5, 'Dennis1954', '3P9', 'ASLH5396AL0ZDA2'),
(6, 'Mauldin498', 'EUTVO6NG718Y6', '0T04D3K0VG2'),
(7, 'Randy2001', '421X65A8E9', 'M3RZX32768PQ8'),
(8, 'Veda226', '3', '9WN9TF56'),
(9, 'Alexander2026', '23', '0'),
(10, 'Adolfo1994', '34', '9'),
(11, 'Leon825', '22XQ7', '32S8K'),
(12, 'Clare533', '4812', 'T5SY7QF8IW9'),
(13, 'Ollie141', '8', '0HLPNW'),
(14, 'Wheat585', '54Z3IAC59', 'X958RA'),
(15, 'Paris1967', '14', 'J'),
(16, 'Cheung1950', 'G', '8WT38'),
(17, 'Kelvin1951', '3CJ', '98W2'),
(18, 'Daren1996', '7MM', '8L'),
(19, 'Alvarado1950', '8CLDPZ3T9WJ29R1', 'I079507958GQ61'),
(20, 'Mackay31', '5Y75NYY458', 'DT013'),
(21, 'Deangelo511', 'L2AJ9MT', 'ILI0P82C'),
(22, 'Emeline1958', '18D8JW80Q5W3ICSC84', '4X'),
(23, 'Catron338', '2', 'YM481VE1550AG124P0L4ZJOR438'),
(24, 'Johnna2017', '0ZQ', 'NLT4G55Y'),
(25, 'Pickett2027', 'R2', '5Z79YJ1L'),
(26, 'Dion2020', '5FK17RPY', 'A861O3DBH78HS218QU9HS97Z3'),
(27, 'Kasey1987', 'H', '5MS'),
(28, 'Renato2024', 'HCQYH', '5'),
(29, 'Genesis163', 'R5', '34'),
(30, 'Spearman2016', 'UK158S3289S68V424', '4Q0GSQ'),
(31, 'Helene142', 'OZZ', 'K7RY2W3050K'),
(32, 'Violeta2015', 'GW3BNRF', '2F2'),
(33, 'Abbie2028', 'Y96P9FTOCCV47048M07CQ5J78', '387SZE7'),
(34, 'Noel2000', '290620YQE1', '55B7MJ'),
(35, 'Anaya4', '7R4', '9'),
(36, 'Conception2023', '1MDGD13B9N513L2QKOW934', 'WRS0W01NNU7'),
(37, 'Elroy1993', '551PN', 'H'),
(38, 'Michael1965', 'D', 'U'),
(39, 'Regina2022', '57945Q6PH93M70Q3R58D63B3584', 'V7'),
(40, 'Dayna2', 'LI0D0OT5', '7'),
(41, 'Refugio168', 'Y2317M1J', 'R'),
(42, 'Alda386', '6PJ', '1YJD3396NC308P401G0371356'),
(43, 'Zachariah261', 'Z7G7', 'CGS3CTJBY62ZVLVC'),
(44, 'Fitch79', 'H1666DMB82X80L0E8I', 'D9EIAO5VVZ01X6XRS0695'),
(45, 'Greiner1973', '6963082', '8941U'),
(46, 'Nicolas1957', 'M228', 'MRLFA6'),
(47, 'Tomiko1994', 'F277', '7'),
(48, 'Sinclair2017', '5DED', 'EJ5'),
(49, 'Ethan971', '4', '0'),
(50, 'Ali2027', 'Z7VN0L391', '60Y5SS52OET437JE');

--
-- Inserting data into table CustomerTransaction
--
INSERT INTO CustomerTransaction(CustomerTransactionID, CustomerID, ServiceID, Date, AmountCharge, Description, Satisfaction) VALUES
(1, 13, 33, '1983-11-05', 62, 'Quaerat et omnis. Porro.', -8),
(2, 29, 37, '1980-04-27', 60, 'Sint rem. At repudiandae!', -37),
(3, 32, 41, '1981-04-15', 34, 'Cupiditate ducimus. Inventore!', -104),
(4, 48, 39, '1970-03-09', 12, 'Recusandae est quos id et.', NULL),
(5, 12, 38, '2004-05-08', 25, 'Quaerat molestias. Ut sit.', -75),
(6, 33, 33, '1992-02-12', 21, 'Cumque quia. Laborum voluptas.', -47),
(7, 4, 4, '2016-05-22', 59, 'Incidunt ex; nihil est?', 66),
(8, 4, 15, '1985-05-28', 23, 'Qui voluptatem temporibus.', 51),
(9, 19, 42, '2006-01-19', 23, 'Voluptatem labore.', 35),
(10, 1, 41, '2012-10-30', 87, 'Quia doloribus dolores.', -107),
(11, 48, 31, '1999-02-14', 1, 'Nisi quaerat. Perferendis;', 111),
(12, 46, 23, '1971-09-05', 66, 'Provident et ex. Voluptatem!', 113),
(13, 47, 6, '2010-11-18', 33, 'Non cum. Iste natus!', NULL),
(14, 26, 29, '2004-04-28', 72, 'Sed sit et animi ratione;', 2),
(15, 10, 22, '1992-11-09', 14, 'Voluptatem non. Unde.', 20),
(16, 39, 17, '1970-01-01', 40, 'Molestiae quo. Quo sit.', 58),
(17, 19, 49, '1997-08-30', 8, 'Facilis rerum. Quo et.', 124),
(18, 24, 16, '1999-05-17', 91, 'Dolorem illo. Sunt qui error.', 15),
(19, 11, 25, '1994-09-12', 62, 'Modi incidunt. Ea vero;', NULL),
(20, 42, 47, '2004-03-07', 39, 'Numquam commodi eius eum.', 119),
(21, 1, 1, '1976-05-04', 8, 'Qui rem quia. Tenetur aut.', 100),
(22, 23, 7, '2016-09-05', 80, 'Quas modi cum. Iusto illum!', -15),
(23, 25, 32, '1970-01-09', 32, 'Maiores nesciunt. Pariatur.', -13),
(24, 24, 21, '1984-03-17', 90, 'Deserunt accusamus. Nostrum.', -85),
(25, 32, 45, '2014-05-18', 64, 'Repudiandae nemo possimus.', -5),
(26, 7, 30, '2014-12-20', 2, 'Reprehenderit aut cumque unde.', -105),
(27, 34, 49, '1970-03-06', 54, 'Quo ex. Ea laborum doloremque.', -98),
(28, 24, 31, '1970-01-03', 35, 'Incidunt laborum ut sunt.', 4),
(29, 25, 32, '1987-04-11', 1, 'Voluptatum ab nam in.', 57),
(30, 2, 37, '1981-08-13', 38, 'Officiis neque autem.', -103),
(31, 16, 32, '1970-04-08', 5, 'Sed eos. Sed aspernatur.', -13),
(32, 25, 19, '1986-02-13', 26, 'Ratione tempora nihil in.', -8),
(33, 25, 38, '1988-04-04', 78, 'Aliquid facere aliquam...', 65),
(34, 24, 31, '1976-07-08', 78, 'Nostrum voluptas. Omnis.', 0),
(35, 28, 25, '2001-10-18', 64, 'Et officiis.', 103),
(36, 24, 42, '1998-05-25', 83, 'Est sed nam iusto.', 105),
(37, 11, 4, '1980-11-08', 43, 'Hic dolorem est; at illum.', -113),
(38, 23, 37, '1989-03-25', 1, 'Modi repellat quia.', NULL),
(39, 39, 24, '2014-11-30', 48, 'Impedit ut. Commodi atque.', -123),
(40, 27, 43, '1976-01-13', 8, 'Expedita inventore molestiae...', 73),
(41, 43, 44, '1975-04-06', 85, 'Accusamus enim est omnis;', 120),
(42, 49, 44, '1970-01-07', 24, 'Voluptatem amet. Recusandae;', -59),
(43, 14, 25, '2020-09-06', 99, 'Voluptate sed. Fuga et nobis!', 120),
(44, 7, 50, '1971-07-29', 27, 'Tempora vel. Mollitia error!', 94),
(45, 10, 50, '1970-01-05', 78, 'Qui molestiae sequi.', 8),
(46, 13, 30, '1970-02-10', 33, 'Fuga inventore vel quia ipsam.', -105),
(47, 20, 8, '2015-01-20', 8, 'Sint sed; aut ipsa.', 75),
(48, 26, 37, '2003-09-06', 26, 'Sequi quae rerum voluptate.', 63),
(49, 37, 29, '2003-11-27', 21, 'Eos quo; consequatur rerum.', 120),
(50, 6, 24, '2011-09-28', 66, 'Ut labore. Quo quibusdam?', -16);

--
-- Inserting data into table Employee
--
INSERT INTO Employee(EmployeeID, FirstName, LastName, AddressID, Gender, DateHired, PositionID) VALUES
(1, 'Tran', 'Harmon', 1, 'F', '2019-10-10', 35),
(2, 'Abel', 'Pereira', 2, 'F', '2018-12-30', 22),
(3, 'Elbert', 'Talbot', 3, 'M', '2017-04-12', 43),
(4, 'Hubert', 'Dougherty', 4, 'F', '2011-05-27', 6),
(5, 'Aldo', 'Zamora', 5, 'F', '2020-05-22', 2),
(6, 'Yoshiko', 'Knowles', 6, 'M', '2010-01-03', 48),
(7, 'Agripina', 'Collins', 7, 'F', '2012-11-16', 15),
(8, 'Audrie', 'Bolin', 8, 'F', '2017-10-19', 15),
(9, 'Julie', 'Goble', 9, 'M', '2017-12-21', 1),
(10, 'Randa', 'Colon', 10, 'F', '2020-01-26', 41),
(11, 'Juan', 'Harms', 11, 'F', '2017-06-27', 25),
(12, 'Fletcher', 'Mcmahan', 12, 'M', '2019-01-03', 25),
(13, 'Shellie', 'Talbott', 13, 'M', '2020-09-15', 5),
(14, 'Darrel', 'Doughty', 14, 'M', '2020-08-20', 2),
(15, 'Man', 'Knowlton', 15, 'M', '2017-03-14', 42),
(16, 'Arron', 'Perez', 16, 'F', '2010-06-24', 23),
(17, 'Lucius', 'Zapata', 17, 'M', '2019-05-08', 39),
(18, 'Francisco', 'Talley', 18, 'F', '2015-11-07', 2),
(19, 'Macy', 'Harness', 19, 'M', '2012-07-13', 25),
(20, 'Emil', 'Zaragoza', 20, 'F', '2019-05-08', 29),
(21, 'Alisia', 'Boling', 21, 'F', '2015-07-28', 42),
(22, 'Maurice', 'Knox', 22, 'F', '2019-07-06', 13),
(23, 'Barb', 'Goddard', 23, 'F', '2013-11-23', 38),
(24, 'Stephen', 'Tamayo', 24, 'M', '2018-08-12', 8),
(25, 'Avery', 'Douglas', 25, 'M', '2019-06-04', 22),
(26, 'Gail', 'Colson', 26, NULL, '2015-06-27', 45),
(27, 'Crystle', 'Bolling', 27, 'F', '2011-01-18', 45),
(28, 'Hazel', 'Mcmahon', 28, 'M', '2017-09-22', 45),
(29, 'Jewel', 'Perkins', 29, NULL, '2019-06-08', 37),
(30, 'Manual', 'Harper', 30, 'F', '2019-10-29', 46),
(31, 'Adan', 'Mcmanus', 31, 'F', '2020-02-04', 42),
(32, 'Adah', 'Zarate', 32, 'M', '2019-07-20', 39),
(33, 'Lannie', 'Tanaka', 33, 'M', '2010-06-22', 9),
(34, 'Pierre', 'Colvin', 34, 'M', '2014-09-28', 39),
(35, 'Winfred', 'Knudsen', 35, 'M', '2019-04-26', 26),
(36, 'Salina', 'Zavala', 36, 'F', '2018-08-14', 39),
(37, 'Jeanette', 'Godfrey', 37, 'F', '2020-01-11', 49),
(38, 'Freeda', 'Tang', 38, 'M', '2010-04-06', 40),
(39, 'Doreatha', 'Harrell', 39, 'M', '2018-07-18', 46),
(40, 'Allan', 'Perreault', 40, 'M', '2019-02-10', 42),
(41, 'Jean', 'Knudson', 41, 'M', '2019-10-11', 49),
(42, 'Anisha', 'Bollinger', 42, 'F', '2012-03-28', 41),
(43, 'Lakeshia', 'Douglass', 43, 'M', '2020-04-24', 36),
(44, 'Raeann', 'Colwell', 44, 'M', '2019-10-02', 24),
(45, 'Marlin', 'Bolt', 45, 'F', '2010-10-18', 34),
(46, 'Aleen', 'Mcmaster', 46, 'F', '2015-01-09', 16),
(47, 'Venessa', 'Zeigler', 47, 'M', '2017-08-17', 15),
(48, 'Andres', 'Perrin', 48, 'M', '2020-12-08', 5),
(49, 'Waltraud', 'Mcmillan', 49, 'M', '2011-04-21', 36),
(50, 'Retta', 'Tanner', 50, 'F', '2019-04-06', 16);

--
-- Inserting data into table Account
--
INSERT INTO Account(AccountID, UserID, EmployeeID, CustomerID) VALUES
(1, 29, 32, 24),
(2, 24, 23, NULL),
(3, 26, 41, 21),
(4, 2, 21, 28),
(5, 13, 32, 34),
(6, 9, NULL, NULL),
(7, 31, 18, 13),
(8, 50, 40, 39),
(9, 6, 3, 12),
(10, 46, 22, 20),
(11, 33, 28, 8),
(12, 40, 1, 4),
(13, 19, 44, NULL),
(14, 44, 6, 27),
(15, 14, 31, 29),
(16, 25, 47, 33),
(17, 20, 50, 26),
(18, 36, 42, 38),
(19, 16, 48, 33),
(20, 16, 11, 13),
(21, 4, 34, 28),
(22, 29, 24, 2),
(23, 33, 6, 36),
(24, 10, 8, 47),
(25, 30, 16, NULL),
(26, 38, 18, NULL),
(27, 34, 11, 41),
(28, 9, 22, 7),
(29, 13, 40, 7),
(30, 7, 38, 12),
(31, 23, 33, 15),
(32, 30, 24, 10),
(33, 25, 8, 33),
(34, 46, 2, 35),
(35, 41, 49, 44),
(36, 40, 45, 6),
(37, 15, 4, 39),
(38, 22, 12, 49),
(39, 4, 49, 48),
(40, 3, 16, 6),
(41, 23, 12, 18),
(42, 29, 30, 27),
(43, 32, 24, 23),
(44, 22, 11, 40),
(45, 9, NULL, 15),
(46, 34, 22, 38),
(47, 32, NULL, 49),
(48, 6, 6, 41),
(49, 22, NULL, 17),
(50, 29, NULL, 22);

--
-- Inserting data into table CleaningSupply
--
INSERT INTO CleaningSupply(InventoryID, Name, Description, CurrentInventory, SafetyStockLevel) VALUES
(36, 'Edmonds2029', '', -2121765141, -1152206898),
(49, 'Kruger3', '', -880097896, 69),
(27, 'Tanja943', '', -460715356, 8),
(47, 'Luisa1960', '', -1934848011, -189),
(11, 'Hank939', '', -202577005, 0),
(20, 'Scarlet484', '', -1656423974, -43693409),
(45, 'Marya1956', '', -648441972, -43612769),
(42, 'Arminda2013', '', -1497063034, -253056049),
(37, 'Maxwell1966', '', -53, -1186503570),
(48, 'Lonna2001', '', -29, -1099027689),
(50, 'Claude654', '', -1187139894, -41165870),
(43, 'Ariane2008', '', -483957992, -5034261),
(38, 'Chau1982', '', -42747648, -1896361655),
(15, 'Sidney1970', '', 5, -668870769),
(46, 'Lyndon763', '', -1537237649, -526509683),
(21, 'Grimm2024', '', -1987853156, -76),
(6, 'Riley4', '', -5, -1181469310),
(16, 'Curtis2009', '', -7517, 23),
(33, 'Kyle972', '', -54044699, -64006912),
(28, 'Abigail891', '', -1501991829, -851309381),
(44, 'Abraham469', '', -21961294, -1837413052),
(1, 'Rafael2005', '', -1095589246, 4),
(7, 'Laurence5', '', -647106053, 1),
(23, 'Barton1965', '', -454817415, -1511615856),
(29, 'Shelia2006', '', -880038450, -1017700704),
(22, 'Camilla2000', '', -741, -1733332493),
(24, 'Tobias2016', '', -1105939101, -8),
(39, 'Kimberly516', '', -854885777, 18),
(2, 'Emmanuel1977', '', 32, -5),
(17, 'Randell2014', '', -1822584775, -92868201),
(12, 'Mcinnis665', '', -551412799, -2007552699),
(30, 'Bernard1951', '', -1920939769, -402327845),
(18, 'Herb9', '', -1119333885, -5),
(25, 'Adam941', '', -5, -854497783),
(13, 'Katheleen188', '', -585, 5342),
(34, 'Southern2017', '', -945, -8),
(19, 'Vannesa637', '', -615162102, -387252890),
(40, 'Hermelinda13', '', -2130894774, 62),
(14, 'Beaulieu6', '', -681187666, -1760965754),
(35, 'Abbott719', '', -605601880, 978),
(31, 'Allman638', '', -746, -1584135024),
(41, 'Malley2000', '', -51034081, -754329531),
(8, 'Shanon12', '', -128941461, -5),
(26, 'Rufus2005', '', -1614391625, -215215921),
(3, 'Ackerman183', '', -9560223, -128493620),
(9, 'Jeffrey2020', '', -1799135639, -1465693607),
(32, 'Tandra2002', '', -1694131510, -30),
(4, 'Blalock2009', '', 432, -1109604616),
(10, 'Whitten656', '', -1098465597, -889235045),
(5, 'Bernie2013', '', -41473859, -1112741674);

--
-- Inserting data into table CustomerUseInventory
--
INSERT INTO CustomerUseInventory(CustomerTransactionID, InventoryID) VALUES
(13, 18),
(24, 1),
(50, 46),
(30, 11),
(19, 37),
(42, 6),
(49, 20),
(37, 20),
(9, 22),
(43, 32),
(38, 10),
(14, 16),
(25, 6),
(4, 35),
(44, 17),
(10, 13),
(20, 43),
(5, 8),
(39, 28),
(34, 34),
(31, 26),
(11, 45),
(6, 15),
(1, 45),
(26, 10),
(47, 44),
(15, 6),
(32, 34),
(40, 28),
(45, 25),
(48, 20),
(7, 11),
(21, 8),
(2, 8),
(35, 26),
(27, 28),
(16, 5),
(22, 20),
(8, 18),
(17, 6),
(46, 4),
(41, 26),
(36, 42),
(33, 33),
(3, 7),
(12, 18),
(18, 5),
(28, 34),
(23, 12),
(29, 49);

--
-- Inserting data into table EmployeeShift
--
INSERT INTO EmployeeShift(EmployeeID, ScheduleID) VALUES
(47, 47),
(9, 9),
(18, 18),
(4, 4),
(28, 28),
(50, 50),
(45, 45),
(48, 48),
(46, 46),
(23, 23),
(13, 13),
(19, 19),
(42, 42),
(14, 14),
(20, 20),
(49, 49),
(15, 15),
(37, 37),
(43, 43),
(21, 21),
(29, 29),
(38, 38),
(10, 10),
(16, 16),
(5, 5),
(11, 11),
(24, 24),
(30, 30),
(25, 25),
(22, 22),
(44, 44),
(6, 6),
(31, 31),
(39, 39),
(26, 26),
(32, 32),
(17, 17),
(12, 12),
(1, 1),
(34, 34),
(40, 40),
(27, 27),
(33, 33),
(7, 7),
(35, 35),
(41, 41),
(36, 36),
(2, 2),
(8, 8),
(3, 3);

--
-- Inserting data into table Equipment
--
INSERT INTO Equipment(InventoryID, BrandName, Description, PurchaseDate, PurchasePrice, Type, HoursUsed, EquipmentMaintenanceScheduleID) VALUES
(47, 'Peggy2017', 'Ut aut consectetur officia.', '1970-02-24', 509.78, '7', 5412.7, 5),
(9, 'Hosea2018', 'Quis omnis ut sed eligendi.', '1987-06-10', 411.98, '9', -996783354.6, 46),
(18, 'Sandy1974', 'Similique voluptatem magni et.', '2000-08-17', 904.89, '4D', -984758930.7, 15),
(4, 'Chasity1995', 'Molestiae in illum tempora.', '2014-12-25', 467.73, 'B97NC', 944273241.9, 10),
(28, 'Pridgen613', 'Magnam placeat dolores omnis.', '2016-07-10', 389.31, 'S5PN', -93540591.8, 10),
(50, 'Mirna174', 'Iste aut officiis suscipit;', '1987-09-23', 725.34, '5G97WN', -913295493.9, 19),
(45, 'Daryl484', 'Nisi dicta. Quia tenetur.', '2011-01-25', 421.46, '6M4IZKA09WI', -990026850.5, 24),
(48, 'Adolph92', 'Omnis asperiores vero. Quis.', '1970-01-08', 366.86, '0O', 74, 34),
(46, 'Jacelyn897', 'Sunt ut quaerat voluptas.', '2000-07-02', 589.08, 'ZX', 315230491.7, 12),
(23, 'Rebbeca1', 'Qui tempora. Quis aut.', '2013-09-29', 833.46, '2839C', 244240885.9, 47),
(13, 'Washburn588', 'Vero ratione ut adipisci.', '1980-04-07', 531.62, 'TCWVA48Y', -762807208.2, 50),
(19, 'Yajaira1993', 'Alias magnam; sint ducimus.', '1993-03-19', 580.78, 'E8KKA0', -609560031.4, 21),
(42, 'Jan6', 'Sed perspiciatis. Facere illo.', '2015-10-25', 514.44, 'J', -687034246.5, 10),
(14, 'Castellanos757', 'Magni non. Non corrupti.', '1981-04-23', 135.39, '4', -761030480.2, 11),
(20, 'Arturo222', 'Molestias doloremque rerum.', '1971-06-23', 302.88, '8', -53.4, 6),
(49, 'Landry2027', 'Veritatis suscipit. Fugiat?', '1970-01-02', 351.54, 'X8Z8J2', 1.7, 16),
(15, 'Abney1975', 'Magni error molestias sed.', '1986-08-11', 361.7, 'FPM06TNPC', -319606080.8, 18),
(37, 'Bobby37', 'Quod veniam placeat.', '1999-07-31', 892.91, 'FMLA9U94XXY1UK69FX', -216817626.5, 12),
(43, 'Andrews44', 'Unde rem est dolores.', '1970-12-28', 197.41, '55', -36.7, 5),
(21, 'Shrader2007', 'Sit consequatur. Velit ut.', '1975-08-10', 147.99, '14Q7QIT9T9UBH', -885929756.9, 24),
(29, 'Burkholder42', 'Molestias excepturi.', '1972-01-09', 388.01, '2Y6JDQSM8', 159814610.4, 13),
(38, 'Abbott343', 'Totam ipsum...', '2020-04-08', 536.01, 'D4W4Q87J82', -376264203.9, 32),
(10, 'Teodoro2016', 'Facere aut labore et autem.', '1970-01-10', 814.93, '6F0O24YU', 9, 20),
(16, 'Dominga1990', 'Facere ad aut tenetur.', '1976-08-21', 648.31, '5', -242, 5),
(5, 'Bart2005', 'Natus debitis ad sed;', '1979-05-31', 415.19, 'TZ', -724246067.7, 2),
(11, 'Boudreaux16', 'Incidunt iste earum iure.', '1972-04-27', 427.03, '451XPK814R04IOG0', -998304981.5, 34),
(24, 'Abdul2021', 'Omnis est eaque.', '2004-09-27', 370.2, 'FO', -554999955.2, 50),
(30, 'Esquivel194', 'Iure deleniti. Iste omnis!', '1994-12-27', 362.03, 'P0', -726192651.6, 14),
(25, 'Rouse263', 'Ipsa id sed atque.', '2020-06-12', 967.01, 'PT18', 164142994.9, 38),
(22, 'Ashton498', 'Ab sed. Et aliquam.', '2015-09-13', 151.23, '3H1KQ0', -802132006.2, 50),
(44, 'Shella2013', 'Non et. Quam totam?', '1970-01-24', 544.44, '6', 2391.8, 15),
(6, 'Stack1959', 'Repellendus deserunt.', '1970-04-04', 804.32, '0', 932.9, 16),
(31, 'Susanna268', 'Nobis ut libero voluptatem et.', '1970-01-04', 828.58, 'P85', 36.2, 50),
(39, 'Lynn1983', 'Nisi totam. Aspernatur iure.', '1971-10-31', 492.26, 'O7', -66, 41),
(26, 'Abdul2016', 'Sequi natus odio non.', '1997-04-11', 177.06, '8H69ADVS5B43M0Z93', -9962.5, 26),
(32, 'Norberto2003', 'Aut est. Temporibus!', '1970-09-19', 343.28, 'A2GL6P', -26.8, 41),
(17, 'Ethelene2018', 'Natus eum eos minima incidunt.', '1979-12-28', 666.56, '88W', 692998440.7, 16),
(12, 'Coleman2020', 'Dolor repellendus ipsum.', '1970-01-02', 678.71, '0LJU397J4T', 1.6, 14),
(1, 'Jerrod212', 'Assumenda neque. Culpa.', '1980-04-24', 175.52, 'RF', -3766.6, 28),
(34, 'Karl2023', 'Laborum amet odio adipisci...', '1991-10-28', 180, 'D9Z54UW1', -760696483.5, 33),
(40, 'Burl745', 'Sunt perspiciatis aut nihil.', '2008-10-25', 319.05, '6C80Y954C53OB1JVN66UP', -33726800.7, 29),
(27, 'Adela1963', 'Itaque non tenetur dolore.', '1974-09-13', 675.24, 'B4H', -15155456.1, 39),
(33, 'Lorenzo177', 'Aut qui. Fuga unde.', '2010-11-11', 446.82, '3T', 834177855.3, 34),
(7, 'Aguilar2016', 'Inventore qui; voluptatum.', '1971-04-11', 948.32, 'PD702Z3PIWM', -840876169.9, 11),
(35, 'Lane1983', 'Facere eum vero optio.', '2008-06-07', 864.29, 'V', -307374570.4, 18),
(41, 'Virgilio726', 'Veniam ipsum temporibus.', '1974-11-19', 298.84, '7', 204399360.4, 39),
(36, 'Millard233', 'Maiores illo dolor corporis.', '1977-08-08', 873.28, '6D42DKV8K', -277.3, 16),
(2, 'Lita68', 'Animi ex; et harum.', '1970-01-03', 852.17, 'H1', 2.4, 10),
(8, 'Markley514', 'Possimus dolorum et sit culpa.', '2019-02-19', 557.97, 'W', 764990223.9, 10),
(3, 'Mercedez2000', 'Animi unde. Qui architecto.', '2017-12-11', 875.41, 'XV26B09K94HM', 182825816.7, 26);

--
-- Inserting data into table Expense
--
INSERT INTO Expense(ExpenseID, ExpenseType, Amount, Date) VALUES
(50, 3, 54.92, '1970-01-01'),
(19, -2090539160, 38.68, '2002-02-02'),
(41, -1298511159, 63.69, '1990-05-21'),
(36, -730023638, 91.57, '2017-10-16'),
(33, -598152306, 76.2, '2020-08-17'),
(28, -497829609, 56.64, '1993-01-17'),
(6, -1272245938, 63.78, '2016-05-20'),
(47, 56, 23.82, '1970-01-06'),
(1, 84, 64.9, '1970-01-09'),
(42, -1979878984, 92.24, '1970-03-22'),
(37, 627, 16.92, '1970-03-04'),
(7, -353753083, 38.98, '1973-10-24'),
(23, -1171149210, 5.08, '2015-01-01'),
(2, -281018203, 31.2, '1980-05-25'),
(29, -1162466197, 10.84, '2014-08-05'),
(14, 1055, 92.38, '1970-01-11'),
(43, -1120074977, 48.94, '1993-07-12'),
(8, -410296410, 9.9, '1978-02-26'),
(45, -2030953029, 42.97, '2000-04-23'),
(48, 4209, 30.8, '1970-02-12'),
(38, -1578238276, 47.49, '2005-03-27'),
(24, -708, 42.44, '1989-05-27'),
(20, -710298885, 90.81, '1992-12-08'),
(3, -616330979, 59.27, '1982-12-16'),
(15, -1433476561, 52.44, '2008-10-11'),
(44, -143147290, 27.61, '1996-12-11'),
(46, -1721783868, 35.68, '2005-07-31'),
(21, -1277290054, 94.8, '1982-01-28'),
(16, -1335645343, 28.64, '2019-12-01'),
(49, -567437996, 3.8, '1999-01-09'),
(22, -71, 75.24, '1971-12-12'),
(39, -1042030759, 24.04, '1995-08-21'),
(9, -9438, 8.77, '1995-11-04'),
(4, -2016898460, 7.99, '1990-03-11'),
(10, -1254014531, 2.23, '2001-05-31'),
(34, -152321114, 8.84, '1984-05-31'),
(30, 8, 54.68, '1970-01-09'),
(17, -71, 48.34, '1971-12-21'),
(5, -452053907, 75.1, '2003-08-28'),
(12, 0, 27.49, '1970-01-02'),
(40, -832494209, 41.48, '2018-12-09'),
(11, 41, 84.37, '1970-01-05'),
(18, 5620, 27.14, '1970-02-26'),
(35, -595678845, 40.95, '2000-06-26'),
(25, -9566, 36.09, '1996-03-11'),
(13, -749449243, 9.73, '2007-05-31'),
(31, -983397227, 39.39, '1985-03-16'),
(26, -710679814, 43.67, '2007-05-15'),
(32, -64725403, 98.62, '2019-07-16'),
(27, -421783679, 70.26, '1976-10-15');

--
-- Inserting data into table PaymentInfo
--
INSERT INTO PaymentInfo(CustomerID, CardNumber) VALUES
(47, '6387452802225071'),
(9, '5447756623097513'),
(18, '6393026174265873'),
(4, '3532286452704303'),
(28, '6215130628246616'),
(50, '30506565173085'),
(45, '6289373588824953'),
(48, '3540753790508282'),
(46, '6228803968189746'),
(23, '6221380461506939'),
(13, '5222452308610967'),
(19, '4844596822376249'),
(42, '347589090611835'),
(14, '3558204192668869'),
(20, '6383211059561891'),
(49, '4026021592547218'),
(15, '3541387623283356'),
(37, '4913927181423890'),
(43, '3566470113076694'),
(21, '6227694543428878'),
(29, '373529142392965'),
(38, '5138654055253403'),
(10, '6269428529804235'),
(16, '370933360487197'),
(5, '30399736746330'),
(11, '5219146165834513'),
(24, '3534495418440120'),
(30, '4175002158545126'),
(25, '5405888409422472'),
(22, '4026913787967468'),
(44, '374518322939363'),
(6, '4913200438323523'),
(31, '5191889635951134'),
(39, '30126842057868'),
(26, '3589320067799549'),
(32, '5386386805392053'),
(17, '3545803477787553'),
(12, '5231065506885733'),
(1, '3528470714386010'),
(34, '3577655991859420'),
(40, '30201426164685'),
(27, '6221625438345773'),
(33, '6219049110787406'),
(7, '6205846889528713'),
(35, '6223207466049854'),
(41, '39748040445412'),
(36, '6209347912854479'),
(2, '4405666734054233'),
(8, '5367675608297110'),
(3, '6399803525243666');

--
-- Inserting data into table SupplierProduct
--
INSERT INTO SupplierProduct(SupplierProductID, Name, Description, Price, SupplierID) VALUES
(48, 'Antaer', 'Cupiditate voluptatem vel;', 492, 1),
(46, 'Subjector', 'Ut enim labore doloremque.', 889.75, 2),
(49, 'Cabculgalet', 'Amet perspiciatis dolore...', 805.16, 3),
(43, 'Tabcessridge', 'Illum natus; veniam ex.', 556.33, 4),
(15, 'Speakholder', 'Earum eius. Dolorem mollitia?', 768.71, 5),
(21, 'Micfindentor', 'Officia ad quaerat impedit.', 752.92, 6),
(16, 'Cleancessedglet', 'Voluptates voluptatem.', 924.12, 7),
(50, 'Recordexlet', 'Eaque ut aut perspiciatis.', 967.36, 8),
(9, 'Monomutiner', 'Porro eos. Explicabo magni.', 717.52, 9),
(38, 'Cleanholdeper', 'Qui et similique aut tempore.', 630.38, 10),
(44, 'Tecorder', 'Dolores molestias. Qui!', 901.49, 11),
(39, 'Readtinphone', 'Sed perspiciatis.', 640.94, 12),
(22, 'Armlictra', 'Illum vel. Ad maxime ut minus.', 177.61, 13),
(4, 'Charculedator', 'Qui molestiae voluptas nemo.', 398.84, 14),
(47, 'Tweetlictry', 'Nam vel enim corporis.', 287.41, 15),
(30, 'Speakcessletry', 'Optio accusamus et corporis.', 972.54, 16),
(45, 'Tabtaerscope', 'Tempora temporibus quisquam.', 794.93, 17),
(17, 'Comcordphone', 'Cupiditate consequatur libero.', 911.38, 18),
(10, 'Stereoholdollscope', 'Enim unde. Neque ipsa.', 549.69, 19),
(5, 'Transwoofedar', 'Ducimus quia velit.', 715.61, 20),
(12, 'Playceiver', 'Voluptas quis. Voluptatem quo.', 180.86, 21),
(25, 'Anlicticphone', 'Ut repellendus. In tempore.', 184.57, 22),
(11, 'Suplephone', 'Sapiente ut minima omnis et.', 515.44, 23),
(6, 'Readculra', 'Blanditiis non. Minima error.', 832.07, 24),
(31, 'Tabcyclanscope', 'Alias voluptates. Iure ea.', 113.35, 25),
(1, 'Cabwoofridge', 'Repellat omnis. Nobis libero?', 606.9, 26),
(34, 'Speakputefphone', 'Reiciendis qui. Eveniet est.', 400.55, 27),
(18, 'Printcorderar', 'Nihil non et. Est laborum.', 337.31, 28),
(7, 'Tabwoofepscope', 'Voluptate iure ut. Porro et.', 664.25, 29),
(40, 'Transholdentor', 'Quibusdam ea qui expedita.', 450.11, 30),
(26, 'Tweetpickedator', 'Praesentium repellat.', 130.66, 31),
(2, 'Amptinridge', 'Doloribus reprehenderit.', 844.44, 32),
(35, 'Armtopator', 'Quam laudantium quia iste.', 225.65, 33),
(41, 'Comcesser', 'Reprehenderit perspiciatis...', 106.87, 34),
(13, 'Suptinexor', 'Sit exercitationem. Facilis...', 117.42, 35),
(19, 'Comleinridge', 'Mollitia et. Et voluptatibus.', 527.5, 36),
(36, 'Playtaanscope', 'Provident ipsam. Consectetur.', 947.03, 37),
(8, 'Transholdewry', 'Rerum quia qui. Beatae.', 817.01, 38),
(42, 'Tabniommra', 'Expedita ullam aut sunt.', 600.94, 39),
(37, 'Printlifieper', 'Dolor repellat quis modi.', 635.11, 40),
(32, 'Tabculexscope', 'Qui in cupiditate cum.', 143.69, 41),
(27, 'Comlicton', 'Reprehenderit temporibus.', 812.47, 42),
(33, 'Anputer', 'Eius ut. Incidunt quos saepe.', 393.51, 43),
(3, 'Speakputedgphone', 'Consequatur doloribus ipsam.', 204.05, 44),
(14, 'Comfinder', 'Adipisci enim unde id.', 199.32, 45),
(28, 'Playculer', 'Deleniti porro. Aut quaerat.', 844.97, 46),
(23, 'Moncessefridge', 'Amet voluptates et aut.', 623.64, 47),
(20, 'Concessentor', 'Molestiae perferendis dolor.', 816.04, 48),
(29, 'Computgaentor', 'Sunt recusandae. Officia.', 124.15, 49),
(24, 'Tweetlictexry', 'Atque sint; omnis rem?', 939.29, 50);

--
-- Inserting data into table SupplierTransaction
--
INSERT INTO SupplierTransaction(TransactionID, SupplierID, InventoryID, TransactionDate, QuantityPurchased, AmountDue, DueDate, DelivaryDate) VALUES
(1, 3, 12, '1970-01-01 02:09:19', 23, 59.3, '1991-03-30', '1989-05-14 21:57:25'),
(2, 18, 25, '2005-09-17 08:53:53', 36, 2.23, '2013-04-11', '2018-09-25 16:53:14'),
(3, 1, 20, '1971-01-14 22:09:37', 85, 94.28, '1992-05-28', '1980-01-04 11:54:32'),
(4, 40, 15, '1985-05-30 17:04:04', 2, 58.41, '2018-03-27', '1970-01-01 00:00:59'),
(5, 41, 31, '1977-07-27 23:47:12', 19, 39.43, '1999-09-29', '2008-11-15 16:13:51'),
(6, 34, 40, '1970-01-01 00:01:40', 8, 62.88, '1970-04-10', '1988-07-24 20:56:43'),
(7, 43, 10, '2002-06-09 14:16:24', 68, 57.91, '1970-12-21', '2005-08-24 16:00:49'),
(8, 15, 20, '1970-01-01 00:00:05', 62, 32.39, '1970-01-05', '1994-04-09 16:48:57'),
(9, 23, 22, '1973-02-08 23:50:35', 68, 67.14, '1984-03-11', NULL),
(10, 27, 37, '2016-12-08 15:22:11', 46, 49.4, '2006-01-15', '1977-01-14 00:24:38'),
(11, 3, 24, '1970-01-01 00:01:55', 27, 85.33, '1970-04-25', '1999-12-10 14:19:57'),
(12, 28, 43, '1970-01-01 00:01:19', 45, 18.14, '1970-03-20', '2013-05-29 15:52:41'),
(13, 36, 17, '2000-04-15 22:38:17', 76, 2.26, '2014-09-05', '1977-01-27 02:57:06'),
(14, 50, 38, '1970-01-01 00:10:57', 87, 40.79, '1971-10-19', '1987-12-03 16:23:06'),
(15, 14, 49, '1980-10-08 06:02:43', 61, 7.26, '2017-08-19', '1970-01-01 00:00:41'),
(16, 24, 28, '1970-01-01 00:00:04', 5, 33.46, '1970-01-04', '1970-01-01 00:00:08'),
(17, 31, 15, '1990-03-16 06:26:30', 15, 63.27, '1978-11-13', '1983-01-09 18:40:39'),
(18, 36, 14, '1995-02-15 09:53:17', 4, 57.02, '1985-05-01', '1970-01-01 00:26:02'),
(19, 35, 30, '1970-01-01 00:00:05', 9, 19.11, '1970-01-05', '1970-01-01 00:00:01'),
(20, 10, 13, '2018-01-25 08:10:24', 5, 43.9, '2020-06-25', '2012-09-08 20:09:13'),
(21, 32, 26, '1980-07-25 04:13:18', 77, 70.24, '1999-08-10', '2013-05-31 23:26:57'),
(22, 5, 19, '2015-12-06 03:45:01', 93, 69.18, '1998-07-09', NULL),
(23, 2, 12, '1975-11-17 13:53:07', 75, 39.92, '1993-09-30', '2006-08-20 06:52:49'),
(24, 3, 2, '2001-02-12 10:50:36', 13, 59.27, '2020-05-02', '2016-02-22 10:14:31'),
(25, 23, 3, '2000-07-21 03:19:39', 73, 31.33, '1983-08-18', '2005-02-11 05:42:10'),
(26, 2, 46, '1989-12-03 15:20:21', 82, 88.48, '2009-10-10', NULL),
(27, 33, 22, '1970-01-01 00:00:08', 31, 1.77, '1970-01-08', '1994-04-01 22:43:40'),
(28, 11, 10, '1970-01-01 00:01:39', 44, 2.28, '1970-04-09', '1985-11-22 02:19:46'),
(29, 39, 20, '1970-01-01 00:00:09', 92, 57.73, '1970-01-09', NULL),
(30, 21, 38, '2000-04-20 02:12:33', 44, 22.27, '1999-11-18', '1984-02-13 23:31:32'),
(31, 45, 31, '1996-12-05 18:20:21', 45, 58.74, '1980-10-22', '2008-05-08 08:38:31'),
(32, 12, 38, '1979-10-06 03:01:11', 55, 86.03, '2003-01-13', '2002-05-04 09:59:27'),
(33, 17, 12, '1970-01-01 00:15:35', 54, 9.17, '1972-07-23', '1988-09-25 01:46:47'),
(34, 30, 28, '1970-01-01 00:00:21', 62, 76.76, '1970-01-21', '2007-04-25 08:17:56'),
(35, 25, 29, '1983-11-07 14:12:39', 27, 49.92, '2020-06-11', '1990-04-12 19:12:32'),
(36, 7, 29, '1981-06-06 11:39:59', 1, 96.09, '2016-06-22', NULL),
(37, 37, 18, '1970-01-01 00:00:02', 83, 47.15, '1970-01-02', '2011-09-20 20:54:41'),
(38, 23, 10, '2011-07-13 10:10:52', 49, 67.14, '1999-02-18', NULL),
(39, 29, 42, '1970-01-01 00:00:02', 62, 56.5, '1970-01-02', '1970-01-01 00:00:03'),
(40, 49, 9, '1991-01-27 16:07:11', 55, 27.69, '1983-08-13', '1998-08-07 00:42:29'),
(41, 13, 48, '2001-07-11 03:09:22', 20, 18.4, '1974-10-11', '2004-04-01 03:18:19'),
(42, 37, 5, '2016-11-30 23:42:42', 1, 2.45, '2000-01-20', NULL),
(43, 14, 40, '2017-12-23 14:29:32', 73, 63.04, '1998-11-13', '1970-01-01 00:00:08'),
(44, 46, 29, '2010-12-15 02:34:09', 32, 1.34, '2014-11-29', NULL),
(45, 35, 31, '1970-01-01 00:00:02', 45, 95.93, '1970-01-02', NULL),
(46, 4, 12, '1982-02-24 13:08:13', 50, 74.74, '1998-06-13', '1978-10-20 21:01:45'),
(47, 8, 38, '1978-07-17 10:56:46', 86, 18.92, '1978-06-08', '2005-08-20 01:22:59'),
(48, 9, 34, '2010-01-17 01:21:14', 35, 57.94, '2003-01-03', '1970-01-01 00:01:12'),
(49, 7, 4, '1981-08-13 09:50:56', 1, 60.85, '2008-11-03', '2013-09-05 03:02:16'),
(50, 41, 43, '2004-08-25 16:06:10', 56, 23.67, '1974-07-27', '1977-11-21 07:44:50');